Name,Start,End,Size
FUN_00100000,0x00100000,0x001000AC,172
FUN_001000b0,0x001000B0,0x001003DC,812
FUN_001003e0,0x001003E0,0x001006CC,748
FUN_001006d0,0x001006D0,0x001009F0,800
FUN_001009f0,0x001009F0,0x001009F8,8
FUN_001009f8,0x001009F8,0x00100AD0,216
FUN_00100ad0,0x00100AD0,0x00100B08,56
FUN_00100b08,0x00100B08,0x00100C20,280
FUN_00100c20,0x00100C20,0x00100CA0,128
FUN_00100ca0,0x00100CA0,0x00100CF4,84
FUN_00100cf8,0x00100CF8,0x00100D18,32
FUN_00100d18,0x00100D18,0x00100D74,92
FUN_00100d78,0x00100D78,0x00100F40,392
FUN_00100f40,0x00100F40,0x0010115C,540
FUN_00101160,0x00101160,0x001015C0,1120
FUN_001015c0,0x001015C0,0x001015F4,52
FUN_001015f8,0x001015F8,0x001016DC,228
FUN_001016e0,0x001016E0,0x00101738,88
FUN_00101738,0x00101738,0x00101794,92
FUN_00101798,0x00101798,0x00101800,104
FUN_00101858,0x00101858,0x001018D8,128
FUN_001018d8,0x001018D8,0x00101994,188
FUN_00101998,0x00101998,0x00101A30,152
FUN_00101a30,0x00101A30,0x00101A98,104
FUN_00101a98,0x00101A98,0x00101B2C,148
FUN_00101b30,0x00101B30,0x00101B78,72
FUN_00101b78,0x00101B78,0x00101C74,252
FUN_00101c78,0x00101C78,0x00101D80,264
FUN_00101d80,0x00101D80,0x00101E98,280
FUN_00101e98,0x00101E98,0x00101EE0,72
FUN_00101ee0,0x00101EE0,0x00102038,344
FUN_00102088,0x00102088,0x00102128,160
FUN_00102128,0x00102128,0x001021F0,200
FUN_001021f0,0x001021F0,0x00102260,112
FUN_00102260,0x00102260,0x001022CC,108
FUN_001022d0,0x001022D0,0x001023FC,300
FUN_00102400,0x00102400,0x001024DC,220
FUN_001024e0,0x001024E0,0x00102520,64
FUN_00102520,0x00102520,0x001025A0,128
FUN_001025a0,0x001025A0,0x001025DC,60
FUN_001025e0,0x001025E0,0x00102650,112
FUN_00102650,0x00102650,0x00102720,208
FUN_00102720,0x00102720,0x0010286C,332
FUN_00102870,0x00102870,0x001028C8,88
FUN_001028c8,0x001028C8,0x00102928,96
FUN_00102928,0x00102928,0x00102940,24
FUN_00102940,0x00102940,0x00102998,88
FUN_00102998,0x00102998,0x00102BCC,564
FUN_00102bd0,0x00102BD0,0x00102D24,340
FUN_00102d28,0x00102D28,0x00102EA8,384
FUN_00102ea8,0x00102EA8,0x00103288,992
FUN_00103288,0x00103288,0x001032C4,60
FUN_001032c8,0x001032C8,0x001033D4,268
FUN_001033d8,0x001033D8,0x001034C4,236
FUN_001034c8,0x001034C8,0x0010352C,100
FUN_00103530,0x00103530,0x00103550,32
FUN_00103550,0x00103550,0x001036DC,396
FUN_001036e0,0x001036E0,0x001038E8,520
FUN_001038e8,0x001038E8,0x00103A88,416
FUN_00103a88,0x00103A88,0x00103D50,712
FUN_00103d50,0x00103D50,0x00103DC0,112
FUN_00103dc0,0x00103DC0,0x00103E40,128
FUN_00103e40,0x00103E40,0x00103EE0,160
FUN_00103ee0,0x00103EE0,0x00103FB0,208
FUN_00103fd0,0x00103FD0,0x00104100,304
FUN_00104100,0x00104100,0x00104184,132
FUN_00104188,0x00104188,0x001041B0,40
FUN_001041b0,0x001041B0,0x00104250,160
FUN_00104250,0x00104250,0x00104260,16
FUN_001042a0,0x001042A0,0x00104300,96
FUN_00104300,0x00104300,0x00104328,40
FUN_00104328,0x00104328,0x00104488,352
FUN_00104488,0x00104488,0x0010449C,20
FUN_001044a0,0x001044A0,0x0010450C,108
FUN_00104510,0x00104510,0x00104574,100
FUN_00104578,0x00104578,0x001045C4,76
FUN_001045c8,0x001045C8,0x001046CC,260
FUN_001046d0,0x001046D0,0x001047CC,252
FUN_001047d0,0x001047D0,0x00104934,356
FUN_00104938,0x00104938,0x00104A24,236
FUN_00104a28,0x00104A28,0x00104A9C,116
FUN_00104aa0,0x00104AA0,0x00104B08,104
FUN_00104b08,0x00104B08,0x00104BDC,212
FUN_00104c00,0x00104C00,0x00104C7C,124
FUN_00104c80,0x00104C80,0x00104CA8,40
FUN_00104ca8,0x00104CA8,0x00104DE8,320
FUN_00104e08,0x00104E08,0x00105048,576
FUN_00105048,0x00105048,0x00105088,64
FUN_00105088,0x00105088,0x001050E4,92
FUN_001050e8,0x001050E8,0x00105144,92
FUN_00105148,0x00105148,0x0010518C,68
FUN_00105190,0x00105190,0x001051B8,40
FUN_001051b8,0x001051B8,0x001055FC,804
FUN_00105600,0x00105600,0x001058B4,692
FUN_001058b8,0x001058B8,0x00105A28,368
FUN_00105a28,0x00105A28,0x00105BCC,420
FUN_00105bd0,0x00105BD0,0x00106260,1680
FUN_00106260,0x00106260,0x001064A0,576
FUN_001064a0,0x001064A0,0x00106840,928
FUN_00106840,0x00106840,0x001068A8,104
FUN_001068a8,0x001068A8,0x001068FC,84
FUN_00106900,0x00106900,0x001069E0,224
FUN_001069e0,0x001069E0,0x00106A58,120
FUN_00106a58,0x00106A58,0x00106B18,192
FUN_00106b18,0x00106B18,0x00106B80,104
FUN_00106b80,0x00106B80,0x00106C18,152
FUN_00106c18,0x00106C18,0x00106C84,108
FUN_00106c88,0x00106C88,0x00106CF4,108
FUN_00106cf8,0x00106CF8,0x00106D9C,164
FUN_00106da0,0x00106DA0,0x00106E0C,108
FUN_00106e10,0x00106E10,0x00106E7C,108
FUN_00106e80,0x00106E80,0x00106EB4,52
FUN_00106eb8,0x00106EB8,0x00106F44,140
FUN_00106f48,0x00106F48,0x001070AC,356
FUN_001070d8,0x001070D8,0x001071A0,200
FUN_001071a0,0x001071A0,0x001071F8,88
FUN_001071f8,0x001071F8,0x00107254,92
FUN_00107258,0x00107258,0x00107344,208
FUN_00107360,0x00107360,0x00107390,48
FUN_00107390,0x00107390,0x001073CC,60
FUN_00107400,0x00107400,0x001074C4,196
FUN_001074c8,0x001074C8,0x001075B4,208
FUN_001075d0,0x001075D0,0x00107650,128
FUN_00107680,0x00107680,0x00107734,180
FUN_00107738,0x00107738,0x00107824,208
FUN_00107828,0x00107828,0x00107948,288
FUN_00107960,0x00107960,0x001079D0,112
FUN_00107a00,0x00107A00,0x00107ADC,220
FUN_00107ae0,0x00107AE0,0x00107BD0,212
FUN_00107bd0,0x00107BD0,0x00107CEC,284
FUN_00107cf0,0x00107CF0,0x001080AC,956
FUN_001080c8,0x001080C8,0x0010820C,324
FUN_00108210,0x00108210,0x001082EC,220
FUN_001082f0,0x001082F0,0x00108490,416
FUN_00108490,0x00108490,0x001084D8,72
FUN_001084d8,0x001084D8,0x001085D0,248
FUN_001085d0,0x001085D0,0x001086FC,272
FUN_00108728,0x00108728,0x00108838,272
FUN_00108838,0x00108838,0x00108920,232
FUN_00108920,0x00108920,0x0010899C,124
FUN_001089a0,0x001089A0,0x00108AC8,296
FUN_00108ac8,0x00108AC8,0x00108B50,136
FUN_00108b50,0x00108B50,0x00108B78,40
FUN_00108b78,0x00108B78,0x00108BA4,44
FUN_00108ba8,0x00108BA8,0x00108BB8,16
FUN_00108bb8,0x00108BB8,0x00108CCC,248
FUN_00108ce8,0x00108CE8,0x00108D18,48
FUN_00108d90,0x00108D90,0x00108E9C,268
FUN_00108ea0,0x00108EA0,0x00108FD4,308
FUN_00108fd8,0x00108FD8,0x001090C8,212
FUN_001090e0,0x001090E0,0x00109160,128
FUN_00109160,0x00109160,0x0010919C,60
FUN_001091a0,0x001091A0,0x001092A8,264
FUN_001092a8,0x001092A8,0x00109360,184
FUN_00109378,0x00109378,0x00109400,136
FUN_00109400,0x00109400,0x00109454,84
FUN_00109460,0x00109460,0x00109550,212
FUN_00109568,0x00109568,0x00109598,48
FUN_001095f0,0x001095F0,0x001096DC,208
FUN_001096f8,0x001096F8,0x00109754,92
FUN_001097b0,0x001097B0,0x00109938,388
FUN_00109938,0x00109938,0x00109C88,844
FUN_00109c88,0x00109C88,0x0010A9E0,3416
FUN_0010a9e0,0x0010A9E0,0x0010AAFC,284
FUN_0010ab00,0x0010AB00,0x0010AB90,144
FUN_0010ab90,0x0010AB90,0x0010AC2C,156
FUN_0010ac60,0x0010AC60,0x0010AC88,40
FUN_0010ac88,0x0010AC88,0x0010ACB0,40
FUN_0010acb0,0x0010ACB0,0x0010AD00,80
FUN_0010ad00,0x0010AD00,0x0010AD54,84
FUN_0010ad58,0x0010AD58,0x0010AD80,40
FUN_0010ad80,0x0010AD80,0x0010ADA8,40
FUN_0010ada8,0x0010ADA8,0x0010B35C,1460
FUN_0010b360,0x0010B360,0x0010B7C0,1120
FUN_0010b7c0,0x0010B7C0,0x0010BC68,1192
FUN_0010bc68,0x0010BC68,0x0010C534,2248
FUN_0010c538,0x0010C538,0x0010CAF8,1472
FUN_0010caf8,0x0010CAF8,0x0010CBBC,196
FUN_0010cbc0,0x0010CBC0,0x0010D190,1488
FUN_0010d190,0x0010D190,0x0010D2AC,284
FUN_0010d2b0,0x0010D2B0,0x0010D7DC,1324
FUN_0010d7e0,0x0010D7E0,0x0010D910,304
FUN_0010d910,0x0010D910,0x0010DA38,296
FUN_0010da38,0x0010DA38,0x0010DAE4,172
FUN_0010daf0,0x0010DAF0,0x0010DB74,132
FUN_0010db78,0x0010DB78,0x0010DB90,24
FUN_0010db90,0x0010DB90,0x0010DBA0,16
FUN_0010dba0,0x0010DBA0,0x0010DBE8,72
FUN_0010dc08,0x0010DC08,0x0010DD28,288
FUN_0010dd28,0x0010DD28,0x0010DDB8,144
FUN_0010dde8,0x0010DDE8,0x0010DE10,40
FUN_0010de10,0x0010DE10,0x0010DE38,40
FUN_0010de38,0x0010DE38,0x0010DFB8,384
FUN_0010dfb8,0x0010DFB8,0x0010E2D8,800
FUN_0010e2d8,0x0010E2D8,0x0010E32C,84
FUN_0010e338,0x0010E338,0x0010E360,40
FUN_0010e360,0x0010E360,0x0010E388,40
FUN_0010e388,0x0010E388,0x0010E3DC,84
FUN_0010e3e0,0x0010E3E0,0x0010E434,84
FUN_0010e438,0x0010E438,0x0010E460,40
FUN_0010e460,0x0010E460,0x0010E488,40
FUN_0010e488,0x0010E488,0x0010E734,684
FUN_0010e738,0x0010E738,0x0010ED60,1576
FUN_0010ed60,0x0010ED60,0x0010EE9C,316
FUN_0010eea0,0x0010EEA0,0x0010F38C,1256
FUN_0010f390,0x0010F390,0x0010F448,184
FUN_0010f448,0x0010F448,0x0010F7CC,900
FUN_0010f7d0,0x0010F7D0,0x0010F824,84
FUN_0010f828,0x0010F828,0x0010F88C,100
FUN_0010f890,0x0010F890,0x0010F8B8,40
FUN_0010f8b8,0x0010F8B8,0x0010F8E0,40
FUN_0010f8e0,0x0010F8E0,0x0010FAC4,484
FUN_0010fac8,0x0010FAC8,0x0010FB8C,196
FUN_0010fbd8,0x0010FBD8,0x0010FCCC,244
FUN_0010fcd0,0x0010FCD0,0x0010FE34,356
FUN_0010fe38,0x0010FE38,0x0010FEE0,168
FUN_0010fee0,0x0010FEE0,0x001100E4,516
FUN_001100e8,0x001100E8,0x001102B4,460
FUN_001102b8,0x001102B8,0x001104B4,508
FUN_001104b8,0x001104B8,0x00110C1C,1892
FUN_00110c20,0x00110C20,0x00110D40,288
FUN_00110d40,0x00110D40,0x00111358,1560
FUN_00111358,0x00111358,0x0011146C,276
FUN_00111470,0x00111470,0x001116A0,560
FUN_001116a0,0x001116A0,0x0011170C,108
FUN_00111710,0x00111710,0x00111738,40
FUN_00111738,0x00111738,0x00111760,40
FUN_00111760,0x00111760,0x001118B8,344
FUN_001118b8,0x001118B8,0x00111980,200
FUN_00111980,0x00111980,0x00111A10,144
FUN_00111a30,0x00111A30,0x00111B3C,268
FUN_00111b40,0x00111B40,0x00111BA8,104
FUN_00111ba8,0x00111BA8,0x00111BD0,40
FUN_00111bd0,0x00111BD0,0x00111BF8,40
FUN_00111bf8,0x00111BF8,0x00112270,1656
FUN_00112270,0x00112270,0x00112958,1768
FUN_00112958,0x00112958,0x00112DF8,1184
FUN_00112df8,0x00112DF8,0x00112FB0,440
FUN_00112fb0,0x00112FB0,0x00113024,116
FUN_00113028,0x00113028,0x001130F4,204
FUN_001131f0,0x001131F0,0x00113254,100
FUN_00113258,0x00113258,0x001132C0,104
FUN_001132c0,0x001132C0,0x001132E8,40
FUN_001132e8,0x001132E8,0x00113310,40
FUN_00113310,0x00113310,0x001136E4,980
FUN_001136e8,0x001136E8,0x00113758,112
FUN_00113758,0x00113758,0x001137AC,84
FUN_001137b0,0x001137B0,0x001137D8,40
FUN_001137d8,0x001137D8,0x00113800,40
FUN_00113800,0x00113800,0x00113A20,544
FUN_00113a20,0x00113A20,0x00113D1C,764
FUN_00113d20,0x00113D20,0x00113D58,56
FUN_00113d58,0x00113D58,0x00113DD8,100
FUN_00113dd8,0x00113DD8,0x00113E40,104
FUN_00113e40,0x00113E40,0x00113E68,40
FUN_00113e68,0x00113E68,0x00114004,412
FUN_00114008,0x00114008,0x001141AC,420
FUN_001141b0,0x001141B0,0x0011438C,476
FUN_00114390,0x00114390,0x0011450C,376
FUN_00114510,0x00114510,0x00114678,360
FUN_00114678,0x00114678,0x00116278,7168
FUN_00116278,0x00116278,0x0011654C,724
FUN_00116550,0x00116550,0x001167B8,616
FUN_001167b8,0x001167B8,0x00116B90,984
FUN_00116b90,0x00116B90,0x00116BE0,80
FUN_00116be0,0x00116BE0,0x00116C98,184
FUN_00116c98,0x00116C98,0x00116CD4,60
FUN_00116e28,0x00116E28,0x00116F50,296
FUN_00116f50,0x00116F50,0x00117054,260
FUN_00117058,0x00117058,0x00117110,184
FUN_00117110,0x00117110,0x0011720C,252
FUN_00117210,0x00117210,0x00117260,80
FUN_00117260,0x00117260,0x0011767C,1052
FUN_00117680,0x00117680,0x00117C00,1408
FUN_00117c00,0x00117C00,0x00117C2C,44
FUN_00117c30,0x00117C30,0x00117C58,40
FUN_00117c58,0x00117C58,0x00117CB4,92
FUN_00117cb8,0x00117CB8,0x00117D0C,84
FUN_00117d10,0x00117D10,0x00117DF0,224
FUN_00117df0,0x00117DF0,0x00117E18,40
FUN_00117e18,0x00117E18,0x00117E40,40
FUN_00117e40,0x00117E40,0x001180AC,620
FUN_001180b8,0x001180B8,0x001180F8,64
FUN_00118100,0x00118100,0x00118190,144
FUN_00118190,0x00118190,0x0011820C,124
FUN_00118210,0x00118210,0x00118234,36
FUN_00118238,0x00118238,0x001182D8,160
FUN_001182d8,0x001182D8,0x00118370,152
FUN_00118370,0x00118370,0x00118414,164
FUN_00118418,0x00118418,0x00118468,80
FUN_00118468,0x00118468,0x00118518,176
FUN_00118518,0x00118518,0x0011855C,68
FUN_00118560,0x00118560,0x001185A4,68
FUN_001185a8,0x001185A8,0x001185D0,40
FUN_001185d0,0x001185D0,0x00118704,308
FUN_00118708,0x00118708,0x00118870,360
FUN_00118870,0x00118870,0x00118940,208
FUN_00118960,0x00118960,0x001189A4,68
FUN_001189a8,0x001189A8,0x001189D0,40
FUN_001189d0,0x001189D0,0x001189F8,40
FUN_001189f8,0x001189F8,0x00118A20,40
FUN_00118a20,0x00118A20,0x00118A74,84
FUN_00118a78,0x00118A78,0x00118B34,188
FUN_00118b38,0x00118B38,0x00118BC0,136
FUN_00118bc0,0x00118BC0,0x00118C2C,108
FUN_00118c30,0x00118C30,0x00118C58,40
FUN_00118c58,0x00118C58,0x00118D3C,228
FUN_00118d40,0x00118D40,0x00118EC8,392
FUN_00118ec8,0x00118EC8,0x001190B8,496
FUN_001190b8,0x001190B8,0x00119634,1404
FUN_00119638,0x00119638,0x00119780,328
FUN_00119780,0x00119780,0x00119BA8,944
FUN_00119ba8,0x00119BA8,0x00119C18,112
FUN_00119cd8,0x00119CD8,0x00119CF8,32
FUN_00119cf8,0x00119CF8,0x00119D34,60
FUN_00119d38,0x00119D38,0x00119E24,236
FUN_00119e28,0x00119E28,0x00119ED0,168
FUN_00119ed0,0x00119ED0,0x00119F6C,156
FUN_00119f90,0x00119F90,0x00119FE0,80
FUN_00119fe0,0x00119FE0,0x0011A024,68
FUN_0011a028,0x0011A028,0x0011A0B0,136
FUN_0011a0b0,0x0011A0B0,0x0011A13C,140
FUN_0011a140,0x0011A140,0x0011A1C8,136
FUN_0011a1c8,0x0011A1C8,0x0011A238,112
FUN_0011a238,0x0011A238,0x0011A2EC,180
FUN_0011a2f0,0x0011A2F0,0x0011A3B4,196
FUN_0011a3b8,0x0011A3B8,0x0011A4B8,256
FUN_0011a4b8,0x0011A4B8,0x0011A4FC,68
FUN_0011a538,0x0011A538,0x0011A548,16
FUN_0011a548,0x0011A548,0x0011A5BC,116
FUN_0011a5c0,0x0011A5C0,0x0011A634,116
FUN_0011a688,0x0011A688,0x0011A77C,244
FUN_0011a780,0x0011A780,0x0011A854,212
FUN_0011a858,0x0011A858,0x0011A8E0,136
FUN_0011a8e0,0x0011A8E0,0x0011A920,64
FUN_0011a920,0x0011A920,0x0011A960,64
FUN_0011a960,0x0011A960,0x0011A9A0,64
FUN_0011a9a0,0x0011A9A0,0x0011AA04,100
FUN_0011aa08,0x0011AA08,0x0011AA30,40
FUN_0011aa30,0x0011AA30,0x0011AB04,212
FUN_0011ab08,0x0011AB08,0x0011ACE4,476
FUN_0011ace8,0x0011ACE8,0x0011AE70,392
FUN_0011ae70,0x0011AE70,0x0011AF3C,204
FUN_0011af50,0x0011AF50,0x0011AFC8,120
FUN_0011afc8,0x0011AFC8,0x0011B040,120
FUN_0011b040,0x0011B040,0x0011B178,312
FUN_0011b178,0x0011B178,0x0011B1D0,88
FUN_0011b1d0,0x0011B1D0,0x0011B2A4,212
FUN_0011b2a8,0x0011B2A8,0x0011B2C8,32
FUN_0011b2c8,0x0011B2C8,0x0011B370,168
FUN_0011b370,0x0011B370,0x0011B40C,156
FUN_0011b448,0x0011B448,0x0011B45C,20
FUN_0011b460,0x0011B460,0x0011B4A8,72
FUN_0011b4a8,0x0011B4A8,0x0011B530,136
FUN_0011b530,0x0011B530,0x0011B594,100
FUN_0011b5b8,0x0011B5B8,0x0011B648,144
FUN_0011b648,0x0011B648,0x0011B670,40
FUN_0011b670,0x0011B670,0x0011B7EC,380
FUN_0011b7f0,0x0011B7F0,0x0011BA30,576
FUN_0011ba30,0x0011BA30,0x0011BB84,340
FUN_0011bb88,0x0011BB88,0x0011BBC4,60
FUN_0011bbd8,0x0011BBD8,0x0011BC5C,132
FUN_0011be40,0x0011BE40,0x0011BE9C,92
FUN_0011bea0,0x0011BEA0,0x0011BEB4,20
FUN_0011beb8,0x0011BEB8,0x0011BF44,140
FUN_0011bf48,0x0011BF48,0x0011C068,288
entry,0x0011C070,0x0011C2B0,576
thunk_FUN_004865b8,0x0011C2B0,0x0011C2B8,8
FUN_0011c2f8,0x0011C2F8,0x0011C454,348
FUN_0011c458,0x0011C458,0x0011C490,56
FUN_0011c490,0x0011C490,0x0011C504,116
FUN_0011c508,0x0011C508,0x0011C650,328
FUN_0011c650,0x0011C650,0x0011C690,64
FUN_0011c690,0x0011C690,0x0011C724,148
FUN_0011c728,0x0011C728,0x0011C86C,324
FUN_0011c870,0x0011C870,0x0011C940,208
FUN_0011c940,0x0011C940,0x0011C998,88
FUN_0011c998,0x0011C998,0x0011C9C0,40
FUN_0011c9c0,0x0011C9C0,0x0011C9F8,56
FUN_0011c9f8,0x0011C9F8,0x0011CA0C,20
FUN_0011ca10,0x0011CA10,0x0011CA20,16
FUN_0011ca20,0x0011CA20,0x0011CA48,40
FUN_0011ca48,0x0011CA48,0x0011CAA4,92
FUN_0011caa8,0x0011CAA8,0x0011CB54,172
FUN_0011cb58,0x0011CB58,0x0011CBFC,164
FUN_0011cc20,0x0011CC20,0x0011CCA4,132
FUN_0011cca8,0x0011CCA8,0x0011CD18,112
FUN_0011cd18,0x0011CD18,0x0011CD40,40
FUN_0011cd40,0x0011CD40,0x0011CE68,296
FUN_0011ce68,0x0011CE68,0x0011CFD8,332
FUN_0011cfd8,0x0011CFD8,0x0011D1F4,504
FUN_0011d1f8,0x0011D1F8,0x0011D40C,496
FUN_0011d410,0x0011D410,0x0011D544,308
FUN_0011d548,0x0011D548,0x0011D5C8,128
FUN_0011d5d0,0x0011D5D0,0x0011D63C,108
FUN_0011d6d0,0x0011D6D0,0x0011D71C,76
FUN_0011d720,0x0011D720,0x0011D778,88
FUN_0011d778,0x0011D778,0x0011D7D0,88
FUN_0011d7d0,0x0011D7D0,0x0011D824,84
FUN_0011d828,0x0011D828,0x0011D888,96
FUN_0011d888,0x0011D888,0x0011D8E8,96
FUN_0011d8e8,0x0011D8E8,0x0011D968,128
FUN_0011d968,0x0011D968,0x0011DA84,284
FUN_0011da88,0x0011DA88,0x0011DB08,128
FUN_0011db08,0x0011DB08,0x0011DB64,92
FUN_0011dbc0,0x0011DBC0,0x0011DC54,148
FUN_0011dc58,0x0011DC58,0x0011DD18,192
FUN_0011dd18,0x0011DD18,0x0011DDD4,188
FUN_0011ddd8,0x0011DDD8,0x0011DE30,88
FUN_0011de30,0x0011DE30,0x0011DED4,164
FUN_0011ded8,0x0011DED8,0x0011DF6C,148
FUN_0011df70,0x0011DF70,0x0011E028,184
FUN_0011e028,0x0011E028,0x0011E070,72
FUN_0011e070,0x0011E070,0x0011E094,36
FUN_0011e098,0x0011E098,0x0011E138,160
FUN_0011e138,0x0011E138,0x0011E158,32
FUN_0011e158,0x0011E158,0x0011E180,40
FUN_0011e180,0x0011E180,0x0011E1C8,72
FUN_0011e1c8,0x0011E1C8,0x0011E1EC,36
FUN_0011e1f0,0x0011E1F0,0x0011E290,160
FUN_0011e290,0x0011E290,0x0011E2B0,32
FUN_0011e2b0,0x0011E2B0,0x0011E2D8,40
FUN_0011e2d8,0x0011E2D8,0x0011E4B0,472
FUN_0011e4b0,0x0011E4B0,0x0011E6D0,544
FUN_0011e6d0,0x0011E6D0,0x0011E7EC,284
FUN_0011e7f0,0x0011E7F0,0x0011E998,424
FUN_0011e998,0x0011E998,0x0011EAB0,280
FUN_0011eab0,0x0011EAB0,0x0011EB18,104
FUN_0011eb18,0x0011EB18,0x0011EB4C,52
FUN_0011eb50,0x0011EB50,0x0011EB5C,12
FUN_0011eb90,0x0011EB90,0x0011EBC4,52
FUN_0011ebd8,0x0011EBD8,0x0011EC50,120
FUN_0011ec50,0x0011EC50,0x0011ECC8,120
FUN_0011ecc8,0x0011ECC8,0x0011ECF0,40
FUN_0011ecf0,0x0011ECF0,0x0011ED64,116
FUN_0011ed68,0x0011ED68,0x0011EDCC,100
FUN_0011edd0,0x0011EDD0,0x0011EEA8,216
FUN_0011eea8,0x0011EEA8,0x0011EFE0,312
FUN_0011efe0,0x0011EFE0,0x0011F068,136
FUN_0011f068,0x0011F068,0x0011F130,200
FUN_0011f130,0x0011F130,0x0011F164,52
FUN_0011f168,0x0011F168,0x0011F224,188
FUN_0011f228,0x0011F228,0x0011F370,328
FUN_0011f370,0x0011F370,0x0011F398,40
FUN_0011f398,0x0011F398,0x0011F4A8,272
FUN_0011f4a8,0x0011F4A8,0x0011F584,220
FUN_0011f588,0x0011F588,0x0011F64C,196
FUN_0011f650,0x0011F650,0x0011F730,224
FUN_0011f730,0x0011F730,0x0011F7C0,144
FUN_0011f7c0,0x0011F7C0,0x0011FAB8,760
FUN_0011fab8,0x0011FAB8,0x0011FBA4,236
FUN_0011fba8,0x0011FBA8,0x0011FFA0,1016
FUN_0011ffa0,0x0011FFA0,0x00120048,168
FUN_00120048,0x00120048,0x0012009C,84
FUN_001200a0,0x001200A0,0x00120104,100
FUN_00120108,0x00120108,0x0012018C,132
FUN_00120190,0x00120190,0x001201F0,96
FUN_001202a0,0x001202A0,0x001202C0,32
FUN_001202c0,0x001202C0,0x001202EC,44
FUN_001202f0,0x001202F0,0x001203A0,176
FUN_001203a0,0x001203A0,0x001203A8,8
FUN_001203c8,0x001203C8,0x00120404,60
FUN_00120408,0x00120408,0x00120430,40
FUN_00120430,0x00120430,0x00120600,464
FUN_00120600,0x00120600,0x0012063C,60
FUN_00120640,0x00120640,0x001206A4,100
FUN_001206a8,0x001206A8,0x001206DC,52
FUN_001206e0,0x001206E0,0x001207E0,256
FUN_001208a8,0x001208A8,0x00120984,220
FUN_00120988,0x00120988,0x00120B14,396
FUN_00120b18,0x00120B18,0x00120BCC,180
FUN_00120bd0,0x00120BD0,0x00120BF0,32
FUN_00120bf0,0x00120BF0,0x00120C10,32
FUN_00120c10,0x00120C10,0x00120C38,40
FUN_00120c38,0x00120C38,0x00120C88,80
FUN_00120c88,0x00120C88,0x00120CA8,32
FUN_00120ca8,0x00120CA8,0x00120DB4,268
FUN_00120db8,0x00120DB8,0x00120EB4,252
FUN_00120eb8,0x00120EB8,0x00120EFC,68
FUN_00120f00,0x00120F00,0x00120F98,152
FUN_00120f98,0x00120F98,0x00121038,160
FUN_00121038,0x00121038,0x001210E0,168
FUN_001210e0,0x001210E0,0x0012117C,156
FUN_00121180,0x00121180,0x00121338,440
FUN_00121338,0x00121338,0x001213A4,108
FUN_001213c8,0x001213C8,0x00121420,88
FUN_00121420,0x00121420,0x001214A8,136
FUN_001214a8,0x001214A8,0x001214D0,40
FUN_001214d0,0x001214D0,0x0012150C,60
FUN_00121510,0x00121510,0x00121580,112
FUN_00121580,0x00121580,0x001215B0,48
FUN_001215b0,0x001215B0,0x001215B8,8
FUN_001215b8,0x001215B8,0x00121624,108
FUN_00121628,0x00121628,0x00121678,80
FUN_00121678,0x00121678,0x001217D8,352
FUN_001217d8,0x001217D8,0x001217F0,24
FUN_001217f0,0x001217F0,0x00121854,100
FUN_00121858,0x00121858,0x00121A20,456
FUN_00121a20,0x00121A20,0x00121B28,264
FUN_00121b28,0x00121B28,0x00121F10,1000
FUN_00121f10,0x00121F10,0x00122068,344
FUN_00122068,0x00122068,0x00122184,284
FUN_00122188,0x00122188,0x001222B8,304
FUN_001222b8,0x001222B8,0x00122CC4,2572
FUN_00122cc8,0x00122CC8,0x00125318,9808
FUN_00125318,0x00125318,0x00125368,80
FUN_00125368,0x00125368,0x00125388,32
FUN_00125388,0x00125388,0x00125400,120
FUN_00125400,0x00125400,0x0012548C,140
FUN_00125490,0x00125490,0x001254B4,36
FUN_001254b8,0x001254B8,0x00125548,144
FUN_00125548,0x00125548,0x001255C4,124
FUN_001255c8,0x001255C8,0x001255E0,24
FUN_001255e0,0x001255E0,0x001255F8,24
FUN_001255f8,0x001255F8,0x00125630,56
FUN_00125630,0x00125630,0x00125764,308
FUN_00125768,0x00125768,0x00125844,220
FUN_00125848,0x00125848,0x001258C8,128
FUN_001258c8,0x001258C8,0x001258E0,24
FUN_001258e0,0x001258E0,0x00125934,84
FUN_00125938,0x00125938,0x001259BC,132
FUN_001259c0,0x001259C0,0x00125A50,144
FUN_00125a50,0x00125A50,0x00125A98,72
FUN_00125a98,0x00125A98,0x00125AEC,84
FUN_00125af0,0x00125AF0,0x00125B84,148
FUN_00125b88,0x00125B88,0x00125C6C,228
FUN_00125c70,0x00125C70,0x00125D60,240
FUN_00125d60,0x00125D60,0x00125DB4,84
FUN_00125db8,0x00125DB8,0x00125E60,168
FUN_00125e60,0x00125E60,0x00125F70,272
FUN_00125f70,0x00125F70,0x00126050,224
FUN_00126050,0x00126050,0x001260BC,108
FUN_001260c0,0x001260C0,0x001260F0,48
FUN_001260f0,0x001260F0,0x00126110,32
FUN_00126110,0x00126110,0x00126124,20
FUN_00126170,0x00126170,0x001261B8,72
FUN_001261b8,0x001261B8,0x00126200,72
FUN_00126200,0x00126200,0x001262B8,184
FUN_001262b8,0x001262B8,0x00126348,144
FUN_00126348,0x00126348,0x001263CC,132
FUN_001263d0,0x001263D0,0x00126418,72
FUN_00126418,0x00126418,0x00126450,56
FUN_00126450,0x00126450,0x00126464,20
FUN_00126468,0x00126468,0x001264C8,96
FUN_001264c8,0x001264C8,0x00126528,96
FUN_00126528,0x00126528,0x00126590,104
FUN_00126590,0x00126590,0x001265F4,100
FUN_001265f8,0x001265F8,0x001266A8,176
FUN_001266a8,0x001266A8,0x00126718,112
FUN_00126718,0x00126718,0x0012675C,68
FUN_00126760,0x00126760,0x00126788,40
FUN_00126788,0x00126788,0x00126814,140
FUN_00126818,0x00126818,0x001268FC,228
FUN_00126900,0x00126900,0x00126A04,260
FUN_00126a58,0x00126A58,0x00126AD8,128
FUN_00126ad8,0x00126AD8,0x00126B58,128
FUN_00126b58,0x00126B58,0x00126EDC,900
FUN_00126ee0,0x00126EE0,0x00126FF8,280
FUN_00126ff8,0x00126FF8,0x00127204,524
FUN_00127208,0x00127208,0x00127338,304
FUN_00127338,0x00127338,0x0012776C,1076
FUN_00127770,0x00127770,0x0012780C,156
FUN_00127810,0x00127810,0x001278A8,152
FUN_001278a8,0x001278A8,0x001278D8,48
FUN_001278d8,0x001278D8,0x00127980,168
FUN_00127980,0x00127980,0x00127A6C,236
FUN_00127a70,0x00127A70,0x00127AF8,136
FUN_00127af8,0x00127AF8,0x00127B64,108
FUN_00127b68,0x00127B68,0x00127C08,160
FUN_00127c08,0x00127C08,0x00127CCC,196
FUN_00127cd0,0x00127CD0,0x00127DA0,208
FUN_00127da0,0x00127DA0,0x00127E2C,140
FUN_00127e30,0x00127E30,0x00127E94,100
FUN_00127e98,0x00127E98,0x00127F00,104
FUN_00127f00,0x00127F00,0x00127F50,80
FUN_00127f50,0x00127F50,0x00127FF0,160
FUN_00127ff0,0x00127FF0,0x00128038,72
FUN_00128038,0x00128038,0x00128078,64
FUN_00128078,0x00128078,0x001280B8,64
FUN_001280b8,0x001280B8,0x001282D4,540
FUN_00128308,0x00128308,0x001284D0,456
FUN_001284e0,0x001284E0,0x001285C4,228
FUN_001285c8,0x001285C8,0x00128630,104
FUN_00128630,0x00128630,0x00128660,48
FUN_00128678,0x00128678,0x00128714,156
FUN_00128760,0x00128760,0x001287E0,128
FUN_001287e0,0x001287E0,0x00128808,40
FUN_00128808,0x00128808,0x00128ED4,1740
FUN_00128ed8,0x00128ED8,0x00129054,380
FUN_00129058,0x00129058,0x00129180,296
FUN_00129180,0x00129180,0x001296C8,1352
FUN_001296c8,0x001296C8,0x00129A18,848
FUN_00129a18,0x00129A18,0x0012A388,2416
FUN_0012a388,0x0012A388,0x0012A54C,452
FUN_0012a550,0x0012A550,0x0012AA20,984
FUN_0012aa20,0x0012AA20,0x0012AA40,32
FUN_0012aa40,0x0012AA40,0x0012AA94,84
FUN_0012aaf0,0x0012AAF0,0x0012AB44,84
FUN_0012ab48,0x0012AB48,0x0012AB9C,84
FUN_0012abf8,0x0012ABF8,0x0012AC4C,84
FUN_0012ac50,0x0012AC50,0x0012ACA4,84
FUN_0012ad00,0x0012AD00,0x0012AD5C,92
FUN_0012ad60,0x0012AD60,0x0012ADBC,92
FUN_0012adc0,0x0012ADC0,0x0012AE1C,92
FUN_0012ae20,0x0012AE20,0x0012AE64,68
FUN_0012ae70,0x0012AE70,0x0012AE98,40
FUN_0012ae98,0x0012AE98,0x0012AEC0,40
FUN_0012aec0,0x0012AEC0,0x0012D244,9092
FUN_0012d248,0x0012D248,0x0012D5EC,932
FUN_0012d5f0,0x0012D5F0,0x0012E16C,2940
FUN_0012e170,0x0012E170,0x0012E1E8,120
FUN_0012e1e8,0x0012E1E8,0x0012E260,120
FUN_0012e260,0x0012E260,0x0012E2E8,136
FUN_0012e2e8,0x0012E2E8,0x0012E33C,84
FUN_0012e340,0x0012E340,0x0012E388,72
FUN_0012e388,0x0012E388,0x0012E3D0,72
FUN_0012e3d0,0x0012E3D0,0x0012E424,84
FUN_0012e428,0x0012E428,0x0012E470,72
FUN_0012e470,0x0012E470,0x0012E4B8,72
FUN_0012e4b8,0x0012E4B8,0x0012E4C4,12
FUN_0012e4c8,0x0012E4C8,0x0012E4E8,32
FUN_0012e4e8,0x0012E4E8,0x0012E4F8,16
FUN_0012e4f8,0x0012E4F8,0x0012E524,44
FUN_0012e528,0x0012E528,0x0012E550,40
FUN_0012e550,0x0012E550,0x0012E578,40
FUN_0012e578,0x0012E578,0x0012E67C,260
FUN_0012e680,0x0012E680,0x0012E7B0,304
FUN_0012e7b0,0x0012E7B0,0x0012E9C0,528
FUN_0012e9c0,0x0012E9C0,0x0012EC24,612
FUN_0012ec28,0x0012EC28,0x0012F750,2856
FUN_0012f750,0x0012F750,0x0012F9F4,676
FUN_0012f9f8,0x0012F9F8,0x0012FA70,120
FUN_0012fa70,0x0012FA70,0x0012FA90,32
FUN_0012fa90,0x0012FA90,0x0012FAB8,40
FUN_0012fab8,0x0012FAB8,0x0012FAC4,12
FUN_0012fac8,0x0012FAC8,0x0012FAE0,24
FUN_0012fae0,0x0012FAE0,0x0012FAF8,24
FUN_0012faf8,0x0012FAF8,0x0012FB10,24
FUN_0012fb10,0x0012FB10,0x0012FB28,24
FUN_0012fb28,0x0012FB28,0x0012FB40,24
FUN_0012fb40,0x0012FB40,0x0012FB58,24
FUN_0012fb58,0x0012FB58,0x0012FB70,24
FUN_0012fb70,0x0012FB70,0x0012FBE4,116
FUN_0012fbe8,0x0012FBE8,0x0012FC44,92
FUN_0012fc48,0x0012FC48,0x0012FC70,40
FUN_0012fc70,0x0012FC70,0x0012FCB4,68
FUN_0012fcb8,0x0012FCB8,0x0012FCFC,68
FUN_0012fd00,0x0012FD00,0x0012FDC8,200
FUN_0012fdc8,0x0012FDC8,0x0012FDF0,40
FUN_0012fdf0,0x0012FDF0,0x0012FE18,40
FUN_0012fe18,0x0012FE18,0x0012FEFC,228
FUN_0012ff00,0x0012FF00,0x0012FFF4,244
FUN_00130138,0x00130138,0x00130498,864
FUN_00130498,0x00130498,0x001305B0,280
FUN_001305b0,0x001305B0,0x001306D8,296
FUN_001306d8,0x001306D8,0x00130F94,2236
FUN_00130f98,0x00130F98,0x00131008,112
FUN_00131008,0x00131008,0x00131028,32
FUN_00131028,0x00131028,0x00131050,40
FUN_00131050,0x00131050,0x001310F0,160
FUN_001310f0,0x001310F0,0x0013112C,60
FUN_00131130,0x00131130,0x0013116C,60
FUN_00131170,0x00131170,0x00131240,208
FUN_00131240,0x00131240,0x00131310,208
FUN_00131310,0x00131310,0x001313E8,216
FUN_001313e8,0x001313E8,0x001314BC,212
FUN_001314c0,0x001314C0,0x00131564,164
FUN_00131568,0x00131568,0x0013163C,212
FUN_00131640,0x00131640,0x001316CC,140
FUN_001316d0,0x001316D0,0x001316F8,40
FUN_001316f8,0x001316F8,0x00131720,40
FUN_00131720,0x00131720,0x00131BB0,1168
FUN_00131bb0,0x00131BB0,0x00131EA0,752
FUN_00131ea0,0x00131EA0,0x00132098,504
FUN_00132098,0x00132098,0x0013222C,404
FUN_00132230,0x00132230,0x0013246C,572
FUN_00132470,0x00132470,0x00133DD4,6500
FUN_00133dd8,0x00133DD8,0x00133E08,48
FUN_00133e08,0x00133E08,0x00133E58,80
FUN_00133e58,0x00133E58,0x00133F2C,212
FUN_00133f60,0x00133F60,0x00133F94,52
FUN_00133f98,0x00133F98,0x00133FCC,52
FUN_00133fd0,0x00133FD0,0x001340E8,280
FUN_001340e8,0x001340E8,0x00134124,60
FUN_00134128,0x00134128,0x00134188,96
FUN_00134188,0x00134188,0x00134220,152
FUN_00134220,0x00134220,0x0013435C,316
FUN_00134360,0x00134360,0x00134534,468
FUN_00134538,0x00134538,0x00134650,280
FUN_00134650,0x00134650,0x001347B4,356
FUN_001347b8,0x001347B8,0x0013483C,132
FUN_00135310,0x00135310,0x00135550,576
FUN_00135550,0x00135550,0x00135C70,1824
FUN_00135c70,0x00135C70,0x00135F8C,796
FUN_00135f90,0x00135F90,0x00136564,1492
FUN_00136568,0x00136568,0x001374B8,3920
FUN_001374b8,0x001374B8,0x001376E0,552
FUN_001376e0,0x001376E0,0x00137814,308
FUN_00137818,0x00137818,0x00137B4C,820
FUN_00137b50,0x00137B50,0x001382F0,1952
FUN_001382f0,0x001382F0,0x001390F8,3592
FUN_001390f8,0x001390F8,0x0013924C,340
FUN_00139250,0x00139250,0x001394C8,632
FUN_001394c8,0x001394C8,0x001398DC,1044
FUN_001398e0,0x001398E0,0x00139AE0,512
FUN_00139ae0,0x00139AE0,0x00139E7C,844
FUN_00139e80,0x00139E80,0x00139EF8,120
FUN_00139ef8,0x00139EF8,0x00139F48,80
FUN_00139f48,0x00139F48,0x00139FC8,88
FUN_00139fc8,0x00139FC8,0x00139FF8,48
FUN_00139ff8,0x00139FF8,0x0013A018,32
FUN_0013a018,0x0013A018,0x0013A054,60
FUN_0013a058,0x0013A058,0x0013A078,32
FUN_0013a078,0x0013A078,0x0013A098,32
FUN_0013a098,0x0013A098,0x0013A0D4,60
FUN_0013a0d8,0x0013A0D8,0x0013A11C,68
FUN_0013a158,0x0013A158,0x0013A1A8,80
FUN_0013a1a8,0x0013A1A8,0x0013A1FC,84
FUN_0013a240,0x0013A240,0x0013A33C,252
FUN_0013a340,0x0013A340,0x0013A3D0,144
FUN_0013a3d0,0x0013A3D0,0x0013A400,48
FUN_0013a400,0x0013A400,0x0013A430,48
FUN_0013a4b8,0x0013A4B8,0x0013A50C,84
FUN_0013a510,0x0013A510,0x0013A5C8,184
FUN_0013a5c8,0x0013A5C8,0x0013A66C,164
FUN_0013a670,0x0013A670,0x0013A6A4,52
FUN_0013a6a8,0x0013A6A8,0x0013A6D4,44
FUN_0013a748,0x0013A748,0x0013A7C8,88
FUN_0013a7c8,0x0013A7C8,0x0013A888,192
FUN_0013a888,0x0013A888,0x0013A954,204
FUN_0013a958,0x0013A958,0x0013A9FC,164
FUN_0013aa00,0x0013AA00,0x0013AAA0,160
FUN_0013aaa0,0x0013AAA0,0x0013AB0C,108
FUN_0013ab10,0x0013AB10,0x0013ABCC,188
FUN_0013abd0,0x0013ABD0,0x0013AC9C,204
FUN_0013aca0,0x0013ACA0,0x0013AD74,212
FUN_0013ad78,0x0013AD78,0x0013AE34,188
FUN_0013ae38,0x0013AE38,0x0013AF0C,212
FUN_0013af48,0x0013AF48,0x0013AF8C,68
FUN_0013afd0,0x0013AFD0,0x0013AFFC,44
FUN_0013b000,0x0013B000,0x0013B028,40
FUN_0013b028,0x0013B028,0x0013B050,40
FUN_0013b050,0x0013B050,0x0013B224,468
FUN_0013b228,0x0013B228,0x0013B3AC,388
FUN_0013b3b0,0x0013B3B0,0x0013B578,456
FUN_0013b578,0x0013B578,0x0013BB30,1464
FUN_0013bb30,0x0013BB30,0x0013BCC0,400
FUN_0013bcc0,0x0013BCC0,0x0013CD7C,4284
FUN_0013cd80,0x0013CD80,0x0013E03C,4796
FUN_0013e040,0x0013E040,0x0013E18C,332
FUN_0013e190,0x0013E190,0x0013E2AC,284
FUN_0013e2b0,0x0013E2B0,0x0013E9EC,1852
FUN_0013e9f0,0x0013E9F0,0x0013EBE4,460
FUN_0013ebe8,0x0013EBE8,0x0013EC00,24
FUN_0013ec00,0x0013EC00,0x0013EC20,32
FUN_0013ec20,0x0013EC20,0x0013EC64,68
FUN_0013ec68,0x0013EC68,0x0013ECB8,80
FUN_0013ecb8,0x0013ECB8,0x0013ECD8,32
FUN_0013ecd8,0x0013ECD8,0x0013ED60,96
FUN_0013ed60,0x0013ED60,0x0013EDA4,68
FUN_0013edf8,0x0013EDF8,0x0013EE0C,20
FUN_0013ee88,0x0013EE88,0x0013EEE4,92
FUN_0013ef48,0x0013EF48,0x0013F008,192
FUN_0013f008,0x0013F008,0x0013F040,56
FUN_0013f130,0x0013F130,0x0013F158,40
FUN_0013f158,0x0013F158,0x0013F180,40
FUN_0013f180,0x0013F180,0x0013F30C,396
FUN_0013f310,0x0013F310,0x0013F544,564
FUN_0013f548,0x0013F548,0x0013F738,104
FUN_0013f738,0x0013F738,0x0013FD84,128
FUN_0013fd88,0x0013FD88,0x0013FEA8,288
FUN_0013fea8,0x0013FEA8,0x0013FFC4,284
FUN_0013ffc8,0x0013FFC8,0x00140028,96
FUN_00140028,0x00140028,0x001401E4,444
FUN_001401e8,0x001401E8,0x00140390,424
FUN_00140390,0x00140390,0x00140530,416
FUN_00140530,0x00140530,0x001406D8,424
FUN_001406d8,0x001406D8,0x00140878,416
FUN_00140878,0x00140878,0x00140A24,428
FUN_00140a28,0x00140A28,0x00140C04,476
FUN_00140c08,0x00140C08,0x00140DE0,472
FUN_00140de0,0x00140DE0,0x00140FBC,476
FUN_00140fc0,0x00140FC0,0x001411D0,528
FUN_001411d0,0x001411D0,0x001413AC,476
FUN_001413b0,0x001413B0,0x0014154C,412
FUN_00141550,0x00141550,0x001416F4,420
FUN_001416f8,0x001416F8,0x001417D8,224
FUN_001417d8,0x001417D8,0x001418EC,276
FUN_001418f0,0x001418F0,0x001419C8,216
FUN_001419c8,0x001419C8,0x00141A44,124
FUN_00141b10,0x00141B10,0x00141B58,72
FUN_00141b58,0x00141B58,0x00141BA0,72
FUN_00141ba0,0x00141BA0,0x00141BF8,88
FUN_00141bf8,0x00141BF8,0x00141C54,92
FUN_00141c58,0x00141C58,0x00141CEC,148
FUN_00141cf0,0x00141CF0,0x00141D84,148
FUN_00141d88,0x00141D88,0x00141E10,136
FUN_00141e10,0x00141E10,0x00141E98,136
FUN_00141e98,0x00141E98,0x00141F20,136
FUN_00141f20,0x00141F20,0x00141FA8,136
FUN_00141fa8,0x00141FA8,0x00142044,156
FUN_00142048,0x00142048,0x001420A8,96
FUN_001420a8,0x001420A8,0x0014214C,164
FUN_00142150,0x00142150,0x00142228,216
FUN_00142228,0x00142228,0x001422E8,192
FUN_001422e8,0x001422E8,0x001423AC,196
FUN_001423b0,0x001423B0,0x0014245C,172
FUN_00142460,0x00142460,0x00142538,212
FUN_00142538,0x00142538,0x00142564,44
FUN_00142568,0x00142568,0x00142594,44
FUN_00142598,0x00142598,0x001425C0,40
FUN_001425c0,0x001425C0,0x00143150,2960
FUN_00143150,0x00143150,0x00143234,228
FUN_00143238,0x00143238,0x001433EC,436
FUN_001433f0,0x001433F0,0x001434B0,192
FUN_001434b0,0x001434B0,0x001436EC,572
FUN_001436f0,0x001436F0,0x00143720,48
FUN_00143790,0x00143790,0x001437B0,32
FUN_001437b0,0x001437B0,0x0014382C,124
FUN_00143830,0x00143830,0x00143850,32
FUN_00143850,0x00143850,0x00143860,16
FUN_00143860,0x00143860,0x00143870,16
FUN_00143890,0x00143890,0x001438FC,108
FUN_00143900,0x00143900,0x001439B0,176
FUN_001439b0,0x001439B0,0x00143A4C,156
FUN_00143a50,0x00143A50,0x00143A78,40
FUN_00143a78,0x00143A78,0x00143AF0,120
FUN_00143af0,0x00143AF0,0x00143B18,40
FUN_00143b18,0x00143B18,0x00143C0C,208
FUN_00143c10,0x00143C10,0x00143EF0,736
FUN_00145b20,0x00145B20,0x00145E24,772
FUN_00145e28,0x00145E28,0x00145FC0,408
FUN_00145fc0,0x00145FC0,0x001461C0,512
FUN_001461c0,0x001461C0,0x00146BC0,2560
FUN_00146bc0,0x00146BC0,0x001476D0,2832
FUN_001476d0,0x001476D0,0x00147FE0,2320
FUN_00147fe0,0x00147FE0,0x00148188,424
FUN_00148188,0x00148188,0x001483E8,608
FUN_001483e8,0x001483E8,0x00148570,392
FUN_00148570,0x00148570,0x00148728,440
FUN_00148798,0x00148798,0x00148810,120
FUN_00148810,0x00148810,0x00148878,104
FUN_00148878,0x00148878,0x001488D8,96
FUN_001488d8,0x001488D8,0x001489E8,272
FUN_001489e8,0x001489E8,0x00148A78,144
FUN_00148a78,0x00148A78,0x00148AB0,56
FUN_00148ab0,0x00148AB0,0x00148B8C,220
FUN_00148b90,0x00148B90,0x00148CAC,284
FUN_00148cc0,0x00148CC0,0x00148D14,84
FUN_00148d18,0x00148D18,0x00148D74,92
FUN_00148d78,0x00148D78,0x00148E68,240
FUN_00148e68,0x00148E68,0x00148EC0,88
FUN_00148ec0,0x00148EC0,0x00148F24,100
FUN_00148f28,0x00148F28,0x00148F38,16
FUN_00148f38,0x00148F38,0x00148F44,12
FUN_00148f48,0x00148F48,0x00149040,172
FUN_00149040,0x00149040,0x001492B0,504
FUN_001492c0,0x001492C0,0x00149340,88
FUN_00149340,0x00149340,0x001493A8,104
FUN_001493a8,0x001493A8,0x001493D0,40
FUN_001493d0,0x001493D0,0x0014943C,108
FUN_00149440,0x00149440,0x001494A4,100
FUN_001494a8,0x001494A8,0x00149508,96
FUN_00149508,0x00149508,0x001495A8,160
FUN_001495a8,0x001495A8,0x00149640,152
FUN_00149640,0x00149640,0x00149650,16
FUN_00149650,0x00149650,0x0014965C,12
FUN_00149660,0x00149660,0x00149864,388
FUN_00149868,0x00149868,0x001499A8,320
FUN_001499a8,0x001499A8,0x00149E54,1196
FUN_00149e58,0x00149E58,0x0014A31C,1116
FUN_0014a320,0x0014A320,0x0014A4EC,460
FUN_0014a4f0,0x0014A4F0,0x0014A6A4,436
FUN_0014a6a8,0x0014A6A8,0x0014A9CC,804
FUN_0014a9d0,0x0014A9D0,0x0014AD60,912
FUN_0014ad60,0x0014AD60,0x0014B428,1736
FUN_0014b428,0x0014B428,0x0014B5AC,388
FUN_0014b5b0,0x0014B5B0,0x0014B7F4,580
FUN_0014b7f8,0x0014B7F8,0x0014BB0C,788
FUN_0014bb10,0x0014BB10,0x0014C140,1584
FUN_0014c140,0x0014C140,0x0014C518,984
FUN_0014c518,0x0014C518,0x0014C90C,1012
FUN_0014c910,0x0014C910,0x0014D03C,1836
FUN_0014d1b0,0x0014D1B0,0x0014D1D4,36
FUN_0014d208,0x0014D208,0x0014D22C,36
FUN_0014d408,0x0014D408,0x0014D4BC,180
FUN_0014d4c0,0x0014D4C0,0x0014D570,176
FUN_0014d570,0x0014D570,0x0014D620,176
FUN_0014d620,0x0014D620,0x0014D6C0,160
FUN_0014d6c0,0x0014D6C0,0x0014D730,112
FUN_0014d730,0x0014D730,0x0014D778,72
FUN_0014d778,0x0014D778,0x0014D7F4,124
FUN_0014d7f8,0x0014D7F8,0x0014D8D0,216
FUN_0014d8d0,0x0014D8D0,0x0014D9BC,236
FUN_0014d9c0,0x0014D9C0,0x0014DAEC,300
FUN_0014daf0,0x0014DAF0,0x0014DC1C,300
FUN_0014dc20,0x0014DC20,0x0014DE0C,492
FUN_0014de10,0x0014DE10,0x0014DFFC,492
FUN_0014e000,0x0014E000,0x0014E0EC,236
FUN_0014e0f0,0x0014E0F0,0x0014E20C,284
FUN_0014e210,0x0014E210,0x0014E2BC,172
FUN_0014e2c0,0x0014E2C0,0x0014E384,196
FUN_0014e388,0x0014E388,0x0014E69C,788
FUN_0014e6a0,0x0014E6A0,0x0014E744,164
FUN_0014e748,0x0014E748,0x0014E768,32
FUN_0014e768,0x0014E768,0x0014E7A4,60
FUN_0014e7a8,0x0014E7A8,0x0014E7F4,76
FUN_0014e7f8,0x0014E7F8,0x0014E9F4,508
FUN_0014e9f8,0x0014E9F8,0x0014ED08,744
FUN_0014ee48,0x0014EE48,0x0014EEB8,112
FUN_0014eeb8,0x0014EEB8,0x0014EF20,104
FUN_0014ef58,0x0014EF58,0x0014F014,188
FUN_0014f018,0x0014F018,0x0014F028,16
FUN_0014f028,0x0014F028,0x0014F0FC,212
FUN_0014f100,0x0014F100,0x0014F21C,284
FUN_0014f220,0x0014F220,0x0014F2BC,156
FUN_0014f2c0,0x0014F2C0,0x0014F380,192
FUN_0014f380,0x0014F380,0x0014F3B4,52
FUN_0014f3b8,0x0014F3B8,0x00151364,8068
FUN_00151368,0x00151368,0x001519F4,1636
FUN_001519f8,0x001519F8,0x00151D10,792
FUN_00151d10,0x00151D10,0x00152334,1572
FUN_00152338,0x00152338,0x001524B4,380
FUN_001524b8,0x001524B8,0x0015285C,932
FUN_00152860,0x00152860,0x00152A20,448
FUN_00152a20,0x00152A20,0x00152EC4,1188
FUN_00152ec8,0x00152EC8,0x00153044,380
FUN_00153068,0x00153068,0x001530D0,104
FUN_001530d0,0x001530D0,0x0015314C,124
FUN_00153150,0x00153150,0x001531D0,128
FUN_001531d0,0x001531D0,0x00153358,392
FUN_001533b0,0x001533B0,0x00153400,80
FUN_00153410,0x00153410,0x00153594,388
FUN_00153598,0x00153598,0x00153658,192
FUN_001536a8,0x001536A8,0x001537B0,264
FUN_001537b0,0x001537B0,0x00153954,420
FUN_00153958,0x00153958,0x00153E08,1160
FUN_00153e08,0x00153E08,0x001545DC,2004
FUN_001545e0,0x001545E0,0x00154DBC,2012
FUN_00154dc0,0x00154DC0,0x001554DC,1820
FUN_001554e0,0x001554E0,0x00155940,1120
FUN_00155950,0x00155950,0x001559B8,104
FUN_001559c0,0x001559C0,0x00155B14,340
FUN_00155b70,0x00155B70,0x00155D20,432
FUN_00155d20,0x00155D20,0x001561F8,1200
FUN_001561f8,0x001561F8,0x001569CC,2004
FUN_001569d0,0x001569D0,0x00156D7C,940
FUN_00156d80,0x00156D80,0x001571DC,1116
FUN_001571e0,0x001571E0,0x0015737C,412
FUN_00157390,0x00157390,0x001573F8,104
FUN_00157400,0x00157400,0x00157554,340
FUN_001575b0,0x001575B0,0x00157C00,1244
FUN_00157c00,0x00157C00,0x00157E40,576
FUN_00157e40,0x00157E40,0x001580F0,648
FUN_00158130,0x00158130,0x00158210,224
FUN_00158210,0x00158210,0x001582A4,148
FUN_00158378,0x00158378,0x001583EC,116
FUN_001583f0,0x001583F0,0x00158538,328
FUN_00158538,0x00158538,0x00158DC8,2152
FUN_00158dc8,0x00158DC8,0x00159384,1428
FUN_00159388,0x00159388,0x00159524,412
FUN_00159528,0x00159528,0x00159760,568
FUN_00159760,0x00159760,0x00159D70,1552
FUN_00159d70,0x00159D70,0x0015A9AC,3132
FUN_0015a9b0,0x0015A9B0,0x0015ABA8,504
FUN_0015aba8,0x0015ABA8,0x0015ABD4,44
FUN_0015abd8,0x0015ABD8,0x0015AC04,44
FUN_0015ac08,0x0015AC08,0x0015AC34,44
FUN_0015ace8,0x0015ACE8,0x0015ADAC,196
FUN_0015adb0,0x0015ADB0,0x0015AE18,104
FUN_0015ae18,0x0015AE18,0x0015AE94,124
FUN_0015ae98,0x0015AE98,0x0015AF18,128
FUN_0015afa8,0x0015AFA8,0x0015B0B4,268
FUN_0015b110,0x0015B110,0x0015B240,304
FUN_0015b240,0x0015B240,0x0015B2AC,108
FUN_0015b2b0,0x0015B2B0,0x0015B31C,108
FUN_0015b320,0x0015B320,0x0015B364,68
FUN_0015b368,0x0015B368,0x0015B3AC,68
FUN_0015b3b0,0x0015B3B0,0x0015B3D8,40
FUN_0015b3d8,0x0015B3D8,0x0015B6CC,756
FUN_0015b6d0,0x0015B6D0,0x0015BB70,1144
FUN_0015bb70,0x0015BB70,0x0015BF74,1028
FUN_0015bf78,0x0015BF78,0x0015C744,1996
FUN_0015c748,0x0015C748,0x0015D088,2368
FUN_0015d088,0x0015D088,0x0015D4E4,1116
FUN_0015d4f8,0x0015D4F8,0x0015D560,104
FUN_0015d568,0x0015D568,0x0015D5E8,128
FUN_0015d640,0x0015D640,0x0015D6BC,124
FUN_0015d6c0,0x0015D6C0,0x0015DD54,1644
FUN_0015dd58,0x0015DD58,0x0015E278,1272
FUN_0015e278,0x0015E278,0x0015ED8C,2836
FUN_0015ed90,0x0015ED90,0x0015EE48,144
FUN_0015ee48,0x0015EE48,0x0015EEB0,104
FUN_0015eeb0,0x0015EEB0,0x0015EF04,84
FUN_0015ef08,0x0015EF08,0x0015EF58,80
FUN_0015ef88,0x0015EF88,0x0015F018,144
FUN_0015f138,0x0015F138,0x0015F27C,324
FUN_0015f280,0x0015F280,0x0015F490,528
FUN_0015f490,0x0015F490,0x0015F644,436
FUN_0015f648,0x0015F648,0x0015F89C,596
FUN_0015f8a0,0x0015F8A0,0x0015FE5C,1468
FUN_0015fe60,0x0015FE60,0x0016029C,1084
FUN_001602a0,0x001602A0,0x001602D0,48
FUN_001602d0,0x001602D0,0x001603C8,248
FUN_00160410,0x00160410,0x00160578,360
FUN_00160578,0x00160578,0x001605EC,116
FUN_001605f0,0x001605F0,0x00160654,100
FUN_00160658,0x00160658,0x0016085C,516
FUN_00160860,0x00160860,0x00160944,228
FUN_00160948,0x00160948,0x001609B0,104
FUN_001609c0,0x001609C0,0x00160A10,80
FUN_00160a10,0x00160A10,0x00160A30,32
FUN_00160a30,0x00160A30,0x00160ACC,156
FUN_00160ad0,0x00160AD0,0x00160B6C,156
FUN_00160ba8,0x00160BA8,0x00160BD0,40
FUN_00160bd0,0x00160BD0,0x00160DC8,504
FUN_00160dc8,0x00160DC8,0x001610CC,772
FUN_00161110,0x00161110,0x0016115C,76
FUN_00161160,0x00161160,0x001611BC,92
FUN_001611c0,0x001611C0,0x00161228,104
FUN_00161278,0x00161278,0x001613C4,332
FUN_001613c8,0x001613C8,0x0016146C,164
FUN_00161490,0x00161490,0x001614E8,88
FUN_001614f8,0x001614F8,0x00161550,88
FUN_00161550,0x00161550,0x001615C4,116
FUN_001615c8,0x001615C8,0x001615F0,40
FUN_001615f0,0x001615F0,0x00161730,320
FUN_00161730,0x00161730,0x0016188C,348
FUN_00161890,0x00161890,0x001619F0,352
FUN_001619f0,0x001619F0,0x00161B70,384
FUN_00161b70,0x00161B70,0x001621FC,1676
FUN_00162200,0x00162200,0x00162400,512
FUN_00162400,0x00162400,0x00162824,1060
FUN_00162828,0x00162828,0x00162974,332
FUN_00162978,0x00162978,0x001629A4,44
FUN_00162a58,0x00162A58,0x00162AD8,128
FUN_00162ad8,0x00162AD8,0x00162B7C,164
FUN_00162be0,0x00162BE0,0x00162CB0,208
FUN_00162cb0,0x00162CB0,0x00162D80,208
FUN_00162e20,0x00162E20,0x00162F48,296
FUN_00162f48,0x00162F48,0x00162FB0,104
FUN_00163000,0x00163000,0x0016304C,76
FUN_00163050,0x00163050,0x0016307C,44
FUN_00163080,0x00163080,0x00163188,264
FUN_00163188,0x00163188,0x001631A0,24
FUN_001631a0,0x001631A0,0x001631DC,60
FUN_001631e0,0x001631E0,0x00163278,152
FUN_00163278,0x00163278,0x00163288,16
FUN_00163288,0x00163288,0x00163298,16
FUN_00163298,0x00163298,0x00163300,104
FUN_00163300,0x00163300,0x00163390,144
FUN_001633e8,0x001633E8,0x001636CC,740
FUN_001636d0,0x001636D0,0x001636F8,40
FUN_001636f8,0x001636F8,0x00163750,88
FUN_00163768,0x00163768,0x00163790,40
FUN_00163790,0x00163790,0x001638F8,360
FUN_001638f8,0x001638F8,0x00163A1C,292
FUN_00163a20,0x00163A20,0x00163CB8,664
FUN_00163cb8,0x00163CB8,0x00163E18,352
FUN_00163e18,0x00163E18,0x00164254,1084
FUN_00164258,0x00164258,0x001642B0,88
FUN_001642b0,0x001642B0,0x00164308,88
FUN_00164308,0x00164308,0x0016445C,340
FUN_00164460,0x00164460,0x0016455C,252
FUN_00164560,0x00164560,0x0016462C,204
FUN_001646b0,0x001646B0,0x001647D8,296
FUN_001648a0,0x001648A0,0x00164940,160
FUN_00164980,0x00164980,0x00165418,2712
FUN_00165418,0x00165418,0x00165620,520
FUN_00165620,0x00165620,0x00165870,592
FUN_00165870,0x00165870,0x00165C10,928
FUN_00165c10,0x00165C10,0x00165C5C,76
FUN_00165c60,0x00165C60,0x00165C70,16
FUN_00165c70,0x00165C70,0x00165C9C,44
FUN_00165ca0,0x00165CA0,0x00165DCC,300
FUN_00165e08,0x00165E08,0x00165EB8,176
FUN_00165eb8,0x00165EB8,0x00165FE4,300
FUN_00165fe8,0x00165FE8,0x001660D8,240
FUN_001660d8,0x001660D8,0x00166140,104
FUN_001661d8,0x001661D8,0x00166200,40
FUN_00166200,0x00166200,0x0016626C,108
FUN_00166290,0x00166290,0x001663B8,296
FUN_001663b8,0x001663B8,0x001663E0,40
FUN_001663e0,0x001663E0,0x001665CC,492
FUN_001665d0,0x001665D0,0x001666AC,220
FUN_001666b0,0x001666B0,0x00166780,208
FUN_00166780,0x00166780,0x001667A4,36
FUN_001667a8,0x001667A8,0x001667CC,36
FUN_001667d0,0x001667D0,0x00166828,88
FUN_00166828,0x00166828,0x00166880,88
FUN_00166980,0x00166980,0x001669A8,40
FUN_001669a8,0x001669A8,0x00166CAC,772
FUN_00166cb0,0x00166CB0,0x00166F70,704
FUN_00166f70,0x00166F70,0x001670C0,336
FUN_001670c0,0x001670C0,0x001671AC,236
FUN_001671b0,0x001671B0,0x0016721C,108
FUN_00167220,0x00167220,0x00167254,52
FUN_00167258,0x00167258,0x001672C0,104
FUN_001672c0,0x001672C0,0x00167308,72
FUN_00167308,0x00167308,0x00167454,332
FUN_00167458,0x00167458,0x001674FC,164
FUN_00167500,0x00167500,0x00167584,132
FUN_00167588,0x00167588,0x00167610,136
FUN_00167630,0x00167630,0x001676EC,188
FUN_001676f0,0x001676F0,0x00167718,40
FUN_00167718,0x00167718,0x00167768,80
FUN_00167768,0x00167768,0x001678A8,320
FUN_001678a8,0x001678A8,0x00167CA0,1016
FUN_00167ca0,0x00167CA0,0x00167CF8,88
FUN_00167cf8,0x00167CF8,0x00167DBC,196
FUN_00167dc0,0x00167DC0,0x001680F8,824
FUN_001680f8,0x001680F8,0x001685A0,1192
FUN_001685a0,0x001685A0,0x00168844,676
FUN_00168848,0x00168848,0x00168884,60
FUN_00168888,0x00168888,0x001688EC,100
FUN_001688f0,0x001688F0,0x0016891C,44
FUN_00168920,0x00168920,0x00168A48,296
FUN_00168a48,0x00168A48,0x00168AB4,108
FUN_00168ab8,0x00168AB8,0x00168B34,124
FUN_00168b38,0x00168B38,0x00168B48,16
FUN_00168b48,0x00168B48,0x00168BD8,144
FUN_00168bd8,0x00168BD8,0x00168C74,156
FUN_00168c78,0x00168C78,0x00168CA8,48
FUN_00168ca8,0x00168CA8,0x00168CB0,8
FUN_00168ce0,0x00168CE0,0x00168D08,40
FUN_00168d08,0x00168D08,0x00168D70,104
FUN_00168d70,0x00168D70,0x00168DE4,116
FUN_00168de8,0x00168DE8,0x00168E10,40
FUN_00168e10,0x00168E10,0x00168FF0,480
FUN_00168ff0,0x00168FF0,0x00169200,528
FUN_00169200,0x00169200,0x00169258,88
FUN_00169258,0x00169258,0x00169280,40
FUN_00169280,0x00169280,0x001692A0,32
FUN_001692a0,0x001692A0,0x001692E0,64
FUN_001692e0,0x001692E0,0x00169308,40
FUN_00169308,0x00169308,0x00169334,44
FUN_00169338,0x00169338,0x00169384,76
FUN_00169388,0x00169388,0x001693EC,100
FUN_001693f0,0x001693F0,0x00169490,160
FUN_00169490,0x00169490,0x001694B0,32
FUN_001694d0,0x001694D0,0x0016953C,108
FUN_00169540,0x00169540,0x001695A4,100
FUN_001695b0,0x001695B0,0x0016968C,220
FUN_00169690,0x00169690,0x001696BC,44
FUN_001696c0,0x001696C0,0x0016973C,124
FUN_00169740,0x00169740,0x001698A0,352
FUN_001698a0,0x001698A0,0x001698F4,84
FUN_001698f8,0x001698F8,0x001699D4,220
FUN_001699d8,0x001699D8,0x001699E4,12
FUN_001699e8,0x001699E8,0x00169A10,40
FUN_00169a10,0x00169A10,0x00169C1C,524
FUN_00169c20,0x00169C20,0x00169C9C,124
FUN_00169ca0,0x00169CA0,0x00169CB4,20
FUN_00169cb8,0x00169CB8,0x00169D08,80
FUN_00169d08,0x00169D08,0x00169F60,600
FUN_00169f60,0x00169F60,0x0016A078,280
FUN_0016a078,0x0016A078,0x0016A174,252
FUN_0016a178,0x0016A178,0x0016A1F4,124
FUN_0016a1f8,0x0016A1F8,0x0016A230,56
FUN_0016a230,0x0016A230,0x0016A328,248
FUN_0016a328,0x0016A328,0x0016A39C,116
FUN_0016a3a0,0x0016A3A0,0x0016A40C,104
FUN_0016a438,0x0016A438,0x0016A478,64
FUN_0016a490,0x0016A490,0x0016A4A0,16
FUN_0016a4a0,0x0016A4A0,0x0016A4D0,48
FUN_0016a4d0,0x0016A4D0,0x0016A504,52
FUN_0016a508,0x0016A508,0x0016A53C,52
FUN_0016a540,0x0016A540,0x0016A578,56
FUN_0016a578,0x0016A578,0x0016A5AC,52
FUN_0016a5b0,0x0016A5B0,0x0016A5E8,56
FUN_0016a638,0x0016A638,0x0016A668,48
FUN_0016a668,0x0016A668,0x0016A690,40
FUN_0016a690,0x0016A690,0x0016A6CC,60
FUN_0016a6f0,0x0016A6F0,0x0016A724,52
FUN_0016a728,0x0016A728,0x0016A750,40
FUN_0016a750,0x0016A750,0x0016AC8C,1340
FUN_0016ac90,0x0016AC90,0x0016AF80,752
FUN_0016af80,0x0016AF80,0x0016B138,440
FUN_0016b138,0x0016B138,0x0016B94C,2068
FUN_0016b950,0x0016B950,0x0016BF44,1524
FUN_0016bf48,0x0016BF48,0x0016C140,504
FUN_0016c140,0x0016C140,0x0016C558,1048
FUN_0016c558,0x0016C558,0x0016C784,556
FUN_0016c788,0x0016C788,0x0016C968,480
FUN_0016c968,0x0016C968,0x0016CAEC,388
FUN_0016caf0,0x0016CAF0,0x0016CE20,816
FUN_0016ce20,0x0016CE20,0x0016D370,1360
FUN_0016d370,0x0016D370,0x0016D710,928
FUN_0016d710,0x0016D710,0x0016DA84,884
FUN_0016da88,0x0016DA88,0x0016DCA0,536
FUN_0016dca0,0x0016DCA0,0x0016E028,904
FUN_0016e028,0x0016E028,0x0016E3BC,916
FUN_0016e3c0,0x0016E3C0,0x0016E5B8,504
FUN_0016e5b8,0x0016E5B8,0x0016E818,608
FUN_0016e818,0x0016E818,0x0016E868,80
FUN_0016e868,0x0016E868,0x0016E938,208
FUN_0016e938,0x0016E938,0x0016E940,8
FUN_0016e950,0x0016E950,0x0016EA64,276
FUN_0016eaf8,0x0016EAF8,0x0016EBC0,200
FUN_0016ec70,0x0016EC70,0x0016ED00,144
FUN_0016ed38,0x0016ED38,0x0016ED60,40
FUN_0016ed60,0x0016ED60,0x0016ED70,16
FUN_0016ed70,0x0016ED70,0x0016ED80,16
FUN_0016ed80,0x0016ED80,0x0016ED90,16
FUN_0016efc8,0x0016EFC8,0x0016F020,88
FUN_0016f020,0x0016F020,0x0016F0A4,132
FUN_0016f130,0x0016F130,0x0016F184,84
FUN_0016f1d0,0x0016F1D0,0x0016F1F8,40
FUN_0016f1f8,0x0016F1F8,0x0016F2D8,224
FUN_0016f2d8,0x0016F2D8,0x0016F330,88
FUN_0016f330,0x0016F330,0x0016F368,56
FUN_0016f368,0x0016F368,0x0016F494,300
FUN_0016f498,0x0016F498,0x0016F5C0,296
FUN_0016f5c0,0x0016F5C0,0x0016F61C,92
FUN_0016f620,0x0016F620,0x0016F664,68
FUN_0016f668,0x0016F668,0x0016F714,172
FUN_0016f718,0x0016F718,0x0016F740,40
FUN_0016f740,0x0016F740,0x0016F760,32
FUN_0016f760,0x0016F760,0x0016F810,176
FUN_0016f810,0x0016F810,0x0016F94C,316
FUN_0016f950,0x0016F950,0x0016FA28,216
FUN_0016fa28,0x0016FA28,0x0016FAB8,144
FUN_0016fab8,0x0016FAB8,0x0016FBA0,232
FUN_0016fbc0,0x0016FBC0,0x0016FCB4,244
FUN_0016fcb8,0x0016FCB8,0x0016FCC4,12
FUN_0016fd28,0x0016FD28,0x0016FDE4,188
FUN_0016fe30,0x0016FE30,0x0016FE58,40
FUN_0016fe58,0x0016FE58,0x0016FE6C,20
FUN_0016fe70,0x0016FE70,0x0016FE80,16
FUN_0016fe80,0x0016FE80,0x0016FE90,16
FUN_0016fe90,0x0016FE90,0x0016FEA0,16
FUN_0016fea0,0x0016FEA0,0x0016FEB0,16
FUN_0016feb0,0x0016FEB0,0x0016FF98,232
FUN_0016ffa0,0x0016FFA0,0x0016FFB0,16
FUN_0016ffb0,0x0016FFB0,0x0016FFC0,16
FUN_0016ffc0,0x0016FFC0,0x0016FFD4,20
FUN_0016ffd8,0x0016FFD8,0x0016FFE8,16
FUN_0016ffe8,0x0016FFE8,0x00170030,72
FUN_00170030,0x00170030,0x00170040,16
FUN_00170040,0x00170040,0x00170050,16
FUN_00170050,0x00170050,0x00170094,68
FUN_00170098,0x00170098,0x001700A8,16
FUN_001700a8,0x001700A8,0x00170134,140
FUN_001702c0,0x001702C0,0x001702E8,40
FUN_001702e8,0x001702E8,0x00170B58,2160
FUN_00170b58,0x00170B58,0x001720E4,5516
FUN_001720e8,0x001720E8,0x001737AC,5828
FUN_001737b0,0x001737B0,0x00173E14,1636
FUN_00173e18,0x00173E18,0x001743B8,1440
FUN_001743b8,0x001743B8,0x001744A0,232
FUN_001744a0,0x001744A0,0x0017459C,252
FUN_001745a0,0x001745A0,0x001749F0,1104
FUN_001749f0,0x001749F0,0x00174A54,100
FUN_00174a58,0x00174A58,0x00174A8C,52
FUN_00174a90,0x00174A90,0x00174B28,152
FUN_00174b28,0x00174B28,0x00174B40,24
FUN_00174b40,0x00174B40,0x00174B8C,76
FUN_00174b90,0x00174B90,0x00174BBC,44
FUN_00174bf0,0x00174BF0,0x00174C30,64
FUN_00174c30,0x00174C30,0x00174C7C,76
FUN_00174c80,0x00174C80,0x00174D3C,188
FUN_00174d78,0x00174D78,0x00174DB0,56
FUN_00174db0,0x00174DB0,0x00174E0C,92
FUN_00174e10,0x00174E10,0x00174E58,72
FUN_00174e58,0x00174E58,0x00174EC0,104
FUN_00174ec0,0x00174EC0,0x00174F34,116
FUN_00174f38,0x00174F38,0x00174F7C,68
FUN_00174f80,0x00174F80,0x0017502C,172
FUN_00175030,0x00175030,0x00175050,32
FUN_00175050,0x00175050,0x00175214,452
FUN_00175218,0x00175218,0x0017528C,116
FUN_00175290,0x00175290,0x00175330,160
FUN_00175330,0x00175330,0x00175380,80
FUN_00175380,0x00175380,0x00175450,208
FUN_00175450,0x00175450,0x00175484,52
FUN_00175488,0x00175488,0x00175510,136
FUN_00175510,0x00175510,0x00175554,68
FUN_00175558,0x00175558,0x001755FC,164
FUN_00175600,0x00175600,0x00175664,100
FUN_00175668,0x00175668,0x001756FC,148
FUN_00175700,0x00175700,0x001757D0,208
FUN_001757d0,0x001757D0,0x00175874,164
FUN_00175878,0x00175878,0x00175998,288
FUN_00175998,0x00175998,0x00175A3C,164
FUN_00175a40,0x00175A40,0x00175B40,256
FUN_00175b40,0x00175B40,0x00175B68,40
FUN_00175b68,0x00175B68,0x00176014,1196
FUN_00176018,0x00176018,0x00176070,88
FUN_00176070,0x00176070,0x00176090,32
FUN_00176090,0x00176090,0x0017614C,188
FUN_00176150,0x00176150,0x00176208,184
FUN_00176208,0x00176208,0x001762F4,236
FUN_001762f8,0x001762F8,0x0017666C,884
FUN_00176670,0x00176670,0x00176828,440
FUN_00176828,0x00176828,0x00176AD0,680
FUN_00176ad0,0x00176AD0,0x00176D9C,716
FUN_00176da0,0x00176DA0,0x00176F98,504
FUN_00176f98,0x00176F98,0x00177160,456
FUN_00177160,0x00177160,0x00177400,672
FUN_00177400,0x00177400,0x001774CC,204
FUN_001774d0,0x001774D0,0x00177508,56
FUN_00177508,0x00177508,0x00177830,808
FUN_00177830,0x00177830,0x00177B04,724
FUN_00177b08,0x00177B08,0x00177DDC,724
FUN_00177de0,0x00177DE0,0x00178470,1680
FUN_00178470,0x00178470,0x00178EC4,2644
FUN_00178ec8,0x00178EC8,0x00179084,444
FUN_00179088,0x00179088,0x001796CC,1604
FUN_001796d0,0x001796D0,0x00179918,584
FUN_00179918,0x00179918,0x00179B60,584
FUN_00179b60,0x00179B60,0x00179D6C,524
FUN_00179d70,0x00179D70,0x0017A098,808
FUN_0017a098,0x0017A098,0x0017AAF8,2656
FUN_0017aaf8,0x0017AAF8,0x0017AC60,360
FUN_0017ac60,0x0017AC60,0x0017AD7C,284
FUN_0017ad80,0x0017AD80,0x0017ADE8,104
FUN_0017ade8,0x0017ADE8,0x0017AE50,104
FUN_0017aee0,0x0017AEE0,0x0017AF08,40
FUN_0017b018,0x0017B018,0x0017B0D8,192
FUN_0017b1b8,0x0017B1B8,0x0017B2B0,248
FUN_0017b2b0,0x0017B2B0,0x0017B374,196
FUN_0017b3e0,0x0017B3E0,0x0017B460,128
FUN_0017b650,0x0017B650,0x0017B6D8,136
FUN_0017b6d8,0x0017B6D8,0x0017B778,160
FUN_0017b778,0x0017B778,0x0017B7A8,48
FUN_0017b7a8,0x0017B7A8,0x0017B7CC,36
FUN_0017b7d0,0x0017B7D0,0x0017B87C,172
FUN_0017b880,0x0017B880,0x0017B8A4,36
FUN_0017b8a8,0x0017B8A8,0x0017B954,172
FUN_0017b958,0x0017B958,0x0017BA3C,228
FUN_0017ba40,0x0017BA40,0x0017BB24,228
FUN_0017bb28,0x0017BB28,0x0017BB50,40
FUN_0017bb50,0x0017BB50,0x0017BC78,296
FUN_0017bc78,0x0017BC78,0x0017BD80,264
FUN_0017bd80,0x0017BD80,0x0017BDA0,32
FUN_0017bda0,0x0017BDA0,0x0017BE28,136
FUN_0017be28,0x0017BE28,0x0017BE48,32
FUN_0017be48,0x0017BE48,0x0017BFBC,372
FUN_0017c110,0x0017C110,0x0017C1B4,164
FUN_0017c1b8,0x0017C1B8,0x0017C200,72
FUN_0017c2b8,0x0017C2B8,0x0017C398,224
FUN_0017c398,0x0017C398,0x0017C478,224
FUN_0017c478,0x0017C478,0x0017C520,168
FUN_0017c520,0x0017C520,0x0017C584,100
FUN_0017c588,0x0017C588,0x0017C5EC,100
FUN_0017c5f0,0x0017C5F0,0x0017C710,288
FUN_0017c7e8,0x0017C7E8,0x0017C900,280
FUN_0017c900,0x0017C900,0x0017C964,100
FUN_0017c968,0x0017C968,0x0017C9CC,100
FUN_0017c9d0,0x0017C9D0,0x0017CA34,100
FUN_0017ca38,0x0017CA38,0x0017CA9C,100
FUN_0017caa0,0x0017CAA0,0x0017CB04,100
FUN_0017cb08,0x0017CB08,0x0017CB6C,100
FUN_0017cc80,0x0017CC80,0x0017CD1C,156
FUN_0017cd20,0x0017CD20,0x0017CDF4,212
FUN_0017cdf8,0x0017CDF8,0x0017CE68,112
FUN_0017ce68,0x0017CE68,0x0017CF0C,164
FUN_0017cf10,0x0017CF10,0x0017CF34,36
FUN_0017cf38,0x0017CF38,0x0017CF48,16
FUN_0017cf58,0x0017CF58,0x0017CF68,16
FUN_0017cf68,0x0017CF68,0x0017CF78,16
FUN_0017cf78,0x0017CF78,0x0017D044,204
FUN_0017d048,0x0017D048,0x0017D32C,740
FUN_0017d330,0x0017D330,0x0017D3D0,160
FUN_0017d3d0,0x0017D3D0,0x0017D8E0,1292
FUN_0017d8e0,0x0017D8E0,0x0017DA30,336
FUN_0017da30,0x0017DA30,0x0017DB74,324
FUN_0017db78,0x0017DB78,0x0017DC54,220
FUN_0017dc58,0x0017DC58,0x0017DD18,192
FUN_0017dd18,0x0017DD18,0x0017DDF0,216
FUN_0017ddf0,0x0017DDF0,0x0017DDFC,12
FUN_0017de00,0x0017DE00,0x0017DE28,40
FUN_0017de28,0x0017DE28,0x0017DEA4,124
FUN_0017dea8,0x0017DEA8,0x0017E3B4,1292
FUN_0017e3b8,0x0017E3B8,0x0017E9E0,1576
FUN_0017e9e0,0x0017E9E0,0x0017EBD8,504
FUN_0017ebd8,0x0017EBD8,0x0017F0F0,1304
FUN_0017f0f0,0x0017F0F0,0x0017F430,832
FUN_0017f430,0x0017F430,0x0017F640,528
FUN_0017f640,0x0017F640,0x0017FA84,1092
FUN_0017fa88,0x0017FA88,0x0017FBF0,360
FUN_0017fbf0,0x0017FBF0,0x0017FC00,16
FUN_0017fc00,0x0017FC00,0x0017FC44,68
FUN_0017fc48,0x0017FC48,0x0017FC74,44
FUN_0017fc78,0x0017FC78,0x0017FCA8,48
FUN_0017fca8,0x0017FCA8,0x0017FCD8,48
FUN_0017fcd8,0x0017FCD8,0x0017FD8C,180
FUN_0017fd90,0x0017FD90,0x0017FDCC,60
FUN_0017fdd0,0x0017FDD0,0x0017FDF8,40
FUN_0017fdf8,0x0017FDF8,0x0017FE08,16
FUN_0017fe08,0x0017FE08,0x0017FE50,72
FUN_0017fe50,0x0017FE50,0x0017FEB0,96
FUN_0017feb0,0x0017FEB0,0x0017FFC8,280
FUN_0017ffc8,0x0017FFC8,0x00180054,140
FUN_00180138,0x00180138,0x00180198,96
FUN_00180198,0x00180198,0x00180284,236
FUN_001802e8,0x001802E8,0x00180364,124
FUN_00180368,0x00180368,0x001804B0,328
FUN_001804b0,0x001804B0,0x0018054C,156
FUN_00180550,0x00180550,0x00180574,36
FUN_00180578,0x00180578,0x001805A4,44
FUN_00180638,0x00180638,0x001806DC,164
FUN_001806e0,0x001806E0,0x0018074C,108
FUN_00180750,0x00180750,0x001807F0,160
FUN_00180810,0x00180810,0x001808C4,180
FUN_001808c8,0x001808C8,0x001808F0,40
FUN_001808f0,0x001808F0,0x00180BB0,704
FUN_00180bb0,0x00180BB0,0x00180FC8,1048
FUN_00180fc8,0x00180FC8,0x00181538,1392
FUN_00181538,0x00181538,0x001816A8,368
FUN_001816a8,0x001816A8,0x00181820,376
FUN_00181820,0x00181820,0x00181A50,560
FUN_00181a50,0x00181A50,0x00181A58,8
FUN_00181a58,0x00181A58,0x00181E18,960
FUN_00181e18,0x00181E18,0x00181F10,248
FUN_00181f10,0x00181F10,0x00181F50,64
FUN_00181f50,0x00181F50,0x00181F9C,76
FUN_00181fa0,0x00181FA0,0x00181FCC,44
FUN_00181fd0,0x00181FD0,0x00182094,196
FUN_00182098,0x00182098,0x001820BC,36
FUN_001820c0,0x001820C0,0x001820E4,36
FUN_001820e8,0x001820E8,0x00182114,44
FUN_00182118,0x00182118,0x00182128,16
FUN_00182128,0x00182128,0x001821CC,164
FUN_001821d0,0x001821D0,0x00182274,164
FUN_00182278,0x00182278,0x001822FC,132
FUN_00182300,0x00182300,0x0018233C,60
FUN_00182340,0x00182340,0x00182350,16
FUN_00182350,0x00182350,0x00182434,228
FUN_00182438,0x00182438,0x00182508,208
FUN_00182590,0x00182590,0x001826A8,280
FUN_00182778,0x00182778,0x0018280C,148
FUN_00182810,0x00182810,0x00182820,16
FUN_00182820,0x00182820,0x00182854,52
FUN_00182858,0x00182858,0x00182A18,448
FUN_00182a18,0x00182A18,0x00182A90,120
FUN_00182a90,0x00182A90,0x00182BF8,360
FUN_00182bf8,0x00182BF8,0x00182C7C,132
FUN_00182c80,0x00182C80,0x00182CE8,104
FUN_00182ce8,0x00182CE8,0x00182CF8,16
FUN_00182cf8,0x00182CF8,0x00182D3C,68
FUN_00182d40,0x00182D40,0x00182D7C,60
FUN_00182d80,0x00182D80,0x00182DBC,60
FUN_00182dc0,0x00182DC0,0x00182DFC,60
FUN_00182e00,0x00182E00,0x00182E44,68
FUN_00182e48,0x00182E48,0x00182E88,64
FUN_00182ea0,0x00182EA0,0x00182F34,148
FUN_00182f38,0x00182F38,0x00182FC0,136
FUN_00182fc0,0x00182FC0,0x0018314C,396
FUN_00183150,0x00183150,0x00183178,40
FUN_00183178,0x00183178,0x00183380,520
FUN_00183380,0x00183380,0x00183600,640
FUN_00183600,0x00183600,0x00183760,352
FUN_00183760,0x00183760,0x00183964,516
FUN_00183968,0x00183968,0x00183978,16
FUN_00183978,0x00183978,0x00183DA0,1064
FUN_00183da0,0x00183DA0,0x00183F08,360
FUN_00183f08,0x00183F08,0x00183FD4,204
FUN_00183fd8,0x00183FD8,0x0018448C,1204
FUN_00184490,0x00184490,0x00184A74,1508
FUN_00184a78,0x00184A78,0x00184CD0,600
FUN_00184cd0,0x00184CD0,0x00184D98,200
FUN_00184d98,0x00184D98,0x00184FA0,520
FUN_00184fa0,0x00184FA0,0x0018512C,396
FUN_00185130,0x00185130,0x00185680,1360
FUN_00185680,0x00185680,0x0018596C,748
FUN_00185970,0x00185970,0x00185D18,936
FUN_00185d18,0x00185D18,0x00185EEC,468
FUN_00185ef0,0x00185EF0,0x00185FF8,264
FUN_00185ff8,0x00185FF8,0x00186358,864
FUN_00186358,0x00186358,0x00186588,560
FUN_00186588,0x00186588,0x001867CC,580
FUN_001867d0,0x001867D0,0x00186DC8,1528
FUN_00186dc8,0x00186DC8,0x00187004,572
FUN_00187008,0x00187008,0x00187164,348
FUN_00187168,0x00187168,0x00187348,480
FUN_00187348,0x00187348,0x001878D4,1420
FUN_001878d8,0x001878D8,0x00187EF4,1564
FUN_00187ef8,0x00187EF8,0x00188330,1080
FUN_00188330,0x00188330,0x001888A8,1400
FUN_001888a8,0x001888A8,0x00188F90,1768
FUN_00188f90,0x00188F90,0x00189434,1188
FUN_00189438,0x00189438,0x00189988,1360
FUN_00189988,0x00189988,0x00189AF8,368
FUN_00189af8,0x00189AF8,0x0018A084,1420
FUN_0018a088,0x0018A088,0x0018A638,1456
FUN_0018a638,0x0018A638,0x0018AC50,1560
FUN_0018ac50,0x0018AC50,0x0018AE78,552
FUN_0018ae78,0x0018AE78,0x0018B0E0,616
FUN_0018b0e0,0x0018B0E0,0x0018B2E0,512
FUN_0018b2e0,0x0018B2E0,0x0018B418,312
FUN_0018b418,0x0018B418,0x0018B550,312
FUN_0018b550,0x0018B550,0x0018C4A8,3928
FUN_0018c4a8,0x0018C4A8,0x0018C800,856
FUN_0018c800,0x0018C800,0x0018C964,356
FUN_0018c968,0x0018C968,0x0018C9E4,124
FUN_0018c9e8,0x0018C9E8,0x0018CA70,136
FUN_0018ca70,0x0018CA70,0x0018CA98,40
FUN_0018ca98,0x0018CA98,0x0018CAC0,40
FUN_0018cac0,0x0018CAC0,0x0018CAE8,40
FUN_0018cae8,0x0018CAE8,0x0018CB10,40
FUN_0018cb10,0x0018CB10,0x0018CB38,40
FUN_0018cb38,0x0018CB38,0x0018CB60,40
FUN_0018cb60,0x0018CB60,0x0018CB88,40
FUN_0018cbd8,0x0018CBD8,0x0018CD00,296
FUN_0018cd00,0x0018CD00,0x0018CE94,404
FUN_0018cf20,0x0018CF20,0x0018CFF8,216
FUN_0018cff8,0x0018CFF8,0x0018D044,76
FUN_0018d118,0x0018D118,0x0018D1A0,136
FUN_0018d1a0,0x0018D1A0,0x0018D208,104
FUN_0018d208,0x0018D208,0x0018D270,104
FUN_0018d270,0x0018D270,0x0018D358,232
FUN_0018d358,0x0018D358,0x0018D400,168
FUN_0018d408,0x0018D408,0x0018D470,104
FUN_0018d470,0x0018D470,0x0018D57C,268
FUN_0018d580,0x0018D580,0x0018D624,164
FUN_0018d628,0x0018D628,0x0018D6C4,156
FUN_0018d6c8,0x0018D6C8,0x0018D788,192
FUN_0018d788,0x0018D788,0x0018D814,140
FUN_0018d818,0x0018D818,0x0018D8CC,180
FUN_0018d8d0,0x0018D8D0,0x0018D90C,60
FUN_0018d910,0x0018D910,0x0018D9E4,212
FUN_0018d9e8,0x0018D9E8,0x0018DAAC,196
FUN_0018dab0,0x0018DAB0,0x0018DB14,96
FUN_0018db98,0x0018DB98,0x0018DC54,188
FUN_0018dc58,0x0018DC58,0x0018DC80,40
FUN_0018dc80,0x0018DC80,0x0018DD14,148
FUN_0018dd18,0x0018DD18,0x0018DD40,40
FUN_0018dd40,0x0018DD40,0x0018DDE4,164
FUN_0018dde8,0x0018DDE8,0x0018DFCC,484
FUN_0018dfd0,0x0018DFD0,0x0018DFD8,8
FUN_0018dfd8,0x0018DFD8,0x0018E014,60
FUN_0018e018,0x0018E018,0x0018E170,344
FUN_0018e170,0x0018E170,0x0018E2AC,316
FUN_0018e2b0,0x0018E2B0,0x0018E37C,204
FUN_0018e380,0x0018E380,0x0018E430,176
FUN_0018e430,0x0018E430,0x0018E580,336
FUN_0018e580,0x0018E580,0x0018E5A0,32
FUN_0018e5a0,0x0018E5A0,0x0018E5C0,32
FUN_0018e648,0x0018E648,0x0018E67C,52
FUN_0018e680,0x0018E680,0x0018E694,20
FUN_0018e6d0,0x0018E6D0,0x0018E758,136
FUN_0018e758,0x0018E758,0x0018E784,44
FUN_0018e7c0,0x0018E7C0,0x0018E81C,92
FUN_0018e820,0x0018E820,0x0018E8B4,148
FUN_0018e8b8,0x0018E8B8,0x0018E964,172
FUN_0018e968,0x0018E968,0x0018EA20,184
FUN_0018ea20,0x0018EA20,0x0018EAB4,148
FUN_0018eac8,0x0018EAC8,0x0018EB54,140
FUN_0018eb68,0x0018EB68,0x0018EC54,236
FUN_0018ec58,0x0018EC58,0x0018ED30,216
FUN_0018ed30,0x0018ED30,0x0018EE34,260
FUN_0018ee38,0x0018EE38,0x0018EF94,348
FUN_0018ef98,0x0018EF98,0x0018F068,208
FUN_0018f068,0x0018F068,0x0018F0BC,84
FUN_0018f0c0,0x0018F0C0,0x0018F11C,92
FUN_0018f120,0x0018F120,0x0018F150,48
FUN_0018f150,0x0018F150,0x0018F218,200
FUN_0018f218,0x0018F218,0x0018F24C,52
FUN_0018f250,0x0018F250,0x0018F2EC,156
FUN_0018f2f0,0x0018F2F0,0x0018F37C,140
FUN_0018f380,0x0018F380,0x0018F3B4,52
FUN_0018f3b8,0x0018F3B8,0x0018F41C,100
FUN_0018f420,0x0018F420,0x0018F484,100
FUN_0018f488,0x0018F488,0x0018F544,188
FUN_0018f548,0x0018F548,0x0018F5CC,132
FUN_0018f5d0,0x0018F5D0,0x0018F608,56
FUN_0018f608,0x0018F608,0x0018F640,56
FUN_0018f640,0x0018F640,0x0018F6E0,160
FUN_0018f6e0,0x0018F6E0,0x0018F780,160
FUN_0018f780,0x0018F780,0x0018F820,160
FUN_0018f820,0x0018F820,0x0018F8C0,160
FUN_0018f8c0,0x0018F8C0,0x0018F918,88
FUN_0018f918,0x0018F918,0x0018F974,92
FUN_0018f978,0x0018F978,0x0018FA5C,228
FUN_0018fa90,0x0018FA90,0x0018FAC8,56
FUN_0018fac8,0x0018FAC8,0x0018FB44,124
FUN_0018fb48,0x0018FB48,0x0018FB70,40
FUN_0018fb70,0x0018FB70,0x0018FD20,432
FUN_0018fd20,0x0018FD20,0x0018FF54,564
FUN_0018ff58,0x0018FF58,0x0019018C,564
FUN_00190190,0x00190190,0x001903C4,564
FUN_001903c8,0x001903C8,0x001905FC,564
FUN_00190600,0x00190600,0x00190B34,1332
FUN_00190b38,0x00190B38,0x00190D6C,564
FUN_00190d70,0x00190D70,0x00190F28,440
FUN_00190f28,0x00190F28,0x00190F7C,84
FUN_00190fd8,0x00190FD8,0x0019102C,84
FUN_001910e0,0x001910E0,0x00191218,312
FUN_00191218,0x00191218,0x00191310,244
FUN_00191310,0x00191310,0x001913FC,232
FUN_00191400,0x00191400,0x001914B8,180
FUN_001914b8,0x001914B8,0x0019150C,84
FUN_00191538,0x00191538,0x0019154C,20
FUN_00191730,0x00191730,0x001917A8,120
FUN_001917a8,0x001917A8,0x00191820,120
FUN_00191820,0x00191820,0x00191898,120
FUN_00191898,0x00191898,0x00191910,120
FUN_00191910,0x00191910,0x00191928,24
FUN_00191928,0x00191928,0x00191954,44
FUN_001919a8,0x001919A8,0x001919EC,68
FUN_001919f0,0x001919F0,0x00191A28,56
FUN_00191a28,0x00191A28,0x00191AA4,124
FUN_00191aa8,0x00191AA8,0x00191B24,124
FUN_00191b28,0x00191B28,0x00191B40,24
FUN_00191b40,0x00191B40,0x00191B6C,44
FUN_00191b70,0x00191B70,0x00191B88,24
FUN_00191b88,0x00191B88,0x00191BEC,100
FUN_00191bf0,0x00191BF0,0x00191C74,132
FUN_00191c78,0x00191C78,0x00191D04,140
FUN_00191d08,0x00191D08,0x00191D58,80
FUN_00191d58,0x00191D58,0x00191DD0,120
FUN_00191dd0,0x00191DD0,0x00191E1C,76
FUN_00191e20,0x00191E20,0x00191F20,256
FUN_00191f20,0x00191F20,0x00191FD0,176
FUN_00191fd0,0x00191FD0,0x001920B4,228
FUN_001920b8,0x001920B8,0x001937D0,5912
FUN_001937d0,0x001937D0,0x001938E8,280
FUN_001938e8,0x001938E8,0x00196B14,12844
FUN_00196b18,0x00196B18,0x0019744C,2356
FUN_00197450,0x00197450,0x001978E0,1168
FUN_001978e0,0x001978E0,0x00197E28,1352
FUN_00197e28,0x00197E28,0x00198220,1016
FUN_00198220,0x00198220,0x00198638,1048
FUN_00198638,0x00198638,0x00198950,792
FUN_00198950,0x00198950,0x00198C94,836
FUN_00198c98,0x00198C98,0x00198F58,704
FUN_00198f58,0x00198F58,0x00199290,824
FUN_00199290,0x00199290,0x001994D8,584
FUN_001994d8,0x001994D8,0x00199890,952
FUN_00199890,0x00199890,0x00199F4C,1724
FUN_00199f50,0x00199F50,0x00199FD8,136
FUN_00199fd8,0x00199FD8,0x0019A0CC,244
FUN_0019a258,0x0019A258,0x0019A3A8,336
FUN_0019a3a8,0x0019A3A8,0x0019A410,104
FUN_0019a410,0x0019A410,0x0019A478,104
FUN_0019a478,0x0019A478,0x0019A4B0,56
FUN_0019a4b0,0x0019A4B0,0x0019A4DC,44
FUN_0019a4e0,0x0019A4E0,0x0019A56C,140
FUN_0019a668,0x0019A668,0x0019A6A0,56
FUN_0019a6a8,0x0019A6A8,0x0019A9F0,840
FUN_0019aa80,0x0019AA80,0x0019AAD0,80
FUN_0019aad0,0x0019AAD0,0x0019AB04,52
FUN_0019ab60,0x0019AB60,0x0019AC54,244
FUN_0019ac58,0x0019AC58,0x0019AD94,316
FUN_0019ad98,0x0019AD98,0x0019AE1C,132
FUN_0019ae20,0x0019AE20,0x0019B120,768
FUN_0019b120,0x0019B120,0x0019B254,304
FUN_0019b258,0x0019B258,0x0019B370,280
FUN_0019b370,0x0019B370,0x0019BCBC,2380
FUN_0019bcc0,0x0019BCC0,0x0019BF54,660
FUN_0019bf58,0x0019BF58,0x0019C0DC,388
FUN_0019c0e0,0x0019C0E0,0x0019C1E8,264
FUN_0019c1e8,0x0019C1E8,0x0019C394,428
FUN_0019c398,0x0019C398,0x0019C760,968
FUN_0019c8d0,0x0019C8D0,0x0019CBB0,736
FUN_0019cbb0,0x0019CBB0,0x0019D2D0,1824
FUN_0019d2d0,0x0019D2D0,0x0019D578,680
FUN_0019d578,0x0019D578,0x0019D78C,532
FUN_0019d790,0x0019D790,0x0019D9C8,568
FUN_0019d9c8,0x0019D9C8,0x0019DAF0,296
FUN_0019daf0,0x0019DAF0,0x0019DC1C,300
FUN_0019dc20,0x0019DC20,0x0019DE10,100
FUN_0019de10,0x0019DE10,0x0019E040,560
FUN_0019e040,0x0019E040,0x0019E1B4,372
FUN_0019e1b8,0x0019E1B8,0x0019E3B4,508
FUN_0019e3b8,0x0019E3B8,0x0019E650,664
FUN_0019e650,0x0019E650,0x0019E75C,268
FUN_0019e760,0x0019E760,0x0019E924,452
FUN_0019e928,0x0019E928,0x0019EA70,328
FUN_0019ea70,0x0019EA70,0x0019EDD0,864
FUN_0019edd0,0x0019EDD0,0x0019EF4C,380
FUN_0019ef50,0x0019EF50,0x0019F0DC,396
FUN_0019f0e0,0x0019F0E0,0x0019F480,928
FUN_0019f480,0x0019F480,0x0019F8A4,1060
FUN_0019f8a8,0x0019F8A8,0x0019FB4C,676
FUN_0019fb50,0x0019FB50,0x0019FF30,992
FUN_0019ff30,0x0019FF30,0x001A0070,320
FUN_001a0070,0x001A0070,0x001A0348,728
FUN_001a0348,0x001A0348,0x001A0A28,1756
FUN_001a0a28,0x001A0A28,0x001A0E88,1120
FUN_001a0e88,0x001A0E88,0x001A100C,388
FUN_001a1010,0x001A1010,0x001A11FC,492
FUN_001a1200,0x001A1200,0x001A1358,344
FUN_001a1358,0x001A1358,0x001A1544,492
FUN_001a1548,0x001A1548,0x001A1714,460
FUN_001a1718,0x001A1718,0x001A17E4,204
FUN_001a17e8,0x001A17E8,0x001A1908,288
FUN_001a1908,0x001A1908,0x001A1A28,288
FUN_001a1a28,0x001A1A28,0x001A1B48,288
FUN_001a1b48,0x001A1B48,0x001A203C,1268
FUN_001a2040,0x001A2040,0x001A2210,464
FUN_001a2210,0x001A2210,0x001A23E8,472
FUN_001a23f8,0x001A23F8,0x001A2408,16
FUN_001a2408,0x001A2408,0x001A2434,44
FUN_001a2490,0x001A2490,0x001A24A0,16
FUN_001a24a0,0x001A24A0,0x001A254C,172
FUN_001a2550,0x001A2550,0x001A2570,32
FUN_001a2570,0x001A2570,0x001A25DC,108
FUN_001a25e0,0x001A25E0,0x001A25EC,12
FUN_001a2628,0x001A2628,0x001A26A0,120
FUN_001a26a0,0x001A26A0,0x001A2770,208
FUN_001a2770,0x001A2770,0x001A2864,244
FUN_001a2868,0x001A2868,0x001A2890,40
FUN_001a2890,0x001A2890,0x001A28BC,44
FUN_001a28c0,0x001A28C0,0x001A2928,104
FUN_001a2928,0x001A2928,0x001A29CC,164
FUN_001a29d0,0x001A29D0,0x001A2A3C,108
FUN_001a2a40,0x001A2A40,0x001A2A6C,44
FUN_001a2a70,0x001A2A70,0x001A2A80,16
FUN_001a2a80,0x001A2A80,0x001A2BCC,332
FUN_001a2c30,0x001A2C30,0x001A2CAC,124
FUN_001a2cb0,0x001A2CB0,0x001A2D44,148
FUN_001a2d48,0x001A2D48,0x001A2DF4,172
FUN_001a2df8,0x001A2DF8,0x001A2FA4,428
FUN_001a2fa8,0x001A2FA8,0x001A3038,144
FUN_001a3038,0x001A3038,0x001A30F0,184
FUN_001a30f0,0x001A30F0,0x001A3188,152
FUN_001a3188,0x001A3188,0x001A31F4,108
FUN_001a3290,0x001A3290,0x001A32CC,60
FUN_001a32d0,0x001A32D0,0x001A330C,60
FUN_001a3310,0x001A3310,0x001A334C,60
FUN_001a3350,0x001A3350,0x001A338C,60
FUN_001a3390,0x001A3390,0x001A33C8,56
FUN_001a33c8,0x001A33C8,0x001A3454,140
FUN_001a3458,0x001A3458,0x001A34E4,140
FUN_001a35f0,0x001A35F0,0x001A36E4,244
FUN_001a36e8,0x001A36E8,0x001A376C,132
FUN_001a3770,0x001A3770,0x001A379C,44
FUN_001a37a0,0x001A37A0,0x001A3884,228
FUN_001a3888,0x001A3888,0x001A38BC,52
FUN_001a38c0,0x001A38C0,0x001A3988,200
FUN_001a3988,0x001A3988,0x001A3A50,200
FUN_001a3ad0,0x001A3AD0,0x001A3B30,96
FUN_001a3b30,0x001A3B30,0x001A3B90,96
FUN_001a3b90,0x001A3B90,0x001A3C04,116
FUN_001a3c08,0x001A3C08,0x001A3C60,88
FUN_001a3c60,0x001A3C60,0x001A3C88,40
FUN_001a3c88,0x001A3C88,0x001A3CB0,40
FUN_001a3cb0,0x001A3CB0,0x001A3E8C,476
FUN_001a3e90,0x001A3E90,0x001A414C,700
FUN_001a4150,0x001A4150,0x001A4470,148
FUN_001a4470,0x001A4470,0x001A4798,808
FUN_001a4798,0x001A4798,0x001A4944,428
FUN_001a4948,0x001A4948,0x001A4DC8,1152
FUN_001a4dc8,0x001A4DC8,0x001A4F8C,124
FUN_001a4f90,0x001A4F90,0x001A50DC,332
FUN_001a50e0,0x001A50E0,0x001A5320,576
FUN_001a5320,0x001A5320,0x001A55C4,676
FUN_001a55c8,0x001A55C8,0x001A59C8,1024
FUN_001a59c8,0x001A59C8,0x001A5AF0,296
FUN_001a5af0,0x001A5AF0,0x001A5C14,292
FUN_001a5c18,0x001A5C18,0x001A5FD4,956
FUN_001a5fd8,0x001A5FD8,0x001A612C,340
FUN_001a6130,0x001A6130,0x001A63BC,652
FUN_001a63c0,0x001A63C0,0x001A6584,452
FUN_001a6588,0x001A6588,0x001A6900,888
FUN_001a6900,0x001A6900,0x001A6AA8,424
FUN_001a6aa8,0x001A6AA8,0x001A6C68,448
FUN_001a6c68,0x001A6C68,0x001A6DB0,328
FUN_001a6f68,0x001A6F68,0x001A6FA0,56
FUN_001a6fa0,0x001A6FA0,0x001A7018,120
FUN_001a7018,0x001A7018,0x001A7028,16
FUN_001a7028,0x001A7028,0x001A7058,48
FUN_001a7058,0x001A7058,0x001A70E0,136
FUN_001a70e0,0x001A70E0,0x001A7148,104
FUN_001a7148,0x001A7148,0x001A71D8,144
FUN_001a71d8,0x001A71D8,0x001A7270,152
FUN_001a7270,0x001A7270,0x001A730C,156
FUN_001a7310,0x001A7310,0x001A733C,44
FUN_001a7340,0x001A7340,0x001A7404,196
FUN_001a7408,0x001A7408,0x001A7430,40
FUN_001a7430,0x001A7430,0x001A74AC,124
FUN_001a74b0,0x001A74B0,0x001A755C,172
FUN_001a7560,0x001A7560,0x001A7654,244
FUN_001a7658,0x001A7658,0x001A7680,40
FUN_001a7680,0x001A7680,0x001A7780,256
FUN_001a7868,0x001A7868,0x001A7890,40
FUN_001a7890,0x001A7890,0x001A78B8,40
FUN_001a78b8,0x001A78B8,0x001A7918,96
FUN_001a7918,0x001A7918,0x001A7980,104
FUN_001a7980,0x001A7980,0x001A7A04,132
FUN_001a7a08,0x001A7A08,0x001A7A18,16
FUN_001a7a18,0x001A7A18,0x001A7A24,12
FUN_001a7a28,0x001A7A28,0x001A7A34,12
FUN_001a7a38,0x001A7A38,0x001A7A44,12
FUN_001a7a48,0x001A7A48,0x001A7ABC,116
FUN_001a7ac0,0x001A7AC0,0x001A7B2C,108
FUN_001a7b30,0x001A7B30,0x001A7BA8,120
FUN_001a7ba8,0x001A7BA8,0x001A7CA4,252
FUN_001a7ca8,0x001A7CA8,0x001A7E10,360
FUN_001a7e50,0x001A7E50,0x001A7E7C,44
FUN_001a7e80,0x001A7E80,0x001A7EA8,40
FUN_001a7ea8,0x001A7EA8,0x001A7ED0,40
FUN_001a7ed0,0x001A7ED0,0x001A8028,344
FUN_001a8028,0x001A8028,0x001A8188,352
FUN_001a8188,0x001A8188,0x001A82E8,352
FUN_001a82e8,0x001A82E8,0x001A85E0,132
FUN_001a85e0,0x001A85E0,0x001A8784,100
FUN_001a8788,0x001A8788,0x001A88D8,336
DebugMenuUpdate,0x001A88D8,0x001A8A60,392
FUN_001a8a60,0x001A8A60,0x001A8D88,808
FUN_001a8d88,0x001A8D88,0x001A8F2C,420
FUN_001a8f30,0x001A8F30,0x001A9484,172
FUN_001a9488,0x001A9488,0x001A9698,528
FUN_001a9698,0x001A9698,0x001A9A00,872
FUN_001a9a00,0x001A9A00,0x001A9B48,328
FUN_001a9b48,0x001A9B48,0x001A9C88,320
FUN_001a9c88,0x001A9C88,0x001A9F50,712
FUN_001a9f50,0x001A9F50,0x001AA424,1232
FUN_001aa428,0x001AA428,0x001AA518,240
SelectFreeCam,0x001AA558,0x001AA5B8,96
SelectFreezeCam,0x001AA5B8,0x001AA62C,116
FUN_001aa630,0x001AA630,0x001AA678,72
FUN_001aa678,0x001AA678,0x001AA6EC,116
FUN_001aa708,0x001AA708,0x001AA7A0,152
FUN_001aa810,0x001AA810,0x001AA8BC,172
FUN_001aa8c0,0x001AA8C0,0x001AA9A4,228
FUN_001aa9a8,0x001AA9A8,0x001AAA54,172
FUN_001aaa58,0x001AAA58,0x001AAAD8,128
GodModeToggle,0x001AAAD8,0x001AAB40,104
FUN_001aab40,0x001AAB40,0x001AAB70,48
FUN_001aab70,0x001AAB70,0x001AABA0,48
FUN_001aaba0,0x001AABA0,0x001AABD0,48
FUN_001aabd0,0x001AABD0,0x001AAC00,48
FUN_001aac00,0x001AAC00,0x001AAC70,112
FUN_001aac70,0x001AAC70,0x001AACE8,120
FUN_001aace8,0x001AACE8,0x001AACF0,8
FUN_001aacf0,0x001AACF0,0x001AAD7C,140
FUN_001aad80,0x001AAD80,0x001AAE0C,140
SetGodModeText,0x001AAE10,0x001AAE7C,108
DebugMenuSetup,0x001AAE80,0x001AAFA4,292
FUN_001aafa8,0x001AAFA8,0x001AB070,200
FUN_001ab070,0x001AB070,0x001AB1AC,316
FUN_001ab1b0,0x001AB1B0,0x001AB230,128
FUN_001ab230,0x001AB230,0x001AB294,100
FUN_001ab298,0x001AB298,0x001AB36C,212
FUN_001ab370,0x001AB370,0x001AB3B0,64
FUN_001ab3b0,0x001AB3B0,0x001AB3B8,8
FUN_001ab3d8,0x001AB3D8,0x001AB430,88
FUN_001ab430,0x001AB430,0x001AB480,80
FUN_001ab480,0x001AB480,0x001AB4D4,84
FUN_001ab4d8,0x001AB4D8,0x001AB500,40
FUN_001ab500,0x001AB500,0x001AB54C,76
FUN_001ab570,0x001AB570,0x001AB5BC,76
FUN_001ab5e0,0x001AB5E0,0x001AB734,340
FUN_001ab738,0x001AB738,0x001AB764,44
FUN_001ab768,0x001AB768,0x001AB804,156
FUN_001ab808,0x001AB808,0x001AB85C,84
FUN_001ab860,0x001AB860,0x001AB878,24
FUN_001ab878,0x001AB878,0x001AB8F0,120
FUN_001ab8f0,0x001AB8F0,0x001AB9AC,188
FUN_001ab9b0,0x001AB9B0,0x001ABA5C,172
FUN_001aba60,0x001ABA60,0x001ABAD8,120
FUN_001abb28,0x001ABB28,0x001ABB84,92
FUN_001abba0,0x001ABBA0,0x001ABBB8,24
FUN_001abbb8,0x001ABBB8,0x001ABC04,76
FUN_001abc08,0x001ABC08,0x001ABC88,128
FUN_001abc88,0x001ABC88,0x001ABCB0,40
FUN_001abcb0,0x001ABCB0,0x001AC7B4,2820
FUN_001ac7b8,0x001AC7B8,0x001ACF24,1900
FUN_001acf28,0x001ACF28,0x001AD18C,612
FUN_001ad190,0x001AD190,0x001AD214,132
FUN_001ad218,0x001AD218,0x001AD298,128
FUN_001ad298,0x001AD298,0x001AD2C0,40
FUN_001ad2c0,0x001AD2C0,0x001AD474,436
FUN_001ad478,0x001AD478,0x001AD51C,164
FUN_001ad520,0x001AD520,0x001AD62C,268
FUN_001ad630,0x001AD630,0x001AD744,276
FUN_001ad748,0x001AD748,0x001AD96C,548
FUN_001ad970,0x001AD970,0x001ADAF0,384
FUN_001adaf0,0x001ADAF0,0x001ADC5C,364
FUN_001adc60,0x001ADC60,0x001ADC90,48
FUN_001adc90,0x001ADC90,0x001ADCC0,48
FUN_001adcc0,0x001ADCC0,0x001ADCE8,40
FUN_001adce8,0x001ADCE8,0x001ADD10,40
FUN_001add10,0x001ADD10,0x001ADD38,40
FUN_001add38,0x001ADD38,0x001ADD74,60
FUN_001add78,0x001ADD78,0x001ADDB4,60
FUN_001addb8,0x001ADDB8,0x001ADE28,112
FUN_001ade28,0x001ADE28,0x001ADEDC,180
FUN_001adee0,0x001ADEE0,0x001ADF44,100
FUN_001adf48,0x001ADF48,0x001ADF74,44
FUN_001adf78,0x001ADF78,0x001AE0A4,300
FUN_001ae0a8,0x001AE0A8,0x001AE130,136
FUN_001ae130,0x001AE130,0x001AE174,68
FUN_001ae178,0x001AE178,0x001AE1F0,120
FUN_001ae1f0,0x001AE1F0,0x001AE310,288
FUN_001ae310,0x001AE310,0x001AE31C,12
FUN_001ae320,0x001AE320,0x001AE3C4,164
FUN_001ae3c8,0x001AE3C8,0x001AE488,192
FUN_001ae4a8,0x001AE4A8,0x001AE500,88
FUN_001ae500,0x001AE500,0x001AE528,40
FUN_001ae528,0x001AE528,0x001AE7F4,716
FUN_001ae7f8,0x001AE7F8,0x001AEA3C,580
FUN_001aea40,0x001AEA40,0x001AEE0C,972
FUN_001aee10,0x001AEE10,0x001AEFC0,432
FUN_001aefc0,0x001AEFC0,0x001AF08C,204
FUN_001af090,0x001AF090,0x001AF148,184
FUN_001af148,0x001AF148,0x001AF344,508
FUN_001af348,0x001AF348,0x001AF41C,212
FUN_001af430,0x001AF430,0x001AF46C,60
FUN_001af470,0x001AF470,0x001AF4B0,64
FUN_001af4e8,0x001AF4E8,0x001AF528,64
FUN_001af528,0x001AF528,0x001AF5E0,184
FUN_001af5e0,0x001AF5E0,0x001AF638,88
FUN_001af638,0x001AF638,0x001AF690,88
FUN_001af690,0x001AF690,0x001AF698,8
FUN_001af698,0x001AF698,0x001AF738,160
FUN_001af738,0x001AF738,0x001AF744,12
FUN_001af748,0x001AF748,0x001AF770,40
FUN_001af770,0x001AF770,0x001AF8CC,348
FUN_001af8d0,0x001AF8D0,0x001AFA1C,332
FUN_001afa80,0x001AFA80,0x001AFACC,76
FUN_001afad0,0x001AFAD0,0x001AFB28,88
FUN_001afb28,0x001AFB28,0x001AFC20,248
FUN_001afc20,0x001AFC20,0x001AFF20,768
FUN_001aff20,0x001AFF20,0x001B0284,868
FUN_001b0288,0x001B0288,0x001B040C,388
FUN_001b0410,0x001B0410,0x001B0660,592
FUN_001b06d8,0x001B06D8,0x001B0710,52
FUN_001b0710,0x001B0710,0x001B0748,56
FUN_001b0748,0x001B0748,0x001B07F0,132
FUN_001b07f0,0x001B07F0,0x001B0898,132
FUN_001b08d8,0x001B08D8,0x001B0998,192
FUN_001b0998,0x001B0998,0x001B0CD4,828
FUN_001b0cd8,0x001B0CD8,0x001B0DE0,228
FUN_001b0de0,0x001B0DE0,0x001B0EE8,228
FUN_001b0ee8,0x001B0EE8,0x001B0FF0,228
FUN_001b0ff0,0x001B0FF0,0x001B10F8,228
FUN_001b10f8,0x001B10F8,0x001B1200,228
FUN_001b1200,0x001B1200,0x001B1308,228
FUN_001b1308,0x001B1308,0x001B1410,228
FUN_001b1410,0x001B1410,0x001B1518,228
FUN_001b1518,0x001B1518,0x001B16D8,412
FUN_001b16d8,0x001B16D8,0x001B1898,412
FUN_001b1898,0x001B1898,0x001B1A58,412
FUN_001b1a58,0x001B1A58,0x001B1C18,412
FUN_001b1c18,0x001B1C18,0x001B1D9C,388
FUN_001b1da0,0x001B1DA0,0x001B1E84,192
FUN_001b1e88,0x001B1E88,0x001B1F6C,192
FUN_001b1f70,0x001B1F70,0x001B2054,192
FUN_001b2058,0x001B2058,0x001B213C,192
FUN_001b2140,0x001B2140,0x001B2224,192
FUN_001b2288,0x001B2288,0x001B23EC,340
FUN_001b2400,0x001B2400,0x001B26F4,740
FUN_001b2708,0x001B2708,0x001B2A18,768
FUN_001b2a28,0x001B2A28,0x001B2EF4,1212
FUN_001b2f08,0x001B2F08,0x001B3024,268
FUN_001b3028,0x001B3028,0x001B303C,20
FUN_001b3040,0x001B3040,0x001B3124,228
FUN_001b3128,0x001B3128,0x001B3150,40
FUN_001b3150,0x001B3150,0x001B31DC,140
FUN_001b31e0,0x001B31E0,0x001B331C,316
FUN_001b3320,0x001B3320,0x001B3478,344
FUN_001b3478,0x001B3478,0x001B3538,192
FUN_001b3538,0x001B3538,0x001B3570,56
FUN_001b3570,0x001B3570,0x001B35A8,56
FUN_001b35a8,0x001B35A8,0x001B35FC,84
FUN_001b3600,0x001B3600,0x001B36B0,176
FUN_001b36c0,0x001B36C0,0x001B377C,160
FUN_001b3780,0x001B3780,0x001B37CC,76
FUN_001b37d0,0x001B37D0,0x001B38A4,212
FUN_001b38a8,0x001B38A8,0x001B38D0,40
FUN_001b38f0,0x001B38F0,0x001B3A9C,400
FUN_001b3aa0,0x001B3AA0,0x001B3B0C,108
FUN_001b3b10,0x001B3B10,0x001B3B60,80
FUN_001b3b60,0x001B3B60,0x001B3BB0,80
FUN_001b3bb0,0x001B3BB0,0x001B3D30,384
FUN_001b3d50,0x001B3D50,0x001B3F5C,496
FUN_001b3f60,0x001B3F60,0x001B4054,244
FUN_001b4058,0x001B4058,0x001B40A8,80
FUN_001b40a8,0x001B40A8,0x001B4100,88
FUN_001b4100,0x001B4100,0x001B41A4,164
FUN_001b41a8,0x001B41A8,0x001B41F4,76
FUN_001b41f8,0x001B41F8,0x001B4238,64
FUN_001b4280,0x001B4280,0x001B4328,168
FUN_001b4328,0x001B4328,0x001B4418,240
FUN_001b4418,0x001B4418,0x001B4518,256
FUN_001b4518,0x001B4518,0x001B4670,344
FUN_001b4670,0x001B4670,0x001B4680,16
FUN_001b4680,0x001B4680,0x001B479C,284
FUN_001b47a0,0x001B47A0,0x001B4810,112
FUN_001b4810,0x001B4810,0x001B4AFC,716
FUN_001b4b00,0x001B4B00,0x001B4C9C,412
FUN_001b4ca0,0x001B4CA0,0x001B4CF4,84
FUN_001b4cf8,0x001B4CF8,0x001B4DD4,220
FUN_001b4dd8,0x001B4DD8,0x001B4E44,108
FUN_001b4e48,0x001B4E48,0x001B4E90,72
FUN_001b4ea0,0x001B4EA0,0x001B509C,468
FUN_001b50a0,0x001B50A0,0x001B511C,124
FUN_001b5120,0x001B5120,0x001B5298,376
FUN_001b5298,0x001B5298,0x001B52C0,40
FUN_001b52c0,0x001B52C0,0x001B5478,440
FUN_001b5478,0x001B5478,0x001B5548,208
FUN_001b5548,0x001B5548,0x001B556C,36
FUN_001b5570,0x001B5570,0x001B55B0,64
FUN_001b55c8,0x001B55C8,0x001B5630,104
FUN_001b5630,0x001B5630,0x001B58B8,648
FUN_001b58b8,0x001B58B8,0x001B593C,132
FUN_001b5940,0x001B5940,0x001B59B0,112
FUN_001b59b0,0x001B59B0,0x001B59D8,40
FUN_001b59d8,0x001B59D8,0x001B5AF0,240
FUN_001b5af0,0x001B5AF0,0x001B5B40,80
FUN_001b5b40,0x001B5B40,0x001B5BA0,96
FUN_001b5ba0,0x001B5BA0,0x001B5BDC,60
FUN_001b5be0,0x001B5BE0,0x001B5C70,144
FUN_001b5c70,0x001B5C70,0x001B5CB8,72
FUN_001b5cb8,0x001B5CB8,0x001B5D8C,212
FUN_001b5d90,0x001B5D90,0x001B5DE4,84
FUN_001b5de8,0x001B5DE8,0x001B5E10,40
FUN_001b5e10,0x001B5E10,0x001B5E58,72
FUN_001b5e58,0x001B5E58,0x001B5F2C,212
FUN_001b5f30,0x001B5F30,0x001B5F84,84
FUN_001b5f88,0x001B5F88,0x001B5FB0,40
FUN_001b5fb0,0x001B5FB0,0x001B5FF8,72
FUN_001b5ff8,0x001B5FF8,0x001B60CC,212
FUN_001b60d0,0x001B60D0,0x001B6124,84
FUN_001b6128,0x001B6128,0x001B6150,40
FUN_001b6150,0x001B6150,0x001B6198,72
FUN_001b6198,0x001B6198,0x001B626C,212
FUN_001b6270,0x001B6270,0x001B62C4,84
FUN_001b62c8,0x001B62C8,0x001B62F0,40
FUN_001b62f0,0x001B62F0,0x001B6338,72
FUN_001b6338,0x001B6338,0x001B640C,212
FUN_001b6410,0x001B6410,0x001B6464,84
FUN_001b6468,0x001B6468,0x001B6490,40
FUN_001b6490,0x001B6490,0x001B64D8,72
FUN_001b64d8,0x001B64D8,0x001B65AC,212
FUN_001b65b0,0x001B65B0,0x001B6604,84
FUN_001b6608,0x001B6608,0x001B6630,40
FUN_001b6630,0x001B6630,0x001B6678,72
FUN_001b6678,0x001B6678,0x001B674C,212
FUN_001b6750,0x001B6750,0x001B67A4,84
FUN_001b67a8,0x001B67A8,0x001B67D0,40
FUN_001b67d0,0x001B67D0,0x001B6818,72
FUN_001b6818,0x001B6818,0x001B68EC,212
FUN_001b68f0,0x001B68F0,0x001B6944,84
FUN_001b6948,0x001B6948,0x001B6970,40
FUN_001b6970,0x001B6970,0x001B69C0,80
FUN_001b69c0,0x001B69C0,0x001B6AD0,232
FUN_001b6ad0,0x001B6AD0,0x001B6B2C,92
FUN_001b6b30,0x001B6B30,0x001B6B68,56
FUN_001b6b68,0x001B6B68,0x001B6BB0,72
FUN_001b6bb0,0x001B6BB0,0x001B6C00,80
FUN_001b6c00,0x001B6C00,0x001B6C58,88
FUN_001b6c58,0x001B6C58,0x001B6D08,176
FUN_001b6d08,0x001B6D08,0x001B6D98,144
FUN_001b6d98,0x001B6D98,0x001B6E44,172
FUN_001b6e48,0x001B6E48,0x001B6E98,80
FUN_001b6ea8,0x001B6EA8,0x001B6ED0,40
FUN_001b6ed0,0x001B6ED0,0x001B6F60,144
FUN_001b6f60,0x001B6F60,0x001B700C,172
FUN_001b7010,0x001B7010,0x001B7060,80
FUN_001b7070,0x001B7070,0x001B7098,40
FUN_001b7098,0x001B7098,0x001B71A4,268
FUN_001b71a8,0x001B71A8,0x001B71F8,80
FUN_001b71f8,0x001B71F8,0x001B72C4,204
FUN_001b72c8,0x001B72C8,0x001B7390,200
FUN_001b7390,0x001B7390,0x001B7428,152
FUN_001b7428,0x001B7428,0x001B7450,40
FUN_001b7450,0x001B7450,0x001B74A0,80
FUN_001b74a0,0x001B74A0,0x001B74F8,88
FUN_001b74f8,0x001B74F8,0x001B75FC,260
FUN_001b7600,0x001B7600,0x001B770C,268
FUN_001b7710,0x001B7710,0x001B77BC,172
FUN_001b77c0,0x001B77C0,0x001B7810,80
FUN_001b7820,0x001B7820,0x001B7848,40
FUN_001b7848,0x001B7848,0x001B7954,268
FUN_001b7958,0x001B7958,0x001B7A04,172
FUN_001b7a08,0x001B7A08,0x001B7A58,80
FUN_001b7a68,0x001B7A68,0x001B7A90,40
FUN_001b7a90,0x001B7A90,0x001B7B9C,268
FUN_001b7ba0,0x001B7BA0,0x001B7C4C,172
FUN_001b7c50,0x001B7C50,0x001B7CA0,80
FUN_001b7cb0,0x001B7CB0,0x001B7CD8,40
FUN_001b7cd8,0x001B7CD8,0x001B7D28,80
FUN_001b7d28,0x001B7D28,0x001B7E14,196
FUN_001b7e18,0x001B7E18,0x001B7E74,92
FUN_001b7e88,0x001B7E88,0x001B7F08,128
FUN_001b7f08,0x001B7F08,0x001B7F60,88
FUN_001b7f60,0x001B7F60,0x001B8020,192
FUN_001b8020,0x001B8020,0x001B8084,100
FUN_001b8088,0x001B8088,0x001B80B0,40
FUN_001b80b0,0x001B80B0,0x001B8108,88
FUN_001b8108,0x001B8108,0x001B81C8,192
FUN_001b81c8,0x001B81C8,0x001B822C,100
FUN_001b8230,0x001B8230,0x001B8258,40
FUN_001b8258,0x001B8258,0x001B82B0,88
FUN_001b82b0,0x001B82B0,0x001B8370,192
FUN_001b8370,0x001B8370,0x001B83D4,100
FUN_001b83d8,0x001B83D8,0x001B8400,40
FUN_001b8400,0x001B8400,0x001B8458,88
FUN_001b8458,0x001B8458,0x001B8518,192
FUN_001b8518,0x001B8518,0x001B857C,100
FUN_001b8580,0x001B8580,0x001B85A8,40
FUN_001b85a8,0x001B85A8,0x001B8898,752
FUN_001b8898,0x001B8898,0x001B89DC,320
FUN_001b89e0,0x001B89E0,0x001B8B28,328
FUN_001b8b28,0x001B8B28,0x001B8E00,728
FUN_001b8e00,0x001B8E00,0x001B90B4,692
FUN_001b90b8,0x001B90B8,0x001B9250,408
FUN_001b9250,0x001B9250,0x001BA0C8,3704
FUN_001ba0c8,0x001BA0C8,0x001BA37C,692
FUN_001ba380,0x001BA380,0x001BA634,692
FUN_001ba638,0x001BA638,0x001BA8EC,692
FUN_001ba8f0,0x001BA8F0,0x001BABA4,692
FUN_001baba8,0x001BABA8,0x001BAE5C,692
FUN_001bae60,0x001BAE60,0x001BAF9C,316
FUN_001bafa0,0x001BAFA0,0x001BB218,632
FUN_001bb218,0x001BB218,0x001BB324,268
FUN_001bb328,0x001BB328,0x001BB3CC,164
FUN_001bb3d0,0x001BB3D0,0x001BB3F8,40
FUN_001bb3f8,0x001BB3F8,0x001BB464,108
FUN_001bb468,0x001BB468,0x001BB4D8,112
FUN_001bb4d8,0x001BB4D8,0x001BB56C,148
FUN_001bb570,0x001BB570,0x001BB5C4,84
FUN_001bb5c8,0x001BB5C8,0x001BB5EC,36
FUN_001bb5f0,0x001BB5F0,0x001BB640,80
FUN_001bb640,0x001BB640,0x001BB678,56
FUN_001bb678,0x001BB678,0x001BB714,156
FUN_001bb718,0x001BB718,0x001BB7A8,144
FUN_001bb7a8,0x001BB7A8,0x001BB8A4,252
FUN_001bb8a8,0x001BB8A8,0x001BB928,128
FUN_001bb948,0x001BB948,0x001BBB18,464
FUN_001bbb18,0x001BBB18,0x001BBBEC,212
FUN_001bbbf0,0x001BBBF0,0x001BBC18,40
FUN_001bbc18,0x001BBC18,0x001BBC38,32
FUN_001bbc38,0x001BBC38,0x001BBC98,96
FUN_001bbc98,0x001BBC98,0x001BBD94,252
FUN_001bbd98,0x001BBD98,0x001BBDF8,96
FUN_001bbdf8,0x001BBDF8,0x001BBE00,8
FUN_001bbe00,0x001BBE00,0x001BBE34,52
FUN_001bbe38,0x001BBE38,0x001BBE78,64
FUN_001bbe78,0x001BBE78,0x001BBEAC,52
FUN_001bbeb0,0x001BBEB0,0x001BC004,340
FUN_001bc008,0x001BC008,0x001BC0B4,172
FUN_001bc0b8,0x001BC0B8,0x001BC170,184
FUN_001bc170,0x001BC170,0x001BC2A4,308
FUN_001bc2a8,0x001BC2A8,0x001BC49C,500
FUN_001bc4a0,0x001BC4A0,0x001BC6EC,588
FUN_001bc6f0,0x001BC6F0,0x001BCA90,928
FUN_001bca90,0x001BCA90,0x001BCDDC,844
FUN_001bcde0,0x001BCDE0,0x001BD1AC,972
FUN_001bd1b0,0x001BD1B0,0x001BD41C,620
FUN_001bd420,0x001BD420,0x001BD47C,92
FUN_001bd480,0x001BD480,0x001BD4E8,104
FUN_001bd4e8,0x001BD4E8,0x001BD530,72
FUN_001bd530,0x001BD530,0x001BD57C,76
FUN_001bd580,0x001BD580,0x001BD5D4,84
FUN_001bd5d8,0x001BD5D8,0x001BD670,152
FUN_001bd6c0,0x001BD6C0,0x001BD78C,204
FUN_001bd790,0x001BD790,0x001BD854,196
FUN_001bd858,0x001BD858,0x001BD984,300
FUN_001bd988,0x001BD988,0x001BDBAC,548
FUN_001bdbb0,0x001BDBB0,0x001BDDCC,540
FUN_001bddd0,0x001BDDD0,0x001BDF60,400
FUN_001bdf60,0x001BDF60,0x001BE39C,1084
FUN_001be3a0,0x001BE3A0,0x001BE558,440
FUN_001be558,0x001BE558,0x001BE974,1052
FUN_001be978,0x001BE978,0x001BECE0,872
FUN_001bece0,0x001BECE0,0x001BEF34,596
FUN_001bef38,0x001BEF38,0x001BF24C,788
FUN_001bf250,0x001BF250,0x001BF3F8,424
FUN_001bf3f8,0x001BF3F8,0x001BFA64,1644
FUN_001bfa68,0x001BFA68,0x001BFC9C,564
FUN_001bfca0,0x001BFCA0,0x001BFE74,468
FUN_001bfe88,0x001BFE88,0x001BFED4,76
FUN_001c0038,0x001C0038,0x001C00C0,136
FUN_001c00c0,0x001C00C0,0x001C0168,168
FUN_001c0168,0x001C0168,0x001C01D8,112
FUN_001c01d8,0x001C01D8,0x001C0220,72
FUN_001c0220,0x001C0220,0x001C0254,52
FUN_001c0258,0x001C0258,0x001C0284,44
FUN_001c0288,0x001C0288,0x001C03D0,328
FUN_001c03d0,0x001C03D0,0x001C04F8,296
FUN_001c04f8,0x001C04F8,0x001C05F8,256
FUN_001c05f8,0x001C05F8,0x001C0608,16
FUN_001c0608,0x001C0608,0x001C0618,16
FUN_001c0618,0x001C0618,0x001C0638,32
FUN_001c0638,0x001C0638,0x001C0648,16
FUN_001c0648,0x001C0648,0x001C06D8,144
FUN_001c0808,0x001C0808,0x001C0964,348
FUN_001c0968,0x001C0968,0x001C0A14,172
FUN_001c0a18,0x001C0A18,0x001C0A40,40
FUN_001c0a40,0x001C0A40,0x001C0AD8,152
FUN_001c0bb8,0x001C0BB8,0x001C0C30,120
FUN_001c0c30,0x001C0C30,0x001C0D78,328
FUN_001c0d78,0x001C0D78,0x001C0D98,32
FUN_001c0d98,0x001C0D98,0x001C0E24,140
FUN_001c0e28,0x001C0E28,0x001C0E64,60
FUN_001c0e68,0x001C0E68,0x001C0E8C,36
FUN_001c0e90,0x001C0E90,0x001C0EB8,40
FUN_001c0eb8,0x001C0EB8,0x001C13A4,1232
FUN_001c15f0,0x001C15F0,0x001C1784,404
FUN_001c1788,0x001C1788,0x001C198C,516
FUN_001c19c8,0x001C19C8,0x001C1A1C,84
FUN_001c1a20,0x001C1A20,0x001C1A70,80
FUN_001c1a70,0x001C1A70,0x001C1AC4,84
FUN_001c1b20,0x001C1B20,0x001C1B74,84
FUN_001c1b78,0x001C1B78,0x001C1BCC,84
FUN_001c1be8,0x001C1BE8,0x001C1C00,24
FUN_001c1c00,0x001C1C00,0x001C1CE4,228
FUN_001c1ce8,0x001C1CE8,0x001C1D38,80
FUN_001c1d38,0x001C1D38,0x001C1D8C,84
FUN_001c1d90,0x001C1D90,0x001C1DE4,84
FUN_001c1de8,0x001C1DE8,0x001C1E3C,84
FUN_001c1e40,0x001C1E40,0x001C1E94,84
FUN_001c1e98,0x001C1E98,0x001C1EEC,84
FUN_001c21b8,0x001C21B8,0x001C2240,136
FUN_001c2240,0x001C2240,0x001C2268,40
FUN_001c2268,0x001C2268,0x001C2290,40
FUN_001c2290,0x001C2290,0x001C2AA0,2064
FUN_001c2aa0,0x001C2AA0,0x001C33C0,2336
FUN_001c33c0,0x001C33C0,0x001C33E4,36
FUN_001c33e8,0x001C33E8,0x001C3420,56
FUN_001c3420,0x001C3420,0x001C3458,56
FUN_001c3458,0x001C3458,0x001C3490,56
FUN_001c3490,0x001C3490,0x001C34C8,56
FUN_001c34c8,0x001C34C8,0x001C3500,56
FUN_001c3500,0x001C3500,0x001C3538,56
FUN_001c3538,0x001C3538,0x001C3570,56
FUN_001c3570,0x001C3570,0x001C35A8,56
FUN_001c35a8,0x001C35A8,0x001C35E0,56
FUN_001c35e0,0x001C35E0,0x001C3618,56
FUN_001c3618,0x001C3618,0x001C3650,56
FUN_001c3650,0x001C3650,0x001C3688,56
FUN_001c3688,0x001C3688,0x001C36C0,56
FUN_001c36c0,0x001C36C0,0x001C36F8,56
FUN_001c36f8,0x001C36F8,0x001C3730,56
FUN_001c3730,0x001C3730,0x001C3768,56
FUN_001c3768,0x001C3768,0x001C37A0,56
FUN_001c37a0,0x001C37A0,0x001C37D8,56
FUN_001c37d8,0x001C37D8,0x001C3810,56
FUN_001c3810,0x001C3810,0x001C3848,56
FUN_001c3848,0x001C3848,0x001C3880,56
FUN_001c3880,0x001C3880,0x001C38B8,56
FUN_001c38b8,0x001C38B8,0x001C38F0,56
FUN_001c38f0,0x001C38F0,0x001C3928,56
FUN_001c3928,0x001C3928,0x001C3960,56
FUN_001c3960,0x001C3960,0x001C3998,56
FUN_001c3998,0x001C3998,0x001C39D0,56
FUN_001c39d0,0x001C39D0,0x001C3A08,56
FUN_001c3a08,0x001C3A08,0x001C3A64,92
FUN_001c3a68,0x001C3A68,0x001C3A74,12
FUN_001c3a78,0x001C3A78,0x001C3C24,428
FUN_001c3c28,0x001C3C28,0x001C3DC4,412
FUN_001c3dc8,0x001C3DC8,0x001C3E18,80
FUN_001c3e20,0x001C3E20,0x001C3E44,36
FUN_001c3e48,0x001C3E48,0x001C3EC0,120
FUN_001c3ec0,0x001C3EC0,0x001C3EE8,40
FUN_001c3ee8,0x001C3EE8,0x001C3F88,160
FUN_001c3f88,0x001C3F88,0x001C40E4,348
FUN_001c40e8,0x001C40E8,0x001C4168,128
FUN_001c4198,0x001C4198,0x001C4240,168
FUN_001c4240,0x001C4240,0x001C4288,72
FUN_001c4288,0x001C4288,0x001C42AC,36
FUN_001c42b0,0x001C42B0,0x001C4320,112
FUN_001c4320,0x001C4320,0x001C4348,40
FUN_001c4348,0x001C4348,0x001C4370,40
FUN_001c4370,0x001C4370,0x001C43F8,136
FUN_001c43f8,0x001C43F8,0x001C4424,44
FUN_001c4428,0x001C4428,0x001C4454,44
FUN_001c4458,0x001C4458,0x001C4478,32
FUN_001c4478,0x001C4478,0x001C449C,36
FUN_001c44a0,0x001C44A0,0x001C44C4,36
FUN_001c44c8,0x001C44C8,0x001C4520,88
FUN_001c4520,0x001C4520,0x001C4544,36
FUN_001c4548,0x001C4548,0x001C4574,44
FUN_001c4578,0x001C4578,0x001C45C0,72
FUN_001c46a0,0x001C46A0,0x001C4704,100
FUN_001c4758,0x001C4758,0x001C47D8,128
FUN_001c47d8,0x001C47D8,0x001C4820,72
FUN_001c4820,0x001C4820,0x001C4858,56
FUN_001c48a0,0x001C48A0,0x001C48F0,80
FUN_001c4978,0x001C4978,0x001C4A00,136
FUN_001c4a00,0x001C4A00,0x001C4A24,36
FUN_001c4a28,0x001C4A28,0x001C4A50,40
FUN_001c4a50,0x001C4A50,0x001C4A88,56
FUN_001c4a88,0x001C4A88,0x001C4B54,204
FUN_001c4b58,0x001C4B58,0x001C4B80,40
FUN_001c4be0,0x001C4BE0,0x001C4C7C,156
FUN_001c4c80,0x001C4C80,0x001C4D20,160
FUN_001c4d20,0x001C4D20,0x001C4E1C,252
FUN_001c4e20,0x001C4E20,0x001C510C,748
FUN_001c51a8,0x001C51A8,0x001C5208,96
FUN_001c5318,0x001C5318,0x001C5394,124
FUN_001c5398,0x001C5398,0x001C5454,184
FUN_001c5458,0x001C5458,0x001C5464,12
FUN_001c5468,0x001C5468,0x001C5490,40
FUN_001c5490,0x001C5490,0x001C55D4,324
FUN_001c55d8,0x001C55D8,0x001C5628,80
FUN_001c5628,0x001C5628,0x001C5774,332
FUN_001c5778,0x001C5778,0x001C57B4,60
FUN_001c5800,0x001C5800,0x001C5848,72
FUN_001c5848,0x001C5848,0x001C5888,64
FUN_001c5888,0x001C5888,0x001C5908,128
FUN_001c5908,0x001C5908,0x001C59CC,196
FUN_001c5a20,0x001C5A20,0x001C5A88,104
FUN_001c5a88,0x001C5A88,0x001C5AE0,88
FUN_001c5bb0,0x001C5BB0,0x001C5BD8,40
FUN_001c5bd8,0x001C5BD8,0x001C5CC0,232
FUN_001c5cc0,0x001C5CC0,0x001C5D38,120
FUN_001c5d38,0x001C5D38,0x001C5DA0,104
FUN_001c5da0,0x001C5DA0,0x001C5E08,104
FUN_001c5e08,0x001C5E08,0x001C5E90,136
FUN_001c5e90,0x001C5E90,0x001C5F2C,156
FUN_001c5f30,0x001C5F30,0x001C5FA8,120
FUN_001c5fa8,0x001C5FA8,0x001C5FD4,44
FUN_001c5fd8,0x001C5FD8,0x001C6014,60
FUN_001c6018,0x001C6018,0x001C6068,80
FUN_001c6068,0x001C6068,0x001C6198,304
FUN_001c6198,0x001C6198,0x001C6218,128
FUN_001c6218,0x001C6218,0x001C6294,124
FUN_001c6298,0x001C6298,0x001C6368,208
FUN_001c6368,0x001C6368,0x001C63E8,128
FUN_001c63e8,0x001C63E8,0x001C64B8,208
FUN_001c64b8,0x001C64B8,0x001C6594,220
FUN_001c6598,0x001C6598,0x001C65A4,12
FUN_001c65a8,0x001C65A8,0x001C6820,632
FUN_001c6820,0x001C6820,0x001C6874,84
FUN_001c6878,0x001C6878,0x001C68E4,108
FUN_001c68e8,0x001C68E8,0x001C69FC,276
FUN_001c6a00,0x001C6A00,0x001C6B48,328
FUN_001c6b88,0x001C6B88,0x001C6C3C,180
FUN_001c6c40,0x001C6C40,0x001C6D54,276
FUN_001c6d88,0x001C6D88,0x001C6DB0,40
FUN_001c6db0,0x001C6DB0,0x001C6FD4,548
FUN_001c6fd8,0x001C6FD8,0x001C70E0,264
FUN_001c70e0,0x001C70E0,0x001C7384,676
FUN_001c7388,0x001C7388,0x001C75D4,588
FUN_001c75d8,0x001C75D8,0x001C7780,424
FUN_001c7780,0x001C7780,0x001C78C0,320
FUN_001c78c0,0x001C78C0,0x001C7AF0,560
FUN_001c7af0,0x001C7AF0,0x001C8830,3392
FUN_001c8830,0x001C8830,0x001C8B38,776
FUN_001c8b38,0x001C8B38,0x001C8C70,312
FUN_001c8c70,0x001C8C70,0x001C8D48,216
FUN_001c8d48,0x001C8D48,0x001C8E98,336
FUN_001c8ec0,0x001C8EC0,0x001C8ED0,16
FUN_001c8ed0,0x001C8ED0,0x001C8EF0,32
FUN_001c8ef0,0x001C8EF0,0x001C8F14,36
FUN_001c8f18,0x001C8F18,0x001C8F38,32
FUN_001c8f38,0x001C8F38,0x001C8F58,32
FUN_001c8f58,0x001C8F58,0x001C8FD0,120
FUN_001c8fd0,0x001C8FD0,0x001C90B0,224
FUN_001c90b0,0x001C90B0,0x001C9128,120
FUN_001c9128,0x001C9128,0x001C91C8,160
FUN_001c91c8,0x001C91C8,0x001C926C,164
FUN_001c9270,0x001C9270,0x001C92F8,136
FUN_001c92f8,0x001C92F8,0x001C9310,24
FUN_001c9310,0x001C9310,0x001C93B4,164
FUN_001c93b8,0x001C93B8,0x001C94DC,292
FUN_001c94e0,0x001C94E0,0x001C9594,180
FUN_001c9598,0x001C9598,0x001C9650,184
FUN_001c9650,0x001C9650,0x001C9768,280
FUN_001c9768,0x001C9768,0x001C982C,196
FUN_001c9830,0x001C9830,0x001C992C,252
FUN_001c9930,0x001C9930,0x001C99CC,156
FUN_001c9a10,0x001C9A10,0x001C9A3C,44
FUN_001c9a40,0x001C9A40,0x001C9B54,276
FUN_001c9b58,0x001C9B58,0x001C9C64,268
FUN_001c9c68,0x001C9C68,0x001C9D14,172
FUN_001c9d18,0x001C9D18,0x001C9DDC,196
FUN_001c9de0,0x001C9DE0,0x001C9E58,120
FUN_001c9e58,0x001C9E58,0x001C9EBC,100
FUN_001c9ec0,0x001C9EC0,0x001C9F88,200
FUN_001c9f88,0x001C9F88,0x001CA02C,164
FUN_001ca030,0x001CA030,0x001CA0D0,160
FUN_001ca0d0,0x001CA0D0,0x001CA1B8,232
FUN_001ca1b8,0x001CA1B8,0x001CA258,160
FUN_001ca258,0x001CA258,0x001CA2E8,144
FUN_001ca2e8,0x001CA2E8,0x001CA3A8,192
FUN_001ca3a8,0x001CA3A8,0x001CA410,104
FUN_001ca410,0x001CA410,0x001CA494,132
FUN_001ca498,0x001CA498,0x001CA520,136
FUN_001ca520,0x001CA520,0x001CA57C,92
FUN_001ca580,0x001CA580,0x001CA62C,172
FUN_001ca630,0x001CA630,0x001CA678,72
FUN_001ca678,0x001CA678,0x001CA760,232
FUN_001ca760,0x001CA760,0x001CA7DC,124
FUN_001ca7e0,0x001CA7E0,0x001CA8A4,196
FUN_001ca8a8,0x001CA8A8,0x001CA8E8,64
FUN_001ca8e8,0x001CA8E8,0x001CA928,64
FUN_001ca928,0x001CA928,0x001CAB8C,612
FUN_001cabc0,0x001CABC0,0x001CAC20,96
FUN_001cac20,0x001CAC20,0x001CACFC,220
FUN_001cad00,0x001CAD00,0x001CADEC,236
FUN_001cadf0,0x001CADF0,0x001CAE30,64
FUN_001cae30,0x001CAE30,0x001CAE58,40
FUN_001cae58,0x001CAE58,0x001CAF7C,292
FUN_001caf80,0x001CAF80,0x001CB104,388
FUN_001cb108,0x001CB108,0x001CB298,400
FUN_001cb298,0x001CB298,0x001CB33C,164
FUN_001cb360,0x001CB360,0x001CB3B8,88
FUN_001cb3b8,0x001CB3B8,0x001CB3E0,40
FUN_001cb3e0,0x001CB3E0,0x001CB434,84
FUN_001cb438,0x001CB438,0x001CB4A4,108
FUN_001cb4a8,0x001CB4A8,0x001CB52C,132
FUN_001cb530,0x001CB530,0x001CB588,88
FUN_001cb588,0x001CB588,0x001CB634,172
FUN_001cb638,0x001CB638,0x001CB660,40
FUN_001cb660,0x001CB660,0x001CB770,272
FUN_001cb770,0x001CB770,0x001CB9B0,576
FUN_001cb9b0,0x001CB9B0,0x001CBA68,184
FUN_001cba68,0x001CBA68,0x001CBBD8,368
FUN_001cbbd8,0x001CBBD8,0x001CBC48,112
FUN_001cbc48,0x001CBC48,0x001CBC7C,52
FUN_001cbcb0,0x001CBCB0,0x001CBCF8,72
FUN_001cbcf8,0x001CBCF8,0x001CBD38,64
FUN_001cbd38,0x001CBD38,0x001CBD40,8
FUN_001cbd40,0x001CBD40,0x001CBD48,8
FUN_001cbd48,0x001CBD48,0x001CBEC8,384
FUN_001cbec8,0x001CBEC8,0x001CBF48,128
FUN_001cbf48,0x001CBF48,0x001CC1DC,660
FUN_001cc1e0,0x001CC1E0,0x001CC2B4,212
FUN_001cc2b8,0x001CC2B8,0x001CC39C,228
FUN_001cc3a0,0x001CC3A0,0x001CC6C0,800
FUN_001cc6c0,0x001CC6C0,0x001CC834,356
FUN_001cc838,0x001CC838,0x001CC8A8,112
FUN_001cc8a8,0x001CC8A8,0x001CC8F0,72
FUN_001cc8f0,0x001CC8F0,0x001CC948,88
FUN_001cc948,0x001CC948,0x001CC9C0,120
FUN_001cc9c0,0x001CC9C0,0x001CCA20,96
FUN_001ccb58,0x001CCB58,0x001CCC00,168
FUN_001ccc00,0x001CCC00,0x001CCC28,40
FUN_001ccc30,0x001CCC30,0x001CCC50,32
FUN_001ccc50,0x001CCC50,0x001CD1F8,1448
FUN_001cd1f8,0x001CD1F8,0x001CD3CC,468
FUN_001cd3d0,0x001CD3D0,0x001CD4F0,288
FUN_001cd4f8,0x001CD4F8,0x001CD5D0,216
FUN_001cd5d0,0x001CD5D0,0x001CD608,56
FUN_001cd608,0x001CD608,0x001CD674,108
FUN_001cd678,0x001CD678,0x001CD85C,484
FUN_001cd860,0x001CD860,0x001CD888,40
FUN_001cd888,0x001CD888,0x001CDA04,380
FUN_001cda08,0x001CDA08,0x001CDCCC,708
FUN_001cdcd0,0x001CDCD0,0x001CDF84,692
FUN_001cdf88,0x001CDF88,0x001CE0E8,352
FUN_001ce0e8,0x001CE0E8,0x001CE380,664
FUN_001ce380,0x001CE380,0x001CE5B4,564
FUN_001ce5b8,0x001CE5B8,0x001CE6E8,304
FUN_001ce6e8,0x001CE6E8,0x001CEB8C,1188
FUN_001ceb90,0x001CEB90,0x001CECC4,308
FUN_001cecc8,0x001CECC8,0x001CEE00,312
FUN_001cee00,0x001CEE00,0x001CF0C8,712
FUN_001cf0c8,0x001CF0C8,0x001CF514,1100
FUN_001cf518,0x001CF518,0x001CF6C0,424
FUN_001cf6c0,0x001CF6C0,0x001CF8B4,500
FUN_001cf8b8,0x001CF8B8,0x001CFAF8,576
FUN_001cfaf8,0x001CFAF8,0x001CFCC8,464
FUN_001cfcc8,0x001CFCC8,0x001CFE40,376
FUN_001cfe40,0x001CFE40,0x001CFEB4,116
FUN_001cfeb8,0x001CFEB8,0x001CFEE0,40
FUN_001cfee0,0x001CFEE0,0x001CFF4C,108
FUN_001cff50,0x001CFF50,0x001CFFE4,148
FUN_001cffe8,0x001CFFE8,0x001D00C8,224
FUN_001d00c8,0x001D00C8,0x001D01C0,248
FUN_001d01c0,0x001D01C0,0x001D02BC,252
FUN_001d02f0,0x001D02F0,0x001D035C,108
FUN_001d04d8,0x001D04D8,0x001D056C,148
FUN_001d0570,0x001D0570,0x001D0684,276
FUN_001d0688,0x001D0688,0x001D0730,168
FUN_001d0730,0x001D0730,0x001D076C,60
FUN_001d0770,0x001D0770,0x001D080C,156
FUN_001d0810,0x001D0810,0x001D08E4,212
FUN_001d08e8,0x001D08E8,0x001D0994,172
FUN_001d0998,0x001D0998,0x001D0AAC,276
FUN_001d0ab0,0x001D0AB0,0x001D0B74,196
FUN_001d0b78,0x001D0B78,0x001D0C3C,196
FUN_001d0c40,0x001D0C40,0x001D0CCC,140
FUN_001d0cd0,0x001D0CD0,0x001D0D4C,124
FUN_001d0d50,0x001D0D50,0x001D0DF4,164
FUN_001d0df8,0x001D0DF8,0x001D0E84,140
FUN_001d0e88,0x001D0E88,0x001D0EEC,100
FUN_001d0ef0,0x001D0EF0,0x001D0F54,100
FUN_001d0f58,0x001D0F58,0x001D0F8C,52
FUN_001d0f90,0x001D0F90,0x001D0FD4,68
FUN_001d0fd8,0x001D0FD8,0x001D1064,140
FUN_001d1068,0x001D1068,0x001D1148,224
FUN_001d1148,0x001D1148,0x001D11F8,176
FUN_001d11f8,0x001D11F8,0x001D1358,352
FUN_001d1358,0x001D1358,0x001D147C,292
FUN_001d1480,0x001D1480,0x001D1560,224
FUN_001d1560,0x001D1560,0x001D15C8,104
FUN_001d15c8,0x001D15C8,0x001D1630,104
FUN_001d1630,0x001D1630,0x001D1638,8
FUN_001d1638,0x001D1638,0x001D1670,56
FUN_001d16e8,0x001D16E8,0x001D1718,48
FUN_001d1718,0x001D1718,0x001D1748,48
FUN_001d1748,0x001D1748,0x001D17A8,96
FUN_001d1848,0x001D1848,0x001D192C,228
FUN_001d1930,0x001D1930,0x001D19E8,180
FUN_001d19e8,0x001D19E8,0x001D1A3C,84
FUN_001d1a40,0x001D1A40,0x001D1A68,40
FUN_001d1a68,0x001D1A68,0x001D1B0C,164
FUN_001d1b10,0x001D1B10,0x001D1B1C,12
FUN_001d1b20,0x001D1B20,0x001D1C04,228
FUN_001d1c08,0x001D1C08,0x001D1CE8,224
FUN_001d1ce8,0x001D1CE8,0x001D1D54,108
FUN_001d1d58,0x001D1D58,0x001D1E54,252
FUN_001d1e58,0x001D1E58,0x001D1E84,44
FUN_001d1e88,0x001D1E88,0x001D1E90,8
FUN_001d1e90,0x001D1E90,0x001D1ED4,68
FUN_001d1ed8,0x001D1ED8,0x001D1F3C,100
FUN_001d1f40,0x001D1F40,0x001D1F68,40
FUN_001d1f88,0x001D1F88,0x001D1FA8,32
FUN_001d1fa8,0x001D1FA8,0x001D2048,160
FUN_001d2048,0x001D2048,0x001D2288,576
FUN_001d22a0,0x001D22A0,0x001D230C,108
FUN_001d2310,0x001D2310,0x001D2338,40
FUN_001d2338,0x001D2338,0x001D2840,1284
FUN_001d2840,0x001D2840,0x001D2D1C,1240
FUN_001d2d20,0x001D2D20,0x001D2E14,244
FUN_001d2e18,0x001D2E18,0x001D2F24,232
FUN_001d2f28,0x001D2F28,0x001D3034,232
FUN_001d3038,0x001D3038,0x001D31BC,388
FUN_001d31c0,0x001D31C0,0x001D32E0,288
FUN_001d32e0,0x001D32E0,0x001D342C,332
FUN_001d3430,0x001D3430,0x001D3590,352
FUN_001d3590,0x001D3590,0x001D37B8,552
FUN_001d37b8,0x001D37B8,0x001D3B3C,900
FUN_001d3b40,0x001D3B40,0x001D4044,1284
FUN_001d4048,0x001D4048,0x001D4564,1308
FUN_001d4568,0x001D4568,0x001D4660,248
FUN_001d4660,0x001D4660,0x001D47FC,412
FUN_001d4800,0x001D4800,0x001D501C,1788
FUN_001d5020,0x001D5020,0x001D5148,296
FUN_001d5148,0x001D5148,0x001D52A0,344
FUN_001d52a0,0x001D52A0,0x001D569C,1020
FUN_001d56a0,0x001D56A0,0x001D5CBC,1564
FUN_001d5cc0,0x001D5CC0,0x001D5DE0,288
FUN_001d5de0,0x001D5DE0,0x001D5EF0,272
FUN_001d5ef0,0x001D5EF0,0x001D602C,316
FUN_001d6030,0x001D6030,0x001D6374,836
FUN_001d6378,0x001D6378,0x001D65B0,568
FUN_001d65b0,0x001D65B0,0x001D6730,384
FUN_001d6730,0x001D6730,0x001D6804,212
FUN_001d6808,0x001D6808,0x001D7070,2152
FUN_001d7070,0x001D7070,0x001D7284,532
FUN_001d7288,0x001D7288,0x001D73C8,320
FUN_001d73c8,0x001D73C8,0x001D7758,912
FUN_001d7758,0x001D7758,0x001D7938,480
FUN_001d7938,0x001D7938,0x001D83BC,2688
FUN_001d83c0,0x001D83C0,0x001D861C,604
FUN_001d8620,0x001D8620,0x001D8B10,1264
FUN_001d8b10,0x001D8B10,0x001D8D20,528
FUN_001d8d20,0x001D8D20,0x001D8F08,488
FUN_001d8f08,0x001D8F08,0x001D905C,340
FUN_001d9060,0x001D9060,0x001D9710,1712
FUN_001d98c8,0x001D98C8,0x001D98D8,16
FUN_001d98d8,0x001D98D8,0x001D9908,48
FUN_001d9908,0x001D9908,0x001D9938,48
FUN_001d9938,0x001D9938,0x001D99F4,188
FUN_001d99f8,0x001D99F8,0x001D9A24,44
FUN_001d9a28,0x001D9A28,0x001D9A74,76
FUN_001d9a78,0x001D9A78,0x001D9AA8,48
FUN_001d9aa8,0x001D9AA8,0x001D9AD0,40
FUN_001d9ad0,0x001D9AD0,0x001D9AF4,36
FUN_001d9af8,0x001D9AF8,0x001D9B3C,68
FUN_001d9b40,0x001D9B40,0x001D9BB0,112
FUN_001d9bb0,0x001D9BB0,0x001D9C78,200
FUN_001d9c78,0x001D9C78,0x001D9E04,396
FUN_001d9e08,0x001D9E08,0x001D9E4C,68
FUN_001d9e50,0x001D9E50,0x001D9EA0,80
FUN_001d9ea0,0x001D9EA0,0x001D9EE4,68
FUN_001d9ee8,0x001D9EE8,0x001D9F38,80
FUN_001d9f38,0x001D9F38,0x001D9FD4,156
FUN_001d9fd8,0x001D9FD8,0x001DA0A8,208
FUN_001da0a8,0x001DA0A8,0x001DA140,152
FUN_001da140,0x001DA140,0x001DA1D4,148
FUN_001da1d8,0x001DA1D8,0x001DA268,144
FUN_001da268,0x001DA268,0x001DA2FC,148
FUN_001da300,0x001DA300,0x001DA38C,140
FUN_001da390,0x001DA390,0x001DA424,148
FUN_001da428,0x001DA428,0x001DA4B8,144
FUN_001da4b8,0x001DA4B8,0x001DA4C8,16
FUN_001da4e0,0x001DA4E0,0x001DA528,72
FUN_001da528,0x001DA528,0x001DA53C,20
FUN_001da540,0x001DA540,0x001DA5D0,144
FUN_001da5d0,0x001DA5D0,0x001DA6A8,216
FUN_001da6a8,0x001DA6A8,0x001DA77C,212
FUN_001da780,0x001DA780,0x001DA830,176
FUN_001da830,0x001DA830,0x001DA840,16
FUN_001da840,0x001DA840,0x001DA914,176
FUN_001da918,0x001DA918,0x001DA928,16
FUN_001da928,0x001DA928,0x001DA9B4,104
FUN_001da9b8,0x001DA9B8,0x001DA9C8,16
FUN_001da9c8,0x001DA9C8,0x001DAA54,104
FUN_001daa58,0x001DAA58,0x001DAA68,16
FUN_001daa68,0x001DAA68,0x001DAB3C,176
FUN_001dab40,0x001DAB40,0x001DAB50,16
FUN_001dab50,0x001DAB50,0x001DABDC,104
FUN_001dabe0,0x001DABE0,0x001DABFC,28
FUN_001dac00,0x001DAC00,0x001DAC10,16
FUN_001dac10,0x001DAC10,0x001DAC9C,104
FUN_001daca0,0x001DACA0,0x001DACBC,28
FUN_001dacc0,0x001DACC0,0x001DACD0,16
FUN_001dacd0,0x001DACD0,0x001DADB0,188
FUN_001dadb0,0x001DADB0,0x001DADC0,16
FUN_001dadc0,0x001DADC0,0x001DAE7C,152
FUN_001dae80,0x001DAE80,0x001DAF6C,236
FUN_001daf70,0x001DAF70,0x001DAF80,16
FUN_001daf90,0x001DAF90,0x001DB050,192
FUN_001db050,0x001DB050,0x001DB0A4,84
FUN_001db0a8,0x001DB0A8,0x001DB0CC,36
FUN_001db0d0,0x001DB0D0,0x001DB0E0,16
FUN_001db0e0,0x001DB0E0,0x001DB15C,124
FUN_001db160,0x001DB160,0x001DB170,16
FUN_001db170,0x001DB170,0x001DB180,16
FUN_001db180,0x001DB180,0x001DB238,184
FUN_001db238,0x001DB238,0x001DB2CC,148
FUN_001db2d0,0x001DB2D0,0x001DB35C,140
FUN_001db360,0x001DB360,0x001DB3E0,128
FUN_001db3e0,0x001DB3E0,0x001DB480,160
FUN_001db480,0x001DB480,0x001DB520,160
FUN_001db520,0x001DB520,0x001DB538,24
FUN_001db538,0x001DB538,0x001DB5B0,120
FUN_001db5b0,0x001DB5B0,0x001DB5EC,60
FUN_001db5f0,0x001DB5F0,0x001DB608,24
FUN_001db618,0x001DB618,0x001DB62C,20
FUN_001db650,0x001DB650,0x001DB664,20
FUN_001db668,0x001DB668,0x001DB678,16
FUN_001db678,0x001DB678,0x001DB688,16
FUN_001db688,0x001DB688,0x001DB708,128
FUN_001db708,0x001DB708,0x001DB788,128
FUN_001db788,0x001DB788,0x001DB898,272
FUN_001db898,0x001DB898,0x001DB940,168
FUN_001db940,0x001DB940,0x001DB964,36
FUN_001db968,0x001DB968,0x001DB9A8,64
FUN_001db9a8,0x001DB9A8,0x001DB9CC,36
FUN_001db9d0,0x001DB9D0,0x001DB9F4,36
FUN_001db9f8,0x001DB9F8,0x001DBA44,76
FUN_001dba48,0x001DBA48,0x001DBB10,200
FUN_001dbb10,0x001DBB10,0x001DBBAC,156
FUN_001dbbb0,0x001DBBB0,0x001DBC20,112
FUN_001dbc20,0x001DBC20,0x001DBCC4,164
FUN_001dbd18,0x001DBD18,0x001DBDA0,136
FUN_001dbdc8,0x001DBDC8,0x001DBE70,168
FUN_001dbe70,0x001DBE70,0x001DBF78,264
FUN_001dbfc8,0x001DBFC8,0x001DC068,160
FUN_001dc078,0x001DC078,0x001DC134,188
FUN_001dc138,0x001DC138,0x001DC168,48
FUN_001dc168,0x001DC168,0x001DC198,48
FUN_001dc198,0x001DC198,0x001DC268,208
FUN_001dc268,0x001DC268,0x001DC294,44
FUN_001dc298,0x001DC298,0x001DC310,120
FUN_001dc310,0x001DC310,0x001DC378,104
FUN_001dc378,0x001DC378,0x001DC3A4,44
FUN_001dc3a8,0x001DC3A8,0x001DC3B8,16
FUN_001dc3b8,0x001DC3B8,0x001DC3D8,32
FUN_001dc3d8,0x001DC3D8,0x001DC460,136
FUN_001dc460,0x001DC460,0x001DC4F8,152
FUN_001dc4f8,0x001DC4F8,0x001DC610,280
FUN_001dc610,0x001DC610,0x001DC6B0,160
FUN_001dc790,0x001DC790,0x001DC814,132
FUN_001dc818,0x001DC818,0x001DC868,80
FUN_001dc868,0x001DC868,0x001DC918,176
FUN_001dc918,0x001DC918,0x001DCA1C,260
FUN_001dca20,0x001DCA20,0x001DCA48,40
FUN_001dca48,0x001DCA48,0x001DCA70,40
FUN_001dca70,0x001DCA70,0x001DCB20,176
FUN_001dcb20,0x001DCB20,0x001DCB94,116
FUN_001dcb98,0x001DCB98,0x001DCC34,156
FUN_001dcc38,0x001DCC38,0x001DCC80,72
FUN_001dcca0,0x001DCCA0,0x001DCCF0,80
FUN_001dccf0,0x001DCCF0,0x001DCE24,308
FUN_001dce28,0x001DCE28,0x001DCE50,40
FUN_001dce50,0x001DCE50,0x001DCE70,32
FUN_001dce78,0x001DCE78,0x001DCED8,96
FUN_001dced8,0x001DCED8,0x001DCF08,48
FUN_001dcf08,0x001DCF08,0x001DCFB0,168
FUN_001dcfb0,0x001DCFB0,0x001DD054,164
FUN_001dd058,0x001DD058,0x001DD130,216
FUN_001dd130,0x001DD130,0x001DD1C8,152
FUN_001dd1f0,0x001DD1F0,0x001DD26C,124
FUN_001dd270,0x001DD270,0x001DD27C,12
FUN_001dd280,0x001DD280,0x001DD28C,12
FUN_001dd290,0x001DD290,0x001DD2A0,16
FUN_001dd2a0,0x001DD2A0,0x001DD2DC,60
FUN_001dd338,0x001DD338,0x001DD3BC,132
FUN_001dd3c0,0x001DD3C0,0x001DD444,132
FUN_001dd448,0x001DD448,0x001DD488,64
FUN_001dd488,0x001DD488,0x001DD498,16
FUN_001dd498,0x001DD498,0x001DD528,144
FUN_001dd528,0x001DD528,0x001DD530,8
FUN_001dd550,0x001DD550,0x001DD55C,12
FUN_001dd580,0x001DD580,0x001DD638,184
FUN_001dd648,0x001DD648,0x001DD6FC,180
FUN_001dd710,0x001DD710,0x001DD8EC,476
FUN_001dd900,0x001DD900,0x001DD93C,60
FUN_001dd950,0x001DD950,0x001DDA9C,332
FUN_001ddab0,0x001DDAB0,0x001DDB50,160
FUN_001ddb60,0x001DDB60,0x001DDB88,40
FUN_001ddb98,0x001DDB98,0x001DDBC0,40
FUN_001ddbc0,0x001DDBC0,0x001DDD0C,332
FUN_001ddd10,0x001DDD10,0x001DDD38,40
FUN_001ddd58,0x001DDD58,0x001DDEC8,368
FUN_001ddef0,0x001DDEF0,0x001DDF7C,140
FUN_001ddf90,0x001DDF90,0x001DDFB8,40
FUN_001ddfc8,0x001DDFC8,0x001DDFF0,40
FUN_001de000,0x001DE000,0x001DE028,40
FUN_001de038,0x001DE038,0x001DE060,40
FUN_001de070,0x001DE070,0x001DE098,40
FUN_001de120,0x001DE120,0x001DE150,48
FUN_001de160,0x001DE160,0x001DE340,480
FUN_001de350,0x001DE350,0x001DE414,196
FUN_001de418,0x001DE418,0x001DE440,40
FUN_001de440,0x001DE440,0x001DE468,40
FUN_001de468,0x001DE468,0x001DE634,460
FUN_001de638,0x001DE638,0x001DE820,488
FUN_001de820,0x001DE820,0x001DE938,280
FUN_001de938,0x001DE938,0x001DEA04,204
FUN_001dea08,0x001DEA08,0x001DEB14,268
FUN_001deb18,0x001DEB18,0x001DEE38,800
FUN_001dee38,0x001DEE38,0x001DEFF8,448
FUN_001deff8,0x001DEFF8,0x001DF0F8,256
FUN_001df0f8,0x001DF0F8,0x001DF920,2088
FUN_001df920,0x001DF920,0x001DFA30,272
FUN_001dfa30,0x001DFA30,0x001E0188,1880
FUN_001e0188,0x001E0188,0x001E0444,700
FUN_001e0448,0x001E0448,0x001E1224,3548
FUN_001e1228,0x001E1228,0x001E138C,356
FUN_001e1390,0x001E1390,0x001E159C,524
FUN_001e15a0,0x001E15A0,0x001E1C88,1764
FUN_001e1c88,0x001E1C88,0x001E1DD0,328
FUN_001e1dd0,0x001E1DD0,0x001E1FF0,544
FUN_001e1ff0,0x001E1FF0,0x001E22C0,720
FUN_001e22c0,0x001E22C0,0x001E2428,360
FUN_001e2428,0x001E2428,0x001E2720,760
FUN_001e2720,0x001E2720,0x001E2878,344
FUN_001e2878,0x001E2878,0x001E2C58,992
FUN_001e2c58,0x001E2C58,0x001E3220,1480
FUN_001e3220,0x001E3220,0x001E33FC,476
FUN_001e35c8,0x001E35C8,0x001E35F0,40
FUN_001e3660,0x001E3660,0x001E36A0,64
FUN_001e36c8,0x001E36C8,0x001E372C,100
FUN_001e3730,0x001E3730,0x001E37B8,136
FUN_001e37b8,0x001E37B8,0x001E3814,92
FUN_001e3848,0x001E3848,0x001E38C0,120
FUN_001e3920,0x001E3920,0x001E3994,116
FUN_001e3998,0x001E3998,0x001E3ACC,308
FUN_001e3ad0,0x001E3AD0,0x001E3BC0,240
FUN_001e3bc0,0x001E3BC0,0x001E3C30,112
FUN_001e3c30,0x001E3C30,0x001E3D04,212
FUN_001e3d08,0x001E3D08,0x001E3D94,140
FUN_001e3d98,0x001E3D98,0x001E3F08,368
FUN_001e3f08,0x001E3F08,0x001E3F80,120
FUN_001e3f80,0x001E3F80,0x001E400C,140
FUN_001e4010,0x001E4010,0x001E40E0,208
FUN_001e40e0,0x001E40E0,0x001E416C,140
FUN_001e4170,0x001E4170,0x001E41F8,136
FUN_001e4208,0x001E4208,0x001E4280,120
FUN_001e4280,0x001E4280,0x001E42CC,76
FUN_001e4308,0x001E4308,0x001E435C,84
FUN_001e4360,0x001E4360,0x001E43F0,144
FUN_001e4440,0x001E4440,0x001E4510,208
FUN_001e4510,0x001E4510,0x001E45D0,192
FUN_001e45d0,0x001E45D0,0x001E45F4,36
FUN_001e45f8,0x001E45F8,0x001E467C,132
FUN_001e4680,0x001E4680,0x001E47BC,312
FUN_001e47c0,0x001E47C0,0x001E4800,64
FUN_001e4858,0x001E4858,0x001E48A8,80
FUN_001e48f8,0x001E48F8,0x001E4964,108
FUN_001e4968,0x001E4968,0x001E4998,48
FUN_001e4998,0x001E4998,0x001E49C8,48
FUN_001e49c8,0x001E49C8,0x001E4AB0,232
FUN_001e4ab0,0x001E4AB0,0x001E4AE0,48
FUN_001e4ae0,0x001E4AE0,0x001E4B44,100
FUN_001e4b58,0x001E4B58,0x001E4B80,40
FUN_001e4b80,0x001E4B80,0x001E4BC0,64
FUN_001e4bc0,0x001E4BC0,0x001E4BEC,44
FUN_001e4bf0,0x001E4BF0,0x001E4C28,56
FUN_001e4c28,0x001E4C28,0x001E4CC0,152
FUN_001e4cc0,0x001E4CC0,0x001E4DC4,260
FUN_001e4dc8,0x001E4DC8,0x001E4E64,156
FUN_001e4e68,0x001E4E68,0x001E4ED0,104
FUN_001e4ed0,0x001E4ED0,0x001E4F8C,188
FUN_001e4f90,0x001E4F90,0x001E5034,164
FUN_001e5038,0x001E5038,0x001E50B0,120
FUN_001e50b0,0x001E50B0,0x001E5154,164
FUN_001e5158,0x001E5158,0x001E5200,168
FUN_001e5200,0x001E5200,0x001E5240,64
FUN_001e5240,0x001E5240,0x001E52DC,156
FUN_001e52e0,0x001E52E0,0x001E5384,164
FUN_001e5388,0x001E5388,0x001E5478,240
FUN_001e5478,0x001E5478,0x001E5588,272
FUN_001e5588,0x001E5588,0x001E56A8,288
FUN_001e56a8,0x001E56A8,0x001E5760,184
FUN_001e5858,0x001E5858,0x001E5894,60
FUN_001e5898,0x001E5898,0x001E58FC,100
FUN_001e5900,0x001E5900,0x001E5968,104
FUN_001e5970,0x001E5970,0x001E59A4,52
FUN_001e59a8,0x001E59A8,0x001E59F4,76
FUN_001e59f8,0x001E59F8,0x001E5A5C,100
FUN_001e5a60,0x001E5A60,0x001E5B14,180
FUN_001e5b18,0x001E5B18,0x001E5C4C,308
FUN_001e5c50,0x001E5C50,0x001E5CEC,156
FUN_001e5cf0,0x001E5CF0,0x001E5DD4,228
FUN_001e5dd8,0x001E5DD8,0x001E5E30,88
FUN_001e5e30,0x001E5E30,0x001E5FC8,408
FUN_001e5fc8,0x001E5FC8,0x001E60A0,216
FUN_001e60a0,0x001E60A0,0x001E6170,208
FUN_001e6170,0x001E6170,0x001E6204,148
FUN_001e6208,0x001E6208,0x001E6300,248
FUN_001e63a0,0x001E63A0,0x001E63C0,32
FUN_001e6448,0x001E6448,0x001E6470,40
FUN_001e6480,0x001E6480,0x001E6768,744
FUN_001e6768,0x001E6768,0x001E68B8,336
FUN_001e68b8,0x001E68B8,0x001E68E0,40
FUN_001e68e0,0x001E68E0,0x001E6918,56
FUN_001e6938,0x001E6938,0x001E6958,32
FUN_001e6958,0x001E6958,0x001E6998,64
FUN_001e69a8,0x001E69A8,0x001E69D0,40
FUN_001e6a40,0x001E6A40,0x001E6B38,248
FUN_001e6b38,0x001E6B38,0x001E6B64,44
FUN_001e6bc8,0x001E6BC8,0x001E6BF4,44
FUN_001e6bf8,0x001E6BF8,0x001E6C24,44
FUN_001e6c28,0x001E6C28,0x001E6CC4,156
FUN_001e6cc8,0x001E6CC8,0x001E6D04,60
FUN_001e6d08,0x001E6D08,0x001E6DB4,172
FUN_001e6db8,0x001E6DB8,0x001E6E50,152
FUN_001e6e50,0x001E6E50,0x001E6EA8,88
FUN_001e6ea8,0x001E6EA8,0x001E6EB8,16
FUN_001e6eb8,0x001E6EB8,0x001E6EC8,16
FUN_001e6ec8,0x001E6EC8,0x001E6EEC,36
FUN_001e6ef0,0x001E6EF0,0x001E6F30,64
FUN_001e6f50,0x001E6F50,0x001E6F6C,28
FUN_001e6f70,0x001E6F70,0x001E70F8,392
FUN_001e70f8,0x001E70F8,0x001E723C,324
FUN_001e7240,0x001E7240,0x001E739C,348
FUN_001e73a0,0x001E73A0,0x001E7C00,2144
FUN_001e7c00,0x001E7C00,0x001E7DF4,500
FUN_001e7df8,0x001E7DF8,0x001E7E68,112
FUN_001e7e68,0x001E7E68,0x001E7E7C,20
FUN_001e7e80,0x001E7E80,0x001E7EE4,100
FUN_001e7f60,0x001E7F60,0x001E7FE4,132
FUN_001e8050,0x001E8050,0x001E8078,40
FUN_001e8078,0x001E8078,0x001E8E50,3544
FUN_001e8e50,0x001E8E50,0x001E8FA4,340
FUN_001e8fa8,0x001E8FA8,0x001E9100,344
FUN_001e9100,0x001E9100,0x001E92D4,468
FUN_001e92d8,0x001E92D8,0x001E93D0,248
FUN_001e93d0,0x001E93D0,0x001E96B0,736
FUN_001e96b0,0x001E96B0,0x001E9960,688
FUN_001e9960,0x001E9960,0x001EA1D4,2164
FUN_001ea1d8,0x001EA1D8,0x001EA464,652
FUN_001ea468,0x001EA468,0x001EA6A8,576
FUN_001ea6a8,0x001EA6A8,0x001EA9A8,768
FUN_001ea9a8,0x001EA9A8,0x001EAB54,428
FUN_001eab58,0x001EAB58,0x001EAF30,984
FUN_001eaf30,0x001EAF30,0x001EB374,1092
FUN_001eb378,0x001EB378,0x001EBC3C,2244
FUN_001ebc40,0x001EBC40,0x001EC0C4,1156
FUN_001ec0c8,0x001EC0C8,0x001EC3E0,792
FUN_001ec3e0,0x001EC3E0,0x001EC5C0,480
FUN_001ec5c0,0x001EC5C0,0x001EC734,372
FUN_001ec738,0x001EC738,0x001EC940,520
FUN_001ec940,0x001EC940,0x001ED494,2900
FUN_001ed498,0x001ED498,0x001ED6F0,600
FUN_001ed6f0,0x001ED6F0,0x001EDF9C,2220
FUN_001edfa0,0x001EDFA0,0x001EE254,692
FUN_001ee258,0x001EE258,0x001EE408,432
FUN_001ee408,0x001EE408,0x001EE714,780
FUN_001ee718,0x001EE718,0x001EE7B8,160
FUN_001ee7b8,0x001EE7B8,0x001EE854,156
FUN_001ee858,0x001EE858,0x001EE960,264
FUN_001ee960,0x001EE960,0x001EEA40,224
FUN_001eea40,0x001EEA40,0x001EEA64,36
FUN_001eea68,0x001EEA68,0x001EEAA0,56
FUN_001eeaa0,0x001EEAA0,0x001EEAC4,36
FUN_001eeac8,0x001EEAC8,0x001EEB04,60
FUN_001eeb08,0x001EEB08,0x001EEB44,60
FUN_001eeb48,0x001EEB48,0x001EEB84,60
FUN_001eeb88,0x001EEB88,0x001EEC5C,212
FUN_001eec60,0x001EEC60,0x001EECA4,68
FUN_001eeca8,0x001EECA8,0x001EECEC,68
FUN_001eecf0,0x001EECF0,0x001EED14,36
FUN_001eed18,0x001EED18,0x001EED48,48
FUN_001eed48,0x001EED48,0x001EED6C,36
FUN_001eed70,0x001EED70,0x001EEE0C,156
FUN_001eee10,0x001EEE10,0x001EEEBC,172
FUN_001eeec0,0x001EEEC0,0x001EEF6C,172
FUN_001eef70,0x001EEF70,0x001EEFAC,60
FUN_001eefb0,0x001EEFB0,0x001EEFDC,44
FUN_001eefe0,0x001EEFE0,0x001EF024,68
FUN_001ef028,0x001EF028,0x001EF06C,68
FUN_001ef070,0x001EF070,0x001EF07C,12
FUN_001ef088,0x001EF088,0x001EF14C,196
FUN_001ef1d8,0x001EF1D8,0x001EF268,144
FUN_001ef268,0x001EF268,0x001EF2F8,144
FUN_001ef2f8,0x001EF2F8,0x001EF3CC,212
FUN_001ef3d0,0x001EF3D0,0x001EF4C4,244
FUN_001ef540,0x001EF540,0x001EF774,564
FUN_001ef778,0x001EF778,0x001EF7D4,92
FUN_001ef7d8,0x001EF7D8,0x001EF8E8,272
FUN_001ef8e8,0x001EF8E8,0x001EF960,120
FUN_001ef960,0x001EF960,0x001EFA5C,252
FUN_001efa60,0x001EFA60,0x001EFB5C,252
FUN_001efb78,0x001EFB78,0x001EFC60,232
FUN_001efc60,0x001EFC60,0x001EFCF0,144
FUN_001efd10,0x001EFD10,0x001EFDB4,164
FUN_001efdb8,0x001EFDB8,0x001EFE50,152
FUN_001efe50,0x001EFE50,0x001EFE58,8
FUN_001efe58,0x001EFE58,0x001EFE68,16
FUN_001efe68,0x001EFE68,0x001EFE7C,20
FUN_001efe80,0x001EFE80,0x001EFE90,16
FUN_001eff00,0x001EFF00,0x001EFF4C,76
FUN_001eff50,0x001EFF50,0x001F0004,180
FUN_001f0008,0x001F0008,0x001F037C,884
FUN_001f03b0,0x001F03B0,0x001F0418,104
FUN_001f0438,0x001F0438,0x001F05A8,368
FUN_001f05a8,0x001F05A8,0x001F061C,116
FUN_001f0620,0x001F0620,0x001F0648,40
FUN_001f0648,0x001F0648,0x001F07B8,368
FUN_001f0808,0x001F0808,0x001F0860,88
FUN_001f0860,0x001F0860,0x001F0930,208
FUN_001f09b0,0x001F09B0,0x001F143C,2700
FUN_001f1440,0x001F1440,0x001F175C,796
FUN_001f1760,0x001F1760,0x001F18C0,352
FUN_001f18c0,0x001F18C0,0x001F29D0,4368
FUN_001f29d0,0x001F29D0,0x001F2B5C,396
FUN_001f2b60,0x001F2B60,0x001F2E3C,732
FUN_001f2e40,0x001F2E40,0x001F2F44,260
FUN_001f2f48,0x001F2F48,0x001F31D0,648
FUN_001f31d0,0x001F31D0,0x001F5604,9268
FUN_001f5608,0x001F5608,0x001F5758,336
FUN_001f5758,0x001F5758,0x001F67C8,4208
FUN_001f67c8,0x001F67C8,0x001F68E4,284
FUN_001f68e8,0x001F68E8,0x001F6BCC,712
FUN_001f6bd0,0x001F6BD0,0x001F6BF0,32
FUN_001f6bf0,0x001F6BF0,0x001F6C58,104
FUN_001f6c58,0x001F6C58,0x001F6C90,56
FUN_001f6c90,0x001F6C90,0x001F6C98,8
FUN_001f6c98,0x001F6C98,0x001F6CA4,12
FUN_001f6ca8,0x001F6CA8,0x001F6CB4,12
FUN_001f6cb8,0x001F6CB8,0x001F6D80,200
FUN_001f6d80,0x001F6D80,0x001F6E68,232
FUN_001f6e68,0x001F6E68,0x001F6E74,12
FUN_001f6e78,0x001F6E78,0x001F6EDC,100
FUN_001f6ef8,0x001F6EF8,0x001F6F4C,84
FUN_001f6f50,0x001F6F50,0x001F70A8,344
FUN_001f70a8,0x001F70A8,0x001F70C8,32
FUN_001f70c8,0x001F70C8,0x001F70E8,32
FUN_001f70e8,0x001F70E8,0x001F7108,32
FUN_001f7108,0x001F7108,0x001F7128,32
FUN_001f7128,0x001F7128,0x001F7148,32
FUN_001f7148,0x001F7148,0x001F7164,28
FUN_001f7168,0x001F7168,0x001F71B8,80
FUN_001f71b8,0x001F71B8,0x001F71D8,32
FUN_001f71d8,0x001F71D8,0x001F7234,92
FUN_001f7298,0x001F7298,0x001F72E8,80
FUN_001f72e8,0x001F72E8,0x001F7320,56
FUN_001f7320,0x001F7320,0x001F7358,56
FUN_001f7378,0x001F7378,0x001F73A0,40
FUN_001f73a0,0x001F73A0,0x001F73C8,40
FUN_001f73c8,0x001F73C8,0x001F745C,148
FUN_001f7460,0x001F7460,0x001F7468,8
FUN_001f7468,0x001F7468,0x001F7470,8
FUN_001f7470,0x001F7470,0x001F78CC,1116
FUN_001f78d0,0x001F78D0,0x001F8718,3656
FUN_001f8718,0x001F8718,0x00200560,32328
FUN_00200560,0x00200560,0x00200614,180
FUN_00200618,0x00200618,0x00200668,80
FUN_00200668,0x00200668,0x002007DC,372
FUN_002007e0,0x002007E0,0x00200814,52
FUN_00200818,0x00200818,0x00200848,48
FUN_00200848,0x00200848,0x0020087C,52
FUN_00200880,0x00200880,0x002008C4,68
FUN_002008c8,0x002008C8,0x0020090C,68
FUN_00200910,0x00200910,0x00200958,72
FUN_00200958,0x00200958,0x002009D4,124
FUN_002009d8,0x002009D8,0x00200A1C,68
FUN_00200a30,0x00200A30,0x00200A6C,60
FUN_00200a70,0x00200A70,0x00200ABC,76
FUN_00200ac0,0x00200AC0,0x00200AF8,56
FUN_00200af8,0x00200AF8,0x00200B10,24
FUN_00200b10,0x00200B10,0x00200BD0,192
FUN_00200bd0,0x00200BD0,0x00200C48,120
FUN_00200c48,0x00200C48,0x00200C5C,20
FUN_00200c60,0x00200C60,0x00200D4C,236
FUN_00200d50,0x00200D50,0x00200F18,456
FUN_00200f18,0x00200F18,0x00200FE4,204
FUN_00201010,0x00201010,0x00201088,120
FUN_002010d0,0x002010D0,0x002010F8,40
FUN_002010f8,0x002010F8,0x00201108,16
FUN_00201108,0x00201108,0x0020112C,36
FUN_00201130,0x00201130,0x0020115C,44
FUN_00201168,0x00201168,0x002011BC,84
FUN_002011c0,0x002011C0,0x002011E4,36
FUN_002011e8,0x002011E8,0x00201210,40
FUN_00201210,0x00201210,0x00201238,40
FUN_00201238,0x00201238,0x002012A0,104
FUN_002012a0,0x002012A0,0x002012C8,40
FUN_002012c8,0x002012C8,0x00201440,372
FUN_002015b0,0x002015B0,0x00201688,216
FUN_00201688,0x00201688,0x002017CC,324
FUN_002017d0,0x002017D0,0x00201858,136
FUN_00201858,0x00201858,0x002018D4,124
FUN_002018d8,0x002018D8,0x00201964,140
FUN_00201968,0x00201968,0x00201970,8
FUN_00201970,0x00201970,0x00201CA0,816
FUN_00201ca0,0x00201CA0,0x00201E7C,468
FUN_00201e80,0x00201E80,0x00202064,476
FUN_00202068,0x00202068,0x00202098,48
FUN_00202098,0x00202098,0x00202178,224
FUN_00202180,0x00202180,0x002022AC,300
FUN_002022b0,0x002022B0,0x0020234C,152
FUN_00202350,0x00202350,0x00202590,576
FUN_00202590,0x00202590,0x002025E8,88
FUN_002025e8,0x002025E8,0x0020264C,100
FUN_00202650,0x00202650,0x002028F8,680
FUN_002028f8,0x002028F8,0x00202A60,356
FUN_00202a60,0x00202A60,0x00202B74,276
FUN_00202b78,0x00202B78,0x00202BC4,76
FUN_00202bc8,0x00202BC8,0x00202C80,184
FUN_00202c80,0x00202C80,0x00202D14,148
FUN_00202d18,0x00202D18,0x00202DB8,160
FUN_00202db8,0x00202DB8,0x00202DE4,44
FUN_00202de8,0x00202DE8,0x00202E3C,84
FUN_00202e40,0x00202E40,0x00202E58,24
FUN_00202e58,0x00202E58,0x00202E78,32
FUN_00202e88,0x00202E88,0x00202EC4,60
FUN_00202ec8,0x00202EC8,0x00202EE8,32
FUN_00202ee8,0x00202EE8,0x00202F20,56
FUN_00202f20,0x00202F20,0x00202F48,40
FUN_00202f48,0x00202F48,0x00202F64,28
FUN_00202f68,0x00202F68,0x00202FD4,108
FUN_00202fd8,0x00202FD8,0x00203068,144
FUN_00203068,0x00203068,0x0020312C,196
FUN_00203130,0x00203130,0x00203160,48
FUN_00203160,0x00203160,0x002032F4,404
FUN_00203450,0x00203450,0x00203478,40
FUN_00203478,0x00203478,0x002034A8,48
FUN_002034c0,0x002034C0,0x00203510,80
FUN_00203510,0x00203510,0x00203540,48
FUN_00203558,0x00203558,0x00203598,64
FUN_00203598,0x00203598,0x002036A4,268
FUN_002036a8,0x002036A8,0x00203738,144
FUN_00203768,0x00203768,0x00203800,152
FUN_00203800,0x00203800,0x0020382C,44
FUN_00203830,0x00203830,0x00203870,64
FUN_00203870,0x00203870,0x002038B4,68
FUN_002038b8,0x002038B8,0x00203908,80
FUN_00203908,0x00203908,0x00203A04,252
FUN_00203a08,0x00203A08,0x00203C6C,604
FUN_00203c70,0x00203C70,0x00203CB8,68
FUN_00203cb8,0x00203CB8,0x00203D40,136
FUN_00203d40,0x00203D40,0x00203E7C,316
FUN_00203e80,0x00203E80,0x00203F64,228
FUN_00203f68,0x00203F68,0x0020406C,260
FUN_00204070,0x00204070,0x00204408,920
FUN_00204408,0x00204408,0x00204430,40
FUN_00204430,0x00204430,0x002044A8,120
FUN_002044a8,0x002044A8,0x00204680,472
FUN_00204680,0x00204680,0x002047F4,372
FUN_002047f8,0x002047F8,0x00204870,48
FUN_00204870,0x00204870,0x00204998,196
FUN_00204998,0x00204998,0x002049C8,48
FUN_002049c8,0x002049C8,0x00204A08,64
FUN_00204a30,0x00204A30,0x00204A50,32
FUN_00204a50,0x00204A50,0x00204A6C,28
FUN_00204a70,0x00204A70,0x00204A9C,44
FUN_00204aa0,0x00204AA0,0x00204B34,148
FUN_00204b38,0x00204B38,0x00204D10,472
FUN_00204d30,0x00204D30,0x00204D80,80
FUN_00204d80,0x00204D80,0x00204D9C,28
FUN_00204dc0,0x00204DC0,0x00204E10,80
FUN_00204e10,0x00204E10,0x00204E2C,28
FUN_00204e48,0x00204E48,0x00204E98,80
FUN_00204e98,0x00204E98,0x00204EB4,28
FUN_00204eb8,0x00204EB8,0x00204EE8,48
FUN_00204f00,0x00204F00,0x00204F50,80
FUN_00204f50,0x00204F50,0x00204F80,48
FUN_00204f98,0x00204F98,0x00204FE8,80
FUN_00204fe8,0x00204FE8,0x00205008,32
FUN_00205028,0x00205028,0x00205068,64
FUN_00205068,0x00205068,0x0020508C,36
FUN_00205090,0x00205090,0x00205558,1220
FUN_00205558,0x00205558,0x002055A8,80
FUN_00205670,0x00205670,0x0020571C,172
FUN_00205720,0x00205720,0x00205754,52
FUN_00205ad8,0x00205AD8,0x00205B28,80
FUN_00205b28,0x00205B28,0x00205B44,28
FUN_00205b48,0x00205B48,0x00205B98,80
FUN_00205b98,0x00205B98,0x00205BB4,28
FUN_00205bb8,0x00205BB8,0x00205C08,80
FUN_00205c08,0x00205C08,0x00205C24,28
FUN_00205c28,0x00205C28,0x00205C78,80
FUN_00205c78,0x00205C78,0x00205C94,28
FUN_00205c98,0x00205C98,0x00205CE8,80
FUN_00205ce8,0x00205CE8,0x00205D04,28
FUN_00205d08,0x00205D08,0x00205D58,80
FUN_00205d58,0x00205D58,0x00205D74,28
FUN_00205d78,0x00205D78,0x00205DC8,80
FUN_00205dc8,0x00205DC8,0x00205DE4,28
FUN_00205de8,0x00205DE8,0x00205DF0,8
FUN_00205df8,0x00205DF8,0x00205E4C,84
FUN_00205e50,0x00205E50,0x00205F00,176
FUN_00205f00,0x00205F00,0x00205F20,32
FUN_00205f20,0x00205F20,0x00205F80,96
FUN_00205fb0,0x00205FB0,0x00206000,80
FUN_00206000,0x00206000,0x00206030,48
FUN_00206030,0x00206030,0x002060C4,148
FUN_002060c8,0x002060C8,0x00206258,400
FUN_00206258,0x00206258,0x00206264,12
FUN_00206268,0x00206268,0x002063A8,312
FUN_002063a8,0x002063A8,0x002063F0,72
FUN_002063f0,0x002063F0,0x002064E4,244
FUN_002064e8,0x002064E8,0x00206578,144
FUN_00206578,0x00206578,0x0020668C,276
FUN_00206690,0x00206690,0x00206874,484
FUN_00206878,0x00206878,0x002069D0,344
FUN_002069d0,0x002069D0,0x00206A44,116
FUN_00206a48,0x00206A48,0x00206AC0,120
FUN_00206ac8,0x00206AC8,0x00206B7C,180
FUN_00206b80,0x00206B80,0x00206BD8,88
FUN_00206be0,0x00206BE0,0x00206CF8,280
FUN_00206d00,0x00206D00,0x00206E34,308
FUN_00206e38,0x00206E38,0x00206EEC,180
FUN_00206ef0,0x00206EF0,0x00206FB8,200
FUN_00206fb8,0x00206FB8,0x00207090,216
FUN_00207090,0x00207090,0x00207140,176
FUN_00207140,0x00207140,0x002071F0,176
FUN_002071f0,0x002071F0,0x0020724C,92
FUN_00207250,0x00207250,0x002072A4,84
FUN_002072c0,0x002072C0,0x00207324,100
FUN_00207328,0x00207328,0x0020744C,292
FUN_00207450,0x00207450,0x00207524,212
FUN_00207528,0x00207528,0x00207610,232
FUN_00207610,0x00207610,0x00207700,240
FUN_00207700,0x00207700,0x00207788,136
FUN_00207788,0x00207788,0x002078A4,284
FUN_002078a8,0x002078A8,0x002079A4,252
FUN_002079a8,0x002079A8,0x00207AD0,296
FUN_00207ad0,0x00207AD0,0x00207C0C,316
FUN_00207c10,0x00207C10,0x00207D24,276
FUN_00207d28,0x00207D28,0x00208118,1008
FUN_00208118,0x00208118,0x002084B4,924
FUN_002084b8,0x002084B8,0x002087A0,744
FUN_002087a0,0x002087A0,0x002089F0,592
FUN_002089f0,0x002089F0,0x00208DD0,988
FUN_00208dd0,0x00208DD0,0x00208F08,308
FUN_00208f08,0x00208F08,0x00209060,340
FUN_00209060,0x00209060,0x002099AC,2380
FUN_002099b0,0x002099B0,0x00209AB4,260
FUN_00209ab8,0x00209AB8,0x00209D4C,656
FUN_00209d50,0x00209D50,0x00209D88,56
FUN_00209d88,0x00209D88,0x00209DAC,36
FUN_00209db0,0x00209DB0,0x0020A058,676
FUN_0020a058,0x0020A058,0x0020A074,28
FUN_0020a078,0x0020A078,0x0020A15C,228
FUN_0020a160,0x0020A160,0x0020A184,36
FUN_0020a188,0x0020A188,0x0020A2E8,344
FUN_0020a2e8,0x0020A2E8,0x0020A318,48
FUN_0020a318,0x0020A318,0x0020A3FC,228
FUN_0020a400,0x0020A400,0x0020A46C,108
FUN_0020a470,0x0020A470,0x0020A4B8,72
FUN_0020a4b8,0x0020A4B8,0x0020A550,152
FUN_0020a550,0x0020A550,0x0020A5A8,88
FUN_0020a5a8,0x0020A5A8,0x0020A5B8,16
FUN_0020a5b8,0x0020A5B8,0x0020A604,76
FUN_0020a608,0x0020A608,0x0020A654,76
FUN_0020a658,0x0020A658,0x0020A798,320
FUN_0020a8c8,0x0020A8C8,0x0020AAFC,564
FUN_0020ab00,0x0020AB00,0x0020AC4C,332
FUN_0020ac50,0x0020AC50,0x0020ADA8,344
FUN_0020ada8,0x0020ADA8,0x0020AED0,296
FUN_0020aed0,0x0020AED0,0x0020AFF8,296
FUN_0020aff8,0x0020AFF8,0x0020B27C,528
FUN_0020b2f0,0x0020B2F0,0x0020B318,40
FUN_0020b318,0x0020B318,0x0020B338,32
FUN_0020b338,0x0020B338,0x0020B358,32
FUN_0020b358,0x0020B358,0x0020B378,32
FUN_0020b378,0x0020B378,0x0020B398,32
FUN_0020b398,0x0020B398,0x0020B3B8,32
FUN_0020b3b8,0x0020B3B8,0x0020B3D8,32
FUN_0020b3d8,0x0020B3D8,0x0020B404,44
FUN_0020b408,0x0020B408,0x0020B428,32
FUN_0020b428,0x0020B428,0x0020B448,32
FUN_0020b448,0x0020B448,0x0020B468,32
FUN_0020b468,0x0020B468,0x0020B4DC,116
FUN_0020b4e0,0x0020B4E0,0x0020B578,152
FUN_0020b638,0x0020B638,0x0020B658,32
FUN_0020b658,0x0020B658,0x0020B678,32
FUN_0020b678,0x0020B678,0x0020B698,32
FUN_0020b698,0x0020B698,0x0020B6B8,32
FUN_0020b6b8,0x0020B6B8,0x0020B700,72
FUN_0020b700,0x0020B700,0x0020B78C,140
FUN_0020b790,0x0020B790,0x0020B804,116
FUN_0020b8e0,0x0020B8E0,0x0020B9D0,240
FUN_0020b9d0,0x0020B9D0,0x0020BAC8,248
FUN_0020bac8,0x0020BAC8,0x0020BBA4,220
FUN_0020bba8,0x0020BBA8,0x0020BBCC,36
FUN_0020bbd0,0x0020BBD0,0x0020BC34,100
FUN_0020bcb0,0x0020BCB0,0x0020BD54,164
FUN_0020bd58,0x0020BD58,0x0020BEAC,340
FUN_0020beb0,0x0020BEB0,0x0020C148,664
FUN_0020c148,0x0020C148,0x0020C324,476
FUN_0020c328,0x0020C328,0x0020C4B8,400
FUN_0020c4b8,0x0020C4B8,0x0020C4D0,24
FUN_0020c4d0,0x0020C4D0,0x0020C56C,156
FUN_0020c570,0x0020C570,0x0020C5D8,104
FUN_0020c5d8,0x0020C5D8,0x0020C6C0,232
FUN_0020c6c0,0x0020C6C0,0x0020C724,100
FUN_0020c728,0x0020C728,0x0020C74C,36
FUN_0020c750,0x0020C750,0x0020C7B4,100
FUN_0020c7b8,0x0020C7B8,0x0020C7C8,16
FUN_0020c7c8,0x0020C7C8,0x0020C7DC,20
FUN_0020c7e0,0x0020C7E0,0x0020C818,52
FUN_0020c818,0x0020C818,0x0020C850,56
FUN_0020c850,0x0020C850,0x0020C85C,12
FUN_0020c868,0x0020C868,0x0020C91C,180
FUN_0020c920,0x0020C920,0x0020C9A8,136
FUN_0020c9a8,0x0020C9A8,0x0020CA08,96
FUN_0020ca08,0x0020CA08,0x0020CAA8,160
FUN_0020cad8,0x0020CAD8,0x0020CB74,156
FUN_0020cb78,0x0020CB78,0x0020CBA0,40
FUN_0020cba0,0x0020CBA0,0x0020CD10,368
FUN_0020cd10,0x0020CD10,0x0020CF88,632
FUN_0020cf88,0x0020CF88,0x0020D200,632
FUN_0020d200,0x0020D200,0x0020D7BC,1468
FUN_0020d7c0,0x0020D7C0,0x0020D9E8,552
FUN_0020d9e8,0x0020D9E8,0x0020DBC4,476
FUN_0020dbc8,0x0020DBC8,0x0020DC88,192
FUN_0020dc88,0x0020DC88,0x0020DD50,200
FUN_0020dd98,0x0020DD98,0x0020DF00,360
FUN_0020df00,0x0020DF00,0x0020E020,288
FUN_0020e020,0x0020E020,0x0020E0B4,148
FUN_0020e0b8,0x0020E0B8,0x0020E1B0,248
FUN_0020e1b0,0x0020E1B0,0x0020E218,104
FUN_0020e218,0x0020E218,0x0020E3B8,416
FUN_0020e3b8,0x0020E3B8,0x0020E520,360
FUN_0020e520,0x0020E520,0x0020E688,360
FUN_0020e688,0x0020E688,0x0020E810,392
FUN_0020e810,0x0020E810,0x0020E81C,12
FUN_0020e830,0x0020E830,0x0020E83C,12
FUN_0020e850,0x0020E850,0x0020E85C,12
FUN_0020e870,0x0020E870,0x0020E88C,28
FUN_0020e890,0x0020E890,0x0020E8AC,28
FUN_0020e8b0,0x0020E8B0,0x0020E8CC,28
FUN_0020e8d0,0x0020E8D0,0x0020E8EC,28
FUN_0020e8f0,0x0020E8F0,0x0020E90C,28
FUN_0020e910,0x0020E910,0x0020E938,40
FUN_0020e938,0x0020E938,0x0020E95C,36
FUN_0020e9b0,0x0020E9B0,0x0020E9F8,72
FUN_0020e9f8,0x0020E9F8,0x0020EA20,40
FUN_0020ea20,0x0020EA20,0x0020EA44,36
FUN_0020ea98,0x0020EA98,0x0020EAE0,72
FUN_0020eae0,0x0020EAE0,0x0020EB3C,92
FUN_0020eb40,0x0020EB40,0x0020EB94,84
FUN_0020eb98,0x0020EB98,0x0020EC28,144
FUN_0020ec28,0x0020EC28,0x0020EC50,40
FUN_0020ec50,0x0020EC50,0x0020EC6C,28
FUN_0020ec70,0x0020EC70,0x0020EC8C,28
FUN_0020ec90,0x0020EC90,0x0020ECAC,28
FUN_0020ecb0,0x0020ECB0,0x0020ECCC,28
Memory_Initialise,0x0020ECD0,0x0020EE28,344
Memory_ResetBlock,0x0020EE28,0x0020F058,560
Memory_AllocBlock,0x0020F058,0x0020F330,724
FUN_0020f330,0x0020F330,0x0020F518,488
Memory_StatsString,0x0020F518,0x0020F74C,564
FUN_0020f750,0x0020F750,0x0020FDE0,1504
FUN_0020fde0,0x0020FDE0,0x002100D0,752
FUN_002100d0,0x002100D0,0x00210960,2192
FUN_00210a20,0x00210A20,0x00210A44,36
Memory_InitMallocBlockInfo,0x00210A48,0x00210AF0,168
Memory_SetBlock,0x00210B28,0x00210D60,564
FUN_00210d60,0x00210D60,0x00210DA4,68
Memory_Available,0x00210DA8,0x00210E20,120
Memory_Used,0x00210E20,0x00210EC8,168
FUN_00210ec8,0x00210EC8,0x00210EEC,36
FUN_00210ef0,0x00210EF0,0x00210F2C,60
FUN_00211100,0x00211100,0x00211144,68
FUN_00211148,0x00211148,0x00211284,316
FUN_00211288,0x00211288,0x002114D4,588
FUN_002114d8,0x002114D8,0x0021159C,196
FUN_002115a0,0x002115A0,0x00211714,372
FUN_00211718,0x00211718,0x00211874,348
GetAsyncFileSize,0x00211878,0x00211B34,700
FUN_00211b38,0x00211B38,0x00211D04,460
FUN_00211de0,0x00211DE0,0x00211E1C,60
FUN_00211e20,0x00211E20,0x00211F30,272
FUN_00211f30,0x00211F30,0x00212054,292
AsyncProcessLoad,0x00212110,0x002121F8,232
FUN_002121f8,0x002121F8,0x00212240,72
StartAsyncHDLoad,0x00212240,0x002122C4,132
FUN_002122c8,0x002122C8,0x002122EC,36
FUN_002122f0,0x002122F0,0x0021234C,92
FUN_00212350,0x00212350,0x0021237C,44
AdjustLoadInfo,0x00212380,0x002123A0,32
StartAsyncLoadFile,0x002123A0,0x002123BC,28
AsyncLoadStatus,0x002123C8,0x002124B0,232
FUN_002124b0,0x002124B0,0x002124BC,12
FUN_002124c0,0x002124C0,0x0021257C,188
FUN_00212590,0x00212590,0x002126D4,324
FUN_002126d8,0x002126D8,0x00212860,392
FUN_00212860,0x00212860,0x0021298C,300
FUN_00212990,0x00212990,0x002129FC,108
FUN_00212a00,0x00212A00,0x00212A20,32
FUN_00212a20,0x00212A20,0x00212A28,8
FUN_00212a70,0x00212A70,0x00212B3C,204
FUN_00212b40,0x00212B40,0x00212BDC,156
FUN_00212be0,0x00212BE0,0x00212CC4,228
FUN_00212d40,0x00212D40,0x00212DD0,144
FUN_00212dd0,0x00212DD0,0x00212F6C,412
FUN_00212f70,0x00212F70,0x002133FC,1160
FUN_00213400,0x00213400,0x00213494,148
FUN_00213498,0x00213498,0x0021350C,116
FUN_00213510,0x00213510,0x0021359C,140
FUN_002135a0,0x002135A0,0x002135A8,8
FUN_002135a8,0x002135A8,0x00213644,140
FUN_00213648,0x00213648,0x002138FC,692
FUN_00213900,0x00213900,0x00213980,128
FUN_00213980,0x00213980,0x00213A5C,220
FUN_00213a60,0x00213A60,0x00213AF4,148
FUN_00213b78,0x00213B78,0x00213BD8,96
FUN_00213bd8,0x00213BD8,0x00213C28,80
FUN_00213c28,0x00213C28,0x00213C78,80
FUN_00213c78,0x00213C78,0x00213C98,32
FUN_00213c98,0x00213C98,0x00213CB8,32
FUN_00213cb8,0x00213CB8,0x00213CE8,48
FUN_00213ce8,0x00213CE8,0x00213D60,120
FUN_00213de8,0x00213DE8,0x00213E08,32
FUN_00213e08,0x00213E08,0x00213E2C,36
FUN_00213e30,0x00213E30,0x00213E60,48
FUN_00213e88,0x00213E88,0x00213ED0,72
FUN_00213ed0,0x00213ED0,0x00213F6C,156
FUN_00213f70,0x00213F70,0x00214058,232
FUN_00214058,0x00214058,0x002140C8,112
FUN_002140c8,0x002140C8,0x002140E0,24
FUN_002140f8,0x002140F8,0x00214110,24
FUN_00214128,0x00214128,0x00214140,24
FUN_00214170,0x00214170,0x0021418C,28
FUN_00214190,0x00214190,0x002141A8,24
FUN_002141a8,0x002141A8,0x002141C0,24
FUN_00214208,0x00214208,0x00214220,24
FUN_00214220,0x00214220,0x00214238,24
FUN_00214238,0x00214238,0x00214264,44
FUN_00214280,0x00214280,0x0021439C,284
FUN_002143a0,0x002143A0,0x002144BC,284
FUN_002144c0,0x002144C0,0x002145D8,280
FUN_002145d8,0x002145D8,0x00214638,96
FUN_00214638,0x00214638,0x00214654,28
FUN_00214658,0x00214658,0x00214688,48
FUN_00214688,0x00214688,0x00214698,16
FUN_002146c8,0x002146C8,0x002146F4,44
FUN_00214778,0x00214778,0x0021489C,292
FUN_002148a0,0x002148A0,0x002149C8,296
FUN_002149c8,0x002149C8,0x002149F4,44
FUN_002149f8,0x002149F8,0x00214B20,296
FUN_00214b20,0x00214B20,0x00214C80,352
FUN_00214da0,0x00214DA0,0x00214E74,212
FUN_00214e78,0x00214E78,0x00214EB0,56
FUN_00214eb0,0x00214EB0,0x00215224,884
FUN_00215228,0x00215228,0x002152F8,208
FUN_002152f8,0x002152F8,0x00215344,76
FUN_00215348,0x00215348,0x0021571C,980
FUN_00215720,0x00215720,0x00215780,96
FUN_00215780,0x00215780,0x00215840,192
FUN_00215840,0x00215840,0x002158F4,180
FUN_002158f8,0x002158F8,0x00215A04,268
FUN_00215a08,0x00215A08,0x00215B90,392
FUN_00215bd8,0x00215BD8,0x00215CA8,208
FUN_00215ca8,0x00215CA8,0x00215CF4,76
FUN_00215d28,0x00215D28,0x00215D5C,52
FUN_00215d70,0x00215D70,0x00215D9C,44
FUN_00215da0,0x00215DA0,0x00215DF0,80
FUN_00215df0,0x00215DF0,0x00215E58,104
FUN_00215e58,0x00215E58,0x00215EC0,104
FUN_00215ec0,0x00215EC0,0x00215F18,88
FUN_00215f18,0x00215F18,0x00215FC0,168
FUN_00215fc0,0x00215FC0,0x002160A4,228
FUN_002160a8,0x002160A8,0x00216194,236
FUN_00216198,0x00216198,0x002162D8,320
FUN_002162d8,0x002162D8,0x00216494,444
FUN_00216498,0x00216498,0x002165D8,320
FUN_002165d8,0x002165D8,0x00216754,380
FUN_00216758,0x00216758,0x002168DC,388
FUN_002168e0,0x002168E0,0x00216AC0,480
FUN_00216ac0,0x00216AC0,0x00216C4C,396
FUN_00216c50,0x00216C50,0x00216DD4,388
FUN_00216dd8,0x00216DD8,0x00216F50,376
FUN_00216f50,0x00216F50,0x002170EC,412
FUN_002170f0,0x002170F0,0x00217274,388
FUN_00217278,0x00217278,0x00217414,412
FUN_00217418,0x00217418,0x00217590,376
FUN_00217590,0x00217590,0x00217714,388
FUN_00217718,0x00217718,0x002178A4,396
FUN_002178a8,0x002178A8,0x00217A20,376
FUN_00217a20,0x00217A20,0x00217B98,376
FUN_00217b98,0x00217B98,0x00217CD8,320
FUN_00217cd8,0x00217CD8,0x00217E18,320
FUN_00217e18,0x00217E18,0x00217F90,376
FUN_00217f90,0x00217F90,0x00218110,384
FUN_00218110,0x00218110,0x00218264,340
FUN_00218268,0x00218268,0x002187B0,1352
FUN_002187b0,0x002187B0,0x00218B00,848
FUN_00218b00,0x00218B00,0x00218C10,268
FUN_00218c10,0x00218C10,0x00218EF4,740
FUN_00218ef8,0x00218EF8,0x002190A8,432
FUN_002190a8,0x002190A8,0x002192E8,576
FUN_002192e8,0x002192E8,0x00219434,328
FUN_00219438,0x00219438,0x00219640,520
FUN_00219640,0x00219640,0x002197F4,436
FUN_002197f8,0x002197F8,0x0021996C,372
FUN_00219970,0x00219970,0x00219CE8,884
FUN_00219ce8,0x00219CE8,0x0021A0E0,1016
FUN_0021a0e0,0x0021A0E0,0x0021A4D4,1012
FUN_0021a4d8,0x0021A4D8,0x0021A6A4,460
FUN_0021a6a8,0x0021A6A8,0x0021A930,648
FUN_0021a930,0x0021A930,0x0021AAE0,432
FUN_0021aae0,0x0021AAE0,0x0021AC78,408
FUN_0021ac78,0x0021AC78,0x0021AE6C,500
FUN_0021ae70,0x0021AE70,0x0021AFFC,392
FUN_0021b000,0x0021B000,0x0021B1BC,444
FUN_0021b1c0,0x0021B1C0,0x0021DFF0,11824
FUN_0021dff0,0x0021DFF0,0x0021E168,376
FUN_0021e168,0x0021E168,0x0021E300,408
FUN_0021e300,0x0021E300,0x0021E480,384
FUN_0021e4a0,0x0021E4A0,0x0021E4D8,56
FUN_0021e4e8,0x0021E4E8,0x0021E578,144
FUN_0021e598,0x0021E598,0x0021E600,104
FUN_0021e618,0x0021E618,0x0021E6B8,160
FUN_0021e6b8,0x0021E6B8,0x0021E6FC,68
FUN_0021e700,0x0021E700,0x0021E818,280
FUN_0021e818,0x0021E818,0x0021E9A4,392
FUN_0021e9a8,0x0021E9A8,0x0021E9F4,76
FUN_0021e9f8,0x0021E9F8,0x0021EA98,160
FUN_0021ea98,0x0021EA98,0x0021EB54,188
FUN_0021eb58,0x0021EB58,0x0021EBDC,132
FUN_0021ebe0,0x0021EBE0,0x0021ECBC,220
FUN_0021ecc0,0x0021ECC0,0x0021ED04,68
FUN_0021ed28,0x0021ED28,0x0021EE54,300
FUN_0021ee58,0x0021EE58,0x0021EE9C,68
FUN_0021eea0,0x0021EEA0,0x0021EEEC,76
FUN_0021eef0,0x0021EEF0,0x0021EF14,36
FUN_0021ef18,0x0021EF18,0x0021EF38,32
FUN_0021ef38,0x0021EF38,0x0021EF90,88
FUN_0021ef90,0x0021EF90,0x0021F074,228
FUN_0021f078,0x0021F078,0x0021F0D0,88
FUN_0021f0d0,0x0021F0D0,0x0021F160,144
FUN_0021f160,0x0021F160,0x0021F208,168
FUN_0021f208,0x0021F208,0x0021F318,272
FUN_0021f318,0x0021F318,0x0021F3EC,212
FUN_0021f3f0,0x0021F3F0,0x0021F4E0,240
FUN_0021f4e0,0x0021F4E0,0x0021F5AC,204
FUN_0021f5b0,0x0021F5B0,0x0021F618,104
FUN_0021f618,0x0021F618,0x0021F62C,20
FUN_0021f630,0x0021F630,0x0021F6D0,160
FUN_0021f6d0,0x0021F6D0,0x0021F79C,204
FUN_0021f7a0,0x0021F7A0,0x0021F7C0,32
FUN_0021f7c0,0x0021F7C0,0x0021F8BC,252
FUN_0021f8c0,0x0021F8C0,0x0021F970,176
FUN_0021f970,0x0021F970,0x0021F9C8,88
FUN_0021f9c8,0x0021F9C8,0x0021FA08,64
FUN_0021fa08,0x0021FA08,0x0021FAE4,220
FUN_0021fae8,0x0021FAE8,0x0021FBD8,240
FUN_0021fbd8,0x0021FBD8,0x0021FC2C,84
FUN_0021fc50,0x0021FC50,0x0021FC78,40
FUN_0021fc78,0x0021FC78,0x0021FFD0,856
FUN_0021ffd0,0x0021FFD0,0x002201E4,532
FUN_002201e8,0x002201E8,0x002206E8,1240
FUN_002206e8,0x002206E8,0x002209D4,748
FUN_002209d8,0x002209D8,0x00220FC0,1508
FUN_00220fc0,0x00220FC0,0x00221160,416
FUN_00221160,0x00221160,0x0022138C,556
FUN_00221390,0x00221390,0x00221530,416
FUN_00221530,0x00221530,0x00221C00,1640
FUN_00221c00,0x00221C00,0x00221DE0,480
FUN_00221de0,0x00221DE0,0x00222058,632
FUN_00222058,0x00222058,0x00222210,440
FUN_00222210,0x00222210,0x002223E0,464
FUN_002223e0,0x002223E0,0x0022250C,300
FUN_00222510,0x00222510,0x002227DC,716
FUN_002227e0,0x002227E0,0x0022299C,444
FUN_002229a0,0x002229A0,0x00222D3C,924
FUN_00222d40,0x00222D40,0x00222D48,8
FUN_00222d48,0x00222D48,0x00222DEC,164
FUN_00222e00,0x00222E00,0x00222EC4,196
FUN_00222ec8,0x00222EC8,0x00222F94,204
FUN_00222f98,0x00222F98,0x00223104,364
FUN_00223158,0x00223158,0x0022325C,260
FUN_00223260,0x00223260,0x0022328C,44
FUN_00223290,0x00223290,0x002232EC,92
FUN_002232f0,0x002232F0,0x00223378,136
FUN_00223378,0x00223378,0x00223488,272
FUN_00223488,0x00223488,0x00223500,120
FUN_00223500,0x00223500,0x002235A8,168
FUN_002235a8,0x002235A8,0x002236B4,268
FUN_002236b8,0x002236B8,0x002237D8,288
FUN_002237d8,0x002237D8,0x002238F4,284
FUN_002238f8,0x002238F8,0x00223A10,280
FUN_00223a10,0x00223A10,0x00223AC4,180
FUN_00223ac8,0x00223AC8,0x00223BBC,244
FUN_00223e70,0x00223E70,0x00223EB4,68
FUN_00223eb8,0x00223EB8,0x00223F7C,196
FUN_00223f80,0x00223F80,0x00223FA8,40
FUN_00223fa8,0x00223FA8,0x00223FB0,8
FUN_00223fb8,0x00223FB8,0x00223FFC,68
FUN_00224000,0x00224000,0x002240C8,200
FUN_002240c8,0x002240C8,0x002240D8,16
FUN_002240d8,0x002240D8,0x002240EC,20
FUN_002240f0,0x002240F0,0x002243F0,768
FUN_002243f0,0x002243F0,0x002245E4,500
FUN_002245e8,0x002245E8,0x0022495C,884
FUN_00224960,0x00224960,0x00224B24,452
FUN_00224b28,0x00224B28,0x00224CC4,412
FUN_00224cc8,0x00224CC8,0x00224E24,348
FUN_00224e28,0x00224E28,0x00224E94,108
FUN_00224e98,0x00224E98,0x00224ED4,60
FUN_00224ef0,0x00224EF0,0x00224F08,24
FUN_00224f08,0x00224F08,0x00224F2C,36
FUN_00224f30,0x00224F30,0x00224F70,64
FUN_00224f70,0x00224F70,0x00224FB0,64
FUN_00224fb0,0x00224FB0,0x00224FFC,76
FUN_00225000,0x00225000,0x00225030,48
FUN_00225030,0x00225030,0x00225054,36
FUN_00225058,0x00225058,0x002250EC,148
FUN_002250f0,0x002250F0,0x00225160,112
FUN_00225160,0x00225160,0x002251A0,64
FUN_002251a0,0x002251A0,0x00225208,104
FUN_00225208,0x00225208,0x0022533C,308
FUN_00225340,0x00225340,0x002254D0,400
FUN_002254d0,0x002254D0,0x002255B8,232
FUN_002255b8,0x002255B8,0x002256FC,324
FUN_00225700,0x00225700,0x00225818,280
FUN_00225818,0x00225818,0x00225928,272
FUN_00225928,0x00225928,0x002259F4,204
FUN_002259f8,0x002259F8,0x00225AB0,184
FUN_00225ab0,0x00225AB0,0x00225B78,200
FUN_00225b78,0x00225B78,0x00225C3C,196
FUN_00225c40,0x00225C40,0x00225E44,516
FUN_00225e48,0x00225E48,0x00225FC0,376
FUN_00225fc0,0x00225FC0,0x00225FD0,16
FUN_00225fd0,0x00225FD0,0x00226000,48
FUN_00226000,0x00226000,0x00226050,80
FUN_00226058,0x00226058,0x00226088,48
FUN_00226088,0x00226088,0x00226124,156
FUN_00226128,0x00226128,0x00226238,272
FUN_00226238,0x00226238,0x00226378,320
FUN_00226378,0x00226378,0x00226540,456
FUN_00226540,0x00226540,0x00226558,24
FUN_00226558,0x00226558,0x00226568,16
FUN_00226568,0x00226568,0x00226578,16
FUN_00226578,0x00226578,0x00226588,16
FUN_00226588,0x00226588,0x002265F0,104
FUN_002265f0,0x002265F0,0x00226610,32
FUN_00226610,0x00226610,0x00226620,16
FUN_00226640,0x00226640,0x00226698,88
FUN_00226698,0x00226698,0x002266E4,76
FUN_002266e8,0x002266E8,0x00226758,112
FUN_00226758,0x00226758,0x002267EC,148
FUN_002267f0,0x002267F0,0x00226830,64
FUN_00226830,0x00226830,0x00226858,40
FUN_00226858,0x00226858,0x0022687C,36
FUN_00226880,0x00226880,0x002269C8,328
FUN_002269c8,0x002269C8,0x00226A9C,212
FUN_00226aa0,0x00226AA0,0x00226AF8,88
FUN_00226af8,0x00226AF8,0x00226B08,16
FUN_00226b08,0x00226B08,0x00226B2C,36
FUN_00226b38,0x00226B38,0x00226B5C,36
FUN_00226b60,0x00226B60,0x00226B68,8
FUN_00226b70,0x00226B70,0x00226B9C,44
FUN_00226ba0,0x00226BA0,0x00226BF4,84
FUN_00226bf8,0x00226BF8,0x00226C60,104
FUN_00226c60,0x00226C60,0x00226CBC,92
FUN_00226cc0,0x00226CC0,0x00226D14,84
FUN_00226d18,0x00226D18,0x00226D28,16
FUN_00226df0,0x00226DF0,0x00226E00,16
FUN_00226e18,0x00226E18,0x00226E40,40
FUN_00226e40,0x00226E40,0x00226EA0,96
FUN_00226ea0,0x00226EA0,0x00226EC8,40
FUN_00226ec8,0x00226EC8,0x00226EF0,40
FUN_00226ef0,0x00226EF0,0x00226F08,24
FUN_00226f30,0x00226F30,0x00226F74,68
FUN_00226f78,0x00226F78,0x00226FA0,40
FUN_00226fa0,0x00226FA0,0x00227018,120
FUN_00227018,0x00227018,0x00227020,8
FUN_00227028,0x00227028,0x00227088,96
FUN_00227088,0x00227088,0x002270D4,76
FUN_002270d8,0x002270D8,0x002270E8,16
FUN_002270e8,0x002270E8,0x002271B0,200
FUN_002271b0,0x002271B0,0x0022722C,124
FUN_00227230,0x00227230,0x002272B4,132
FUN_002272b8,0x002272B8,0x00227358,160
FUN_00227358,0x00227358,0x00227400,168
FUN_00227400,0x00227400,0x00227464,100
FUN_00227468,0x00227468,0x00227494,44
FUN_00227560,0x00227560,0x00227CD0,1904
FUN_00227cd0,0x00227CD0,0x00227F54,644
FUN_00227f58,0x00227F58,0x002282F4,924
FUN_002282f8,0x002282F8,0x002283B0,184
FUN_002283b0,0x002283B0,0x0022845C,172
FUN_00228460,0x00228460,0x002285C8,360
FUN_002287a8,0x002287A8,0x00229190,2536
FUN_00229190,0x00229190,0x002291B0,32
FUN_002291b0,0x002291B0,0x002291EC,60
FUN_002291f0,0x002291F0,0x00229344,340
FUN_00229348,0x00229348,0x00229494,332
FUN_00229498,0x00229498,0x00229970,1240
FUN_00229970,0x00229970,0x00229ADC,364
FUN_00229ae0,0x00229AE0,0x00229D78,664
FUN_00229d78,0x00229D78,0x0022A010,664
FUN_0022a010,0x0022A010,0x0022A2B0,672
FUN_0022a2b0,0x0022A2B0,0x0022A614,868
FUN_0022a618,0x0022A618,0x0022AD10,1784
FUN_0022ad10,0x0022AD10,0x0022B048,824
FUN_0022b048,0x0022B048,0x0022B560,1304
FUN_0022b560,0x0022B560,0x0022B870,784
FUN_0022b870,0x0022B870,0x0022BD30,1216
FUN_0022bd30,0x0022BD30,0x0022BE14,228
FUN_0022be18,0x0022BE18,0x0022BEF8,224
FUN_0022bf18,0x0022BF18,0x0022BFC4,172
FUN_0022bfc8,0x0022BFC8,0x0022C308,832
FUN_0022c308,0x0022C308,0x0022C5B0,680
FUN_0022c5b0,0x0022C5B0,0x0022C61C,108
FUN_0022c620,0x0022C620,0x0022C62C,12
FUN_0022c630,0x0022C630,0x0022C728,248
FUN_0022c728,0x0022C728,0x0022C748,32
FUN_0022c748,0x0022C748,0x0022C7A8,96
FUN_0022c7a8,0x0022C7A8,0x0022C7D4,44
FUN_0022c7d8,0x0022C7D8,0x0022C838,96
FUN_0022c838,0x0022C838,0x0022C920,232
FUN_0022c920,0x0022C920,0x0022CB78,600
FUN_0022cb78,0x0022CB78,0x0022CCB4,316
FUN_0022ccb8,0x0022CCB8,0x0022D1A0,1256
FUN_0022d1a0,0x0022D1A0,0x0022D2E4,324
FUN_0022d2e8,0x0022D2E8,0x0022D404,284
FUN_0022d408,0x0022D408,0x0022D540,312
FUN_0022d540,0x0022D540,0x0022D6F8,440
FUN_0022d6f8,0x0022D6F8,0x0022DA08,784
FUN_0022da08,0x0022DA08,0x0022DCEC,740
FUN_0022dcf0,0x0022DCF0,0x0022E01C,812
FUN_0022e110,0x0022E110,0x0022E424,788
FUN_0022e428,0x0022E428,0x0022E6F8,720
FUN_0022e6f8,0x0022E6F8,0x0022E87C,388
FUN_0022e880,0x0022E880,0x0022E9B4,308
FUN_0022e9b8,0x0022E9B8,0x0022F27C,2244
FUN_0022f280,0x0022F280,0x0022FCBC,2620
FUN_0022fcc0,0x0022FCC0,0x0023027C,1468
FUN_00230280,0x00230280,0x00230484,516
FUN_00230488,0x00230488,0x002304C0,56
FUN_002304c0,0x002304C0,0x00230524,100
FUN_00230528,0x00230528,0x0023053C,20
FUN_00230710,0x00230710,0x002307F8,228
FUN_002307f8,0x002307F8,0x002308E0,228
FUN_002308e0,0x002308E0,0x002309E0,256
FUN_002309e0,0x002309E0,0x00230ABC,220
FUN_00230ad0,0x00230AD0,0x00230B00,48
FUN_00230b00,0x00230B00,0x00230BCC,204
FUN_00230bd0,0x00230BD0,0x00230C00,48
FUN_00230c00,0x00230C00,0x00230C30,48
FUN_00230c68,0x00230C68,0x00230D48,224
FUN_00230d48,0x00230D48,0x00230E8C,324
FUN_00230e90,0x00230E90,0x00230F74,228
FUN_002311c8,0x002311C8,0x002311F0,40
FUN_002311f0,0x002311F0,0x00231250,96
FUN_00231250,0x00231250,0x002314D8,648
FUN_002314d8,0x002314D8,0x002315D8,256
FUN_002315d8,0x002315D8,0x00231814,572
FUN_00231818,0x00231818,0x002318B8,160
FUN_002318b8,0x002318B8,0x00231ACC,532
FUN_00231ad0,0x00231AD0,0x002322AC,2012
FUN_002322b0,0x002322B0,0x00232368,184
FUN_00232368,0x00232368,0x00232420,184
FUN_00232420,0x00232420,0x002324D8,184
FUN_002324d8,0x002324D8,0x00232624,332
FUN_00232628,0x00232628,0x00235090,10856
FUN_00235090,0x00235090,0x002357D8,896
FUN_002357d8,0x002357D8,0x00235A58,640
FUN_00235a58,0x00235A58,0x00235C3C,484
FUN_00235c40,0x00235C40,0x00235E28,488
FUN_00235e28,0x00235E28,0x002367B4,2444
FUN_002367b8,0x002367B8,0x00236874,188
FUN_00236878,0x00236878,0x00236BA0,808
FUN_00236ba0,0x00236BA0,0x00236C7C,220
FUN_00236c80,0x00236C80,0x00236DB0,304
FUN_00236db0,0x00236DB0,0x00236F30,384
FUN_00236f30,0x00236F30,0x00237660,1840
FUN_00237660,0x00237660,0x002379EC,908
FUN_002379f0,0x002379F0,0x0023812C,1852
FUN_00238130,0x00238130,0x002384EC,956
FUN_002384f0,0x002384F0,0x002388AC,956
FUN_002388b0,0x002388B0,0x00238FF4,1860
FUN_00238ff8,0x00238FF8,0x00239264,620
FUN_00239268,0x00239268,0x00239574,780
FUN_00239578,0x00239578,0x00239744,460
FUN_00239748,0x00239748,0x00239A14,716
FUN_00239a18,0x00239A18,0x00239C44,556
FUN_00239c48,0x00239C48,0x0023A154,1292
FUN_0023a280,0x0023A280,0x0023C53C,8892
FUN_0023c540,0x0023C540,0x0023C790,592
FUN_0023c790,0x0023C790,0x0023C908,376
FUN_0023c908,0x0023C908,0x0023CAE8,480
FUN_0023cae8,0x0023CAE8,0x0023CC00,280
FUN_0023cc00,0x0023CC00,0x0023CF8C,908
FUN_0023cf90,0x0023CF90,0x0023D124,404
FUN_0023d128,0x0023D128,0x0023D2EC,452
FUN_0023d2f0,0x0023D2F0,0x0023D660,880
FUN_0023d660,0x0023D660,0x0023DA3C,988
FUN_0023da40,0x0023DA40,0x0023DB44,260
FUN_0023db48,0x0023DB48,0x0023DE0C,708
FUN_0023de10,0x0023DE10,0x0023DF70,352
FUN_0023df70,0x0023DF70,0x0023E374,1028
FUN_0023e378,0x0023E378,0x0023E82C,1204
FUN_0023e830,0x0023E830,0x0023F6F8,3784
FUN_0023f6f8,0x0023F6F8,0x0023F9FC,772
FUN_0023fa00,0x0023FA00,0x0023FCC0,704
FUN_0023fcc0,0x0023FCC0,0x0023FF5C,668
FUN_0023ff60,0x0023FF60,0x00240438,1240
FUN_00240438,0x00240438,0x002405EC,436
FUN_002405f0,0x002405F0,0x00240C64,1652
FUN_00240c68,0x00240C68,0x0024140C,1956
FUN_00241410,0x00241410,0x00241DA0,2448
FUN_00241da0,0x00241DA0,0x00242230,1164
FUN_00242230,0x00242230,0x002423A0,368
FUN_002423a0,0x002423A0,0x00242ACC,1828
FUN_00242ad0,0x00242AD0,0x00242FF4,1316
FUN_00242ff8,0x00242FF8,0x00244368,4976
FUN_00244368,0x00244368,0x00245164,3580
FUN_00245168,0x00245168,0x002457D0,1640
FUN_002457d0,0x002457D0,0x002459F8,552
FUN_002459f8,0x002459F8,0x00245D44,844
FUN_00245d48,0x00245D48,0x0024611C,980
FUN_00246120,0x00246120,0x00246254,308
FUN_00246258,0x00246258,0x00246918,1728
FUN_00246918,0x00246918,0x00246CF0,984
FUN_00246cf0,0x00246CF0,0x002478EC,3068
FUN_002478f0,0x002478F0,0x00247BD4,740
FUN_00247bd8,0x00247BD8,0x00248058,1152
FUN_00248058,0x00248058,0x00248658,1536
FUN_00248658,0x00248658,0x00248900,680
FUN_00248900,0x00248900,0x0024905C,1884
FUN_00249060,0x00249060,0x00249E38,3544
FUN_00249e38,0x00249E38,0x0024A700,2248
FUN_0024a700,0x0024A700,0x0024A82C,300
FUN_0024a8c0,0x0024A8C0,0x0024AADC,540
FUN_0024aae0,0x0024AAE0,0x0024AC88,424
FUN_0024ac88,0x0024AC88,0x0024AF9C,788
FUN_0024afa0,0x0024AFA0,0x0024B2C4,804
FUN_0024b2c8,0x0024B2C8,0x0024B594,716
FUN_0024b598,0x0024B598,0x0024B77C,484
FUN_0024b780,0x0024B780,0x0024B9D0,592
FUN_0024b9d0,0x0024B9D0,0x0024BCCC,764
FUN_0024bcd0,0x0024BCD0,0x0024BE94,452
FUN_0024be98,0x0024BE98,0x0024BEA0,8
FUN_0024bf20,0x0024BF20,0x0024C008,232
FUN_0024c008,0x0024C008,0x0024C0E8,224
FUN_0024c0e8,0x0024C0E8,0x0024C1F4,268
FUN_0024c1f8,0x0024C1F8,0x0024C238,64
FUN_0024c238,0x0024C238,0x0024C280,72
FUN_0024c280,0x0024C280,0x0024C2C0,64
FUN_0024c358,0x0024C358,0x0024C3C0,104
FUN_0024c508,0x0024C508,0x0024C578,112
FUN_0024c578,0x0024C578,0x0024C670,248
FUN_0024c670,0x0024C670,0x0024C7AC,316
FUN_0024c7f8,0x0024C7F8,0x0024C868,112
FUN_0024c868,0x0024C868,0x0024C8D8,112
FUN_0024c8d8,0x0024C8D8,0x0024C8F0,24
FUN_0024c980,0x0024C980,0x0024CA2C,172
FUN_0024ca30,0x0024CA30,0x0024CAAC,124
FUN_0024cab0,0x0024CAB0,0x0024CB4C,156
FUN_0024cb50,0x0024CB50,0x0024CBF4,164
FUN_0024cbf8,0x0024CBF8,0x0024CCB8,192
FUN_0024cd90,0x0024CD90,0x0024CDBC,44
FUN_0024cdc0,0x0024CDC0,0x0024CDE4,36
FUN_0024cde8,0x0024CDE8,0x0024CEDC,244
FUN_0024cee0,0x0024CEE0,0x0024CF08,40
FUN_0024cf08,0x0024CF08,0x0024CF54,76
FUN_0024cf58,0x0024CF58,0x0024CFF4,156
FUN_0024cff8,0x0024CFF8,0x0024D03C,68
FUN_0024d128,0x0024D128,0x0024D174,76
FUN_0024d178,0x0024D178,0x0024D318,416
FUN_0024d3d0,0x0024D3D0,0x0024D468,152
FUN_0024d508,0x0024D508,0x0024D510,8
FUN_0024d510,0x0024D510,0x0024D54C,60
FUN_0024d550,0x0024D550,0x0024D59C,76
FUN_0024d5a0,0x0024D5A0,0x0024D61C,124
FUN_0024d640,0x0024D640,0x0024D758,280
FUN_0024d758,0x0024D758,0x0024D7BC,100
FUN_0024d7e0,0x0024D7E0,0x0024D83C,92
FUN_0024d858,0x0024D858,0x0024D8BC,100
FUN_0024d8c0,0x0024D8C0,0x0024D8E8,40
FUN_0024d8e8,0x0024D8E8,0x0024DB78,656
FUN_0024db78,0x0024DB78,0x0024DFEC,1140
FUN_0024dff0,0x0024DFF0,0x0024E3B8,968
FUN_0024e3b8,0x0024E3B8,0x0024E67C,708
FUN_0024e680,0x0024E680,0x0024E7B8,312
FUN_0024e7b8,0x0024E7B8,0x0024F290,2772
FUN_0024f290,0x0024F290,0x0024F98C,1784
FUN_00250450,0x00250450,0x00250E38,2532
FUN_00250e38,0x00250E38,0x00250FD0,408
FUN_00250fd0,0x00250FD0,0x00251E5C,3724
FUN_00251e60,0x00251E60,0x00252144,740
FUN_00252148,0x00252148,0x002526D0,1416
FUN_002526d0,0x002526D0,0x00252908,568
FUN_00252908,0x00252908,0x00252B14,524
FUN_00252b18,0x00252B18,0x00252D40,552
FUN_00252d40,0x00252D40,0x00253104,964
FUN_00253108,0x00253108,0x002535A8,1184
FUN_002535a8,0x002535A8,0x00253CD0,1832
FUN_00253cd0,0x00253CD0,0x00254C60,3984
FUN_00254c60,0x00254C60,0x00254FD0,880
FUN_00254fd0,0x00254FD0,0x0025519C,456
FUN_002551a0,0x002551A0,0x00255460,704
FUN_00255460,0x00255460,0x002556AC,588
FUN_002556b0,0x002556B0,0x00256C8C,5588
FUN_00256c90,0x00256C90,0x00256E70,480
FUN_00256e70,0x00256E70,0x00257354,1248
FUN_00257368,0x00257368,0x0025758C,548
FUN_00257590,0x00257590,0x002579FC,1132
FUN_00257a00,0x00257A00,0x00257C10,528
FUN_00257c10,0x00257C10,0x00258040,1072
FUN_00258040,0x00258040,0x00258994,2384
FUN_00258998,0x00258998,0x00258B6C,468
FUN_00258b70,0x00258B70,0x002591C0,1616
FUN_002591c0,0x002591C0,0x00259764,1444
FUN_00259768,0x00259768,0x00259C8C,1312
FUN_00259c90,0x00259C90,0x00259DEC,348
FUN_00259df0,0x00259DF0,0x0025A178,888
FUN_0025a178,0x0025A178,0x0025ADB4,3108
FUN_0025adb8,0x0025ADB8,0x0025B038,640
FUN_0025b038,0x0025B038,0x0025B2BC,644
FUN_0025b2c0,0x0025B2C0,0x0025B400,320
FUN_0025b400,0x0025B400,0x0025B7F0,952
FUN_0025b7f0,0x0025B7F0,0x0025BB4C,860
FUN_0025bb50,0x0025BB50,0x0025BCCC,380
FUN_0025bcd0,0x0025BCD0,0x0025BEB4,484
FUN_0025beb8,0x0025BEB8,0x0025C2CC,1044
FUN_0025c2d0,0x0025C2D0,0x0025C414,324
FUN_0025c418,0x0025C418,0x0025C854,1084
FUN_0025c858,0x0025C858,0x0025CA64,524
FUN_0025ca68,0x0025CA68,0x0025CFA8,1328
FUN_0025cfa8,0x0025CFA8,0x0025CFB8,16
FUN_0025cfb8,0x0025CFB8,0x0025D098,224
FUN_0025d098,0x0025D098,0x0025D4CC,1076
FUN_0025d4d0,0x0025D4D0,0x0025DA74,1444
FUN_0025da78,0x0025DA78,0x0025DEB0,1080
FUN_0025deb0,0x0025DEB0,0x0025E798,2272
FUN_0025e798,0x0025E798,0x0025EA24,652
FUN_0025ea28,0x0025EA28,0x0025EAB8,144
FUN_0025eab8,0x0025EAB8,0x0025EAE4,44
FUN_0025eae8,0x0025EAE8,0x0025EB10,40
FUN_0025eb10,0x0025EB10,0x0025EB54,68
FUN_0025eb58,0x0025EB58,0x0025EBF4,156
FUN_0025ebf8,0x0025EBF8,0x0025EC9C,164
FUN_0025eca0,0x0025ECA0,0x0025ECEC,76
FUN_0025ecf0,0x0025ECF0,0x0025EE94,420
FUN_0025ee98,0x0025EE98,0x0025EED4,60
FUN_0025eed8,0x0025EED8,0x0025EF18,64
FUN_0025ef18,0x0025EF18,0x0025EF58,64
FUN_0025ef68,0x0025EF68,0x0025EFBC,84
FUN_0025efd0,0x0025EFD0,0x0025F034,100
FUN_0025f0b8,0x0025F0B8,0x0025F284,460
FUN_0025f288,0x0025F288,0x0025F2EC,100
FUN_0025f638,0x0025F638,0x0025F708,208
FUN_0025f708,0x0025F708,0x0025F8F0,488
FUN_0025f8f0,0x0025F8F0,0x0025FA58,360
FUN_0025fcb8,0x0025FCB8,0x0025FE0C,340
FUN_0025fe10,0x0025FE10,0x0025FEA4,148
FUN_0025fea8,0x0025FEA8,0x0025FFB4,268
FUN_0025ffb8,0x0025FFB8,0x00260028,112
FUN_00260028,0x00260028,0x0026005C,52
FUN_002600a8,0x002600A8,0x00260138,144
FUN_00260138,0x00260138,0x00260160,40
FUN_00260180,0x00260180,0x002602C0,320
FUN_002602c0,0x002602C0,0x002603B8,248
FUN_002603b8,0x002603B8,0x002604DC,288
FUN_00260520,0x00260520,0x0026057C,92
FUN_00260620,0x00260620,0x002606A0,128
FUN_00260708,0x00260708,0x002607FC,244
FUN_00260800,0x00260800,0x002608F0,224
FUN_002608f0,0x002608F0,0x00260964,116
FUN_00260968,0x00260968,0x00260A08,160
FUN_00260a08,0x00260A08,0x00260B3C,308
FUN_00260b40,0x00260B40,0x00260B64,36
FUN_00260b68,0x00260B68,0x00260B88,32
FUN_00260c30,0x00260C30,0x00260D08,216
FUN_00260d08,0x00260D08,0x00260D7C,116
FUN_00260de8,0x00260DE8,0x00260EF4,268
FUN_00260ef8,0x00260EF8,0x0026102C,308
FUN_002610a0,0x002610A0,0x002610C8,40
FUN_002610c8,0x002610C8,0x002610F0,40
FUN_002610f0,0x002610F0,0x00262BE8,6904
FUN_00262be8,0x00262BE8,0x00263424,2108
FUN_00263428,0x00263428,0x002636A8,640
FUN_002636a8,0x002636A8,0x00263700,88
FUN_00263700,0x00263700,0x00263778,120
FUN_00263778,0x00263778,0x002637A4,44
FUN_002637a8,0x002637A8,0x002637D8,48
FUN_002637d8,0x002637D8,0x002638C8,240
FUN_002638c8,0x002638C8,0x002638E8,32
FUN_002638e8,0x002638E8,0x00263900,24
FUN_00263900,0x00263900,0x00263928,40
FUN_00263928,0x00263928,0x00263950,40
FUN_00263950,0x00263950,0x00263BB8,616
FUN_00263bb8,0x00263BB8,0x00263CF4,312
FUN_00263cf8,0x00263CF8,0x00264290,1432
FUN_00264290,0x00264290,0x00264954,1724
FUN_00264958,0x00264958,0x00264D60,1032
FUN_00264d60,0x00264D60,0x002651BC,1116
FUN_002651c0,0x002651C0,0x002655BC,1020
FUN_002655c0,0x002655C0,0x002655FC,60
FUN_00265600,0x00265600,0x00265738,312
FUN_00265748,0x00265748,0x00265870,296
FUN_00265870,0x00265870,0x002659AC,316
FUN_002659b0,0x002659B0,0x00265A00,80
FUN_00265a00,0x00265A00,0x00265A08,8
FUN_00265a20,0x00265A20,0x00265C98,632
FUN_00265c98,0x00265C98,0x00266858,3008
FUN_00266858,0x00266858,0x00266D14,1212
FUN_00266d18,0x00266D18,0x002670A0,904
FUN_002670a0,0x002670A0,0x002673C8,808
FUN_002673c8,0x002673C8,0x00267CBC,2292
FUN_00267d00,0x00267D00,0x00267D20,32
FUN_00267d20,0x00267D20,0x00267DC4,164
FUN_00267dc8,0x00267DC8,0x00267DE0,24
FUN_00267de0,0x00267DE0,0x00267E98,184
FUN_00267e98,0x00267E98,0x00267EE0,72
FUN_00267ee0,0x00267EE0,0x00268218,824
FUN_00268218,0x00268218,0x0026857C,868
FUN_00268580,0x00268580,0x002685FC,124
FUN_00268600,0x00268600,0x00268620,32
FUN_00268620,0x00268620,0x00268648,40
FUN_00268648,0x00268648,0x00268ADC,1172
FUN_00268ae0,0x00268AE0,0x00268CF8,536
FUN_00268cf8,0x00268CF8,0x00268EC0,456
FUN_00268ec0,0x00268EC0,0x00269170,688
FUN_00269170,0x00269170,0x00269674,1284
FUN_00269678,0x00269678,0x00269900,648
FUN_00269900,0x00269900,0x00269BD8,728
FUN_00269bd8,0x00269BD8,0x00269D28,336
FUN_00269d28,0x00269D28,0x00269FD8,688
FUN_00269fd8,0x00269FD8,0x0026A2B0,728
FUN_0026a2b0,0x0026A2B0,0x0026A560,688
FUN_0026a560,0x0026A560,0x0026A928,968
FUN_0026a928,0x0026A928,0x0026AD78,1104
FUN_0026ad78,0x0026AD78,0x0026B150,980
FUN_0026b150,0x0026B150,0x0026B544,1012
FUN_0026b548,0x0026B548,0x0026B868,800
FUN_0026b868,0x0026B868,0x0026B9F0,392
FUN_0026b9f0,0x0026B9F0,0x0026BAFC,268
FUN_0026bb00,0x0026BB00,0x0026BCF4,500
FUN_0026bcf8,0x0026BCF8,0x0026C140,1096
FUN_0026c140,0x0026C140,0x0026C568,1064
FUN_0026c568,0x0026C568,0x0026C5D8,112
FUN_0026c628,0x0026C628,0x0026C63C,20
FUN_0026c640,0x0026C640,0x0026C800,448
FUN_0026c848,0x0026C848,0x0026C888,64
FUN_0026c888,0x0026C888,0x0026CA64,476
FUN_0026ca68,0x0026CA68,0x0026CA94,44
FUN_0026ca98,0x0026CA98,0x0026CAD8,64
FUN_0026cb00,0x0026CB00,0x0026CB1C,28
FUN_0026cb20,0x0026CB20,0x0026CB40,32
FUN_0026cb40,0x0026CB40,0x0026CB5C,28
FUN_0026cb60,0x0026CB60,0x0026CB7C,28
FUN_0026cba8,0x0026CBA8,0x0026CBFC,84
FUN_0026cc00,0x0026CC00,0x0026CC64,100
FUN_0026cc68,0x0026CC68,0x0026CCAC,68
FUN_0026ccb0,0x0026CCB0,0x0026CD4C,156
FUN_0026cd50,0x0026CD50,0x0026CDF8,168
FUN_0026cdf8,0x0026CDF8,0x0026CEBC,196
FUN_0026cec0,0x0026CEC0,0x0026CEFC,60
FUN_0026cf00,0x0026CF00,0x0026CF0C,12
FUN_0026cf10,0x0026CF10,0x0026CF70,96
FUN_0026cf70,0x0026CF70,0x0026CFA8,56
FUN_0026cfa8,0x0026CFA8,0x0026D030,136
FUN_0026d030,0x0026D030,0x0026D094,100
FUN_0026d098,0x0026D098,0x0026D0E4,76
FUN_0026d0e8,0x0026D0E8,0x0026D15C,116
FUN_0026d160,0x0026D160,0x0026D274,276
FUN_0026d278,0x0026D278,0x0026D298,32
FUN_0026d298,0x0026D298,0x0026D2E4,76
FUN_0026d2e8,0x0026D2E8,0x0026D304,28
FUN_0026d308,0x0026D308,0x0026D324,28
FUN_0026d328,0x0026D328,0x0026D3E0,184
FUN_0026d3e0,0x0026D3E0,0x0026D4BC,220
FUN_0026d4c0,0x0026D4C0,0x0026D590,208
FUN_0026d590,0x0026D590,0x0026D5C0,48
FUN_0026d5c0,0x0026D5C0,0x0026D60C,76
FUN_0026d670,0x0026D670,0x0026D6F0,128
FUN_0026d7c0,0x0026D7C0,0x0026D88C,204
FUN_0026d890,0x0026D890,0x0026D938,168
FUN_0026d998,0x0026D998,0x0026DA30,152
FUN_0026da30,0x0026DA30,0x0026DAE4,180
FUN_0026dae8,0x0026DAE8,0x0026DB44,92
FUN_0026dba0,0x0026DBA0,0x0026DCE0,320
FUN_0026dce0,0x0026DCE0,0x0026DD7C,156
FUN_0026dd90,0x0026DD90,0x0026DDD0,64
FUN_0026ddd0,0x0026DDD0,0x0026DE0C,60
FUN_0026de10,0x0026DE10,0x0026DE50,64
FUN_0026de50,0x0026DE50,0x0026DE88,56
FUN_0026de88,0x0026DE88,0x0026DEC0,56
FUN_0026dec0,0x0026DEC0,0x0026DEF8,56
FUN_0026def8,0x0026DEF8,0x0026DF1C,36
FUN_0026df20,0x0026DF20,0x0026DF44,36
FUN_0026df48,0x0026DF48,0x0026DF80,56
FUN_0026df80,0x0026DF80,0x0026DFA8,40
FUN_0026dfa8,0x0026DFA8,0x0026DFB4,12
FUN_0026dfb8,0x0026DFB8,0x0026E068,176
FUN_0026e190,0x0026E190,0x0026E1B8,40
FUN_0026e1b8,0x0026E1B8,0x0026E1EC,52
FUN_0026e1f0,0x0026E1F0,0x0026E278,136
FUN_0026e278,0x0026E278,0x0026E2E8,112
FUN_0026e2f0,0x0026E2F0,0x0026E640,828
FUN_0026e640,0x0026E640,0x0026E82C,492
FUN_0026e830,0x0026E830,0x0026EA5C,556
FUN_0026ea60,0x0026EA60,0x0026ECEC,652
FUN_0026ecf0,0x0026ECF0,0x0026ED6C,84
FUN_0026ed70,0x0026ED70,0x0026ED94,36
FUN_0026edf0,0x0026EDF0,0x0026EE14,36
FUN_0026ee18,0x0026EE18,0x0026EE3C,36
FUN_0026ee40,0x0026EE40,0x0026EF78,312
FUN_0026ef78,0x0026EF78,0x0026EF9C,36
FUN_0026efc0,0x0026EFC0,0x0026EFE8,40
FUN_0026efe8,0x0026EFE8,0x0026F068,128
FUN_0026f068,0x0026F068,0x0026F078,16
FUN_0026f078,0x0026F078,0x0026F098,32
FUN_0026f098,0x0026F098,0x0026F194,252
FUN_0026f198,0x0026F198,0x0026F1A0,8
FUN_0026f1a0,0x0026F1A0,0x0026F23C,156
FUN_0026f240,0x0026F240,0x0026F268,40
FUN_0026f268,0x0026F268,0x0026F288,32
FUN_0026f288,0x0026F288,0x0026F2C8,64
FUN_0026f2c8,0x0026F2C8,0x0026F338,112
FUN_0026f338,0x0026F338,0x0026F340,8
FUN_0026f340,0x0026F340,0x0026F368,40
FUN_0026f368,0x0026F368,0x0026F3BC,84
FUN_0026f3c0,0x0026F3C0,0x0026F3EC,44
FUN_0026f3f0,0x0026F3F0,0x0026F41C,44
FUN_0026f420,0x0026F420,0x0026F448,40
FUN_0026f448,0x0026F448,0x0026F518,208
FUN_0026f518,0x0026F518,0x0026F56C,84
FUN_0026f570,0x0026F570,0x0026F5CC,92
FUN_0026f5d0,0x0026F5D0,0x0026F5F4,36
FUN_0026f5f8,0x0026F5F8,0x0026F63C,68
FUN_0026f640,0x0026F640,0x0026F6DC,156
FUN_0026f6e0,0x0026F6E0,0x0026F77C,156
FUN_0026f780,0x0026F780,0x0026F790,16
FUN_0026f790,0x0026F790,0x0026F7C0,48
FUN_0026f7c0,0x0026F7C0,0x0026F8B4,244
FUN_0026f8b8,0x0026F8B8,0x0026F914,92
FUN_0026f918,0x0026F918,0x0026FBF0,728
FUN_0026fbf0,0x0026FBF0,0x0026FD80,400
FUN_0026fd80,0x0026FD80,0x002701B4,1076
FUN_002701e8,0x002701E8,0x002702D8,240
FUN_002702d8,0x002702D8,0x002702F8,32
FUN_002702f8,0x002702F8,0x00270418,288
FUN_00270418,0x00270418,0x0027045C,68
FUN_00270460,0x00270460,0x002704F8,152
FUN_002704f8,0x002704F8,0x00270518,32
FUN_00270518,0x00270518,0x00270538,32
FUN_00270538,0x00270538,0x00270634,252
FUN_00270638,0x00270638,0x00270694,92
FUN_00270698,0x00270698,0x002706EC,84
FUN_002706f0,0x002706F0,0x00270710,32
FUN_00270710,0x00270710,0x00270730,32
FUN_00270730,0x00270730,0x00270998,616
FUN_00270998,0x00270998,0x002709EC,84
FUN_002709f0,0x002709F0,0x00270A98,168
FUN_00270a98,0x00270A98,0x00270AD0,56
FUN_00270ad0,0x00270AD0,0x00270B74,164
FUN_00270b78,0x00270B78,0x00270C2C,180
FUN_00270c30,0x00270C30,0x00270CD4,164
FUN_00270cd8,0x00270CD8,0x00270D8C,180
FUN_00270d90,0x00270D90,0x00270DBC,44
FUN_00270dc0,0x00270DC0,0x00270DEC,44
FUN_00270df0,0x00270DF0,0x00270E18,40
FUN_00270e18,0x00270E18,0x00270E58,64
FUN_00270e58,0x00270E58,0x00270E80,40
FUN_00270e80,0x00270E80,0x00270EA8,40
FUN_00270ea8,0x00270EA8,0x00270ED0,40
FUN_00270ed0,0x00270ED0,0x00270EDC,12
FUN_00270ee0,0x00270EE0,0x00270EEC,12
FUN_00270ef0,0x00270EF0,0x00270FC4,212
FUN_00270fc8,0x00270FC8,0x00271080,184
FUN_00271080,0x00271080,0x00271138,184
FUN_00271138,0x00271138,0x00271174,60
FUN_00271178,0x00271178,0x002711A0,40
FUN_002711a0,0x002711A0,0x002711C8,40
FUN_002711c8,0x002711C8,0x002711F0,40
FUN_002711f0,0x002711F0,0x00271240,80
FUN_00271240,0x00271240,0x002712AC,108
FUN_002712b0,0x002712B0,0x0027134C,156
FUN_00271350,0x00271350,0x00271478,296
FUN_00271478,0x00271478,0x00271578,252
FUN_00271578,0x00271578,0x002715B0,56
FUN_002715b0,0x002715B0,0x002715F8,72
FUN_002715f8,0x002715F8,0x00271628,48
FUN_00271628,0x00271628,0x002716B8,144
FUN_002716b8,0x002716B8,0x002716C4,12
FUN_002716c8,0x002716C8,0x00271720,88
FUN_00271720,0x00271720,0x00271744,36
FUN_00271748,0x00271748,0x002717F0,168
FUN_002717f0,0x002717F0,0x00271928,312
FUN_00271928,0x00271928,0x00271974,76
FUN_00271978,0x00271978,0x00271988,16
FUN_00271988,0x00271988,0x00271B04,380
FUN_00271b08,0x00271B08,0x00271C90,392
FUN_00271c90,0x00271C90,0x00271EEC,604
FUN_00271ef0,0x00271EF0,0x00271F30,64
FUN_00271f30,0x00271F30,0x00271F78,72
FUN_00271f78,0x00271F78,0x00271FF8,128
FUN_00271ff8,0x00271FF8,0x00272098,160
FUN_00272098,0x00272098,0x002720AC,20
FUN_002720b0,0x002720B0,0x002720C4,20
FUN_002720c8,0x002720C8,0x002720D0,8
FUN_002720d0,0x002720D0,0x002720DC,12
FUN_002720e0,0x002720E0,0x002721F8,280
FUN_002721f8,0x002721F8,0x00272488,656
FUN_00272488,0x00272488,0x002727AC,804
FUN_002727b0,0x002727B0,0x00272A5C,684
FUN_00272a60,0x00272A60,0x00272AA0,64
FUN_00272aa0,0x00272AA0,0x00272AE4,68
FUN_00272ae8,0x00272AE8,0x00272B08,32
FUN_00272b08,0x00272B08,0x00272B24,28
FUN_00272b28,0x00272B28,0x00272B48,32
FUN_00272b48,0x00272B48,0x00272B50,8
FUN_00272b50,0x00272B50,0x00272B9C,76
FUN_00272ba0,0x00272BA0,0x00272BA8,8
FUN_00272ba8,0x00272BA8,0x00272D10,360
FUN_00272d10,0x00272D10,0x00272D18,8
FUN_00272d20,0x00272D20,0x00272D4C,44
FUN_00272d50,0x00272D50,0x00272F44,500
FUN_00272f48,0x00272F48,0x002735D4,1676
FUN_002735e0,0x002735E0,0x00273630,80
FUN_00273630,0x00273630,0x00273C34,1540
FUN_00273c38,0x00273C38,0x00273C6C,52
FUN_00273c70,0x00273C70,0x00273C98,40
FUN_00273c98,0x00273C98,0x00273CC0,40
FUN_00273cc0,0x00273CC0,0x00273CFC,60
FUN_00273d50,0x00273D50,0x00273D78,40
FUN_00273d78,0x00273D78,0x00274050,728
FUN_00274050,0x00274050,0x002743D8,904
FUN_002743d8,0x002743D8,0x00274684,684
FUN_00274688,0x00274688,0x00274808,384
FUN_00274808,0x00274808,0x00274C48,1088
FUN_00274c48,0x00274C48,0x00274D64,284
FUN_00274d68,0x00274D68,0x00274EB8,336
FUN_00274eb8,0x00274EB8,0x00274FB4,252
FUN_00274fb8,0x00274FB8,0x002751A4,492
FUN_002751a8,0x002751A8,0x0027520C,100
FUN_00275210,0x00275210,0x00275234,36
FUN_00275238,0x00275238,0x00275260,40
FUN_00275260,0x00275260,0x002752AC,76
FUN_002752b0,0x002752B0,0x002752FC,76
FUN_00275300,0x00275300,0x00275310,16
FUN_00275310,0x00275310,0x00275328,24
FUN_00275328,0x00275328,0x00275334,12
FUN_00275338,0x00275338,0x00275344,12
FUN_00275348,0x00275348,0x00275360,24
FUN_00275360,0x00275360,0x0027536C,12
FUN_00275370,0x00275370,0x0027537C,12
FUN_00275380,0x00275380,0x00275390,16
FUN_00275390,0x00275390,0x002753A0,16
FUN_002753a0,0x002753A0,0x002753B0,16
FUN_002753b0,0x002753B0,0x002753BC,12
FUN_002753c0,0x002753C0,0x0027549C,220
FUN_002754a8,0x002754A8,0x002754B4,12
FUN_002754b8,0x002754B8,0x0027550C,84
FUN_00275510,0x00275510,0x00275520,16
FUN_00275520,0x00275520,0x0027552C,12
FUN_00275530,0x00275530,0x0027553C,12
FUN_00275540,0x00275540,0x00275594,84
FUN_00275598,0x00275598,0x002755A4,12
FUN_002755a8,0x002755A8,0x002755B4,12
FUN_002755b8,0x002755B8,0x00275614,92
FUN_00275618,0x00275618,0x00275698,128
FUN_00275698,0x00275698,0x00275D98,1792
FUN_00275d98,0x00275D98,0x0027637C,1508
FUN_00276380,0x00276380,0x0027655C,476
FUN_00276560,0x00276560,0x002767A4,580
FUN_002767a8,0x002767A8,0x00276A3C,660
FUN_00276a40,0x00276A40,0x00276C9C,604
FUN_00276ca0,0x00276CA0,0x00276EFC,604
FUN_00276f00,0x00276F00,0x002770F4,500
FUN_002770f8,0x002770F8,0x00277480,904
FUN_00277480,0x00277480,0x00277868,1000
FUN_00277868,0x00277868,0x00277C18,944
FUN_00278050,0x00278050,0x0027851C,1228
FUN_00278520,0x00278520,0x002788D4,948
FUN_002788d8,0x002788D8,0x00278BD8,768
FUN_00278bd8,0x00278BD8,0x00278EC8,752
FUN_00278ec8,0x00278EC8,0x00278FD0,264
FUN_00278fd0,0x00278FD0,0x002790D8,264
FUN_002790d8,0x002790D8,0x00279250,376
FUN_00279250,0x00279250,0x002793E0,400
FUN_002793e0,0x002793E0,0x002797F4,1044
FUN_002797f8,0x002797F8,0x00279968,368
FUN_00279968,0x00279968,0x00279AB0,328
FUN_00279ab0,0x00279AB0,0x00279BA8,248
FUN_00279ba8,0x00279BA8,0x00279F08,864
FUN_00279f08,0x00279F08,0x0027A06C,356
FUN_0027a070,0x0027A070,0x0027A1C8,344
FUN_0027a1c8,0x0027A1C8,0x0027A7B8,1520
FUN_0027a7b8,0x0027A7B8,0x0027ABA8,1008
FUN_0027aba8,0x0027ABA8,0x0027AF84,988
FUN_0027af88,0x0027AF88,0x0027B370,1000
FUN_0027b370,0x0027B370,0x0027B718,936
FUN_0027b718,0x0027B718,0x0027BCE4,1484
FUN_0027bce8,0x0027BCE8,0x0027C288,1440
FUN_0027c288,0x0027C288,0x0027C840,1464
FUN_0027c850,0x0027C850,0x0027C85C,12
FUN_0027c860,0x0027C860,0x0027C888,40
FUN_0027c888,0x0027C888,0x0027C898,16
FUN_0027c898,0x0027C898,0x0027C8A0,8
FUN_0027c8a0,0x0027C8A0,0x0027C8C8,40
FUN_0027c8c8,0x0027C8C8,0x0027C9B4,236
FUN_0027c9b8,0x0027C9B8,0x0027CA9C,228
FUN_0027caa0,0x0027CAA0,0x0027CB84,228
FUN_0027cb88,0x0027CB88,0x0027CC6C,228
FUN_0027cc70,0x0027CC70,0x0027CD54,228
FUN_0027cd58,0x0027CD58,0x0027CE50,248
FUN_0027ce50,0x0027CE50,0x0027CF34,228
FUN_0027cf38,0x0027CF38,0x0027D024,236
FUN_0027d028,0x0027D028,0x0027D10C,228
FUN_0027d110,0x0027D110,0x0027D1F4,228
FUN_0027d1f8,0x0027D1F8,0x0027D2DC,228
FUN_0027d2e0,0x0027D2E0,0x0027D3C4,228
FUN_0027d3c8,0x0027D3C8,0x0027D3EC,36
FUN_0027d3f0,0x0027D3F0,0x0027D414,36
FUN_0027d418,0x0027D418,0x0027D540,296
FUN_0027d588,0x0027D588,0x0027D620,124
FUN_0027d658,0x0027D658,0x0027D66C,20
FUN_0027d688,0x0027D688,0x0027D6A0,24
FUN_0027d6a0,0x0027D6A0,0x0027D6B4,20
FUN_0027d6b8,0x0027D6B8,0x0027D6E0,40
FUN_0027d6f8,0x0027D6F8,0x0027DB58,1088
FUN_0027db58,0x0027DB58,0x0027DD1C,452
FUN_0027dd20,0x0027DD20,0x0027DFD0,688
FUN_0027dfd0,0x0027DFD0,0x0027E000,48
FUN_0027e000,0x0027E000,0x0027E084,132
FUN_0027e088,0x0027E088,0x0027E094,12
FUN_0027e098,0x0027E098,0x0027E0CC,52
FUN_0027e0d0,0x0027E0D0,0x0027E1A0,208
FUN_0027e1a0,0x0027E1A0,0x0027E344,420
FUN_0027e348,0x0027E348,0x0027E430,232
FUN_0027e430,0x0027E430,0x0027E534,244
FUN_0027e538,0x0027E538,0x0027E564,44
FUN_0027e598,0x0027E598,0x0027E5C4,44
FUN_0027e5c8,0x0027E5C8,0x0027E5F4,44
FUN_0027e5f8,0x0027E5F8,0x0027E710,280
FUN_0027e710,0x0027E710,0x0027E840,304
FUN_0027e840,0x0027E840,0x0027EA98,600
FUN_0027eaf0,0x0027EAF0,0x0027EB70,128
FUN_0027eb70,0x0027EB70,0x0027EBF0,128
FUN_0027ebf0,0x0027EBF0,0x0027EC70,128
FUN_0027ec70,0x0027EC70,0x0027ECB0,64
FUN_0027ecb0,0x0027ECB0,0x0027ECDC,44
FUN_0027ece0,0x0027ECE0,0x0027ED0C,44
FUN_0027ed10,0x0027ED10,0x0027ED9C,140
FUN_0027eda0,0x0027EDA0,0x0027EE9C,252
FUN_0027eea0,0x0027EEA0,0x0027EF9C,252
FUN_0027efa0,0x0027EFA0,0x0027F03C,156
FUN_0027f040,0x0027F040,0x0027F13C,252
FUN_0027f140,0x0027F140,0x0027F23C,252
FUN_0027f240,0x0027F240,0x0027F2FC,188
FUN_0027f300,0x0027F300,0x0027F438,312
FUN_0027f438,0x0027F438,0x0027F50C,212
FUN_0027f510,0x0027F510,0x0027F658,296
FUN_0027f658,0x0027F658,0x0027F8F0,664
FUN_0027f8f0,0x0027F8F0,0x0027FB24,564
FUN_0027fb28,0x0027FB28,0x0027FD5C,564
FUN_0027fd60,0x0027FD60,0x0027FF58,504
FUN_0027ff58,0x0027FF58,0x0027FF88,48
FUN_0027ff88,0x0027FF88,0x0027FFD0,72
FUN_0027ffd0,0x0027FFD0,0x00280020,80
FUN_00280020,0x00280020,0x00280080,96
FUN_00280080,0x00280080,0x00280118,136
FUN_00280118,0x00280118,0x00280184,108
FUN_00280188,0x00280188,0x00280244,172
FUN_00280248,0x00280248,0x002802C8,128
FUN_002802c8,0x002802C8,0x0028031C,84
FUN_00280320,0x00280320,0x00280344,36
FUN_00280388,0x00280388,0x002803B0,40
FUN_002803b0,0x002803B0,0x002803D8,40
FUN_002803d8,0x002803D8,0x00280400,40
FUN_00280400,0x00280400,0x00280428,40
FUN_00280478,0x00280478,0x00280494,28
FUN_00280498,0x00280498,0x00280510,120
FUN_00280510,0x00280510,0x00280578,104
FUN_00280578,0x00280578,0x002805A8,48
FUN_002805a8,0x002805A8,0x00280664,188
FUN_00280668,0x00280668,0x00280698,48
FUN_00280698,0x00280698,0x002806B8,32
FUN_002806b8,0x002806B8,0x00280708,80
FUN_00280708,0x00280708,0x00280810,264
FUN_00280810,0x00280810,0x00280874,100
FUN_00280878,0x00280878,0x002808CC,84
FUN_002808d0,0x002808D0,0x00280924,84
FUN_00280928,0x00280928,0x00280984,92
FUN_00280988,0x00280988,0x002809F8,112
FUN_002809f8,0x002809F8,0x00280B44,332
FUN_00280b48,0x00280B48,0x00280B88,64
FUN_00280b88,0x00280B88,0x00280B90,8
FUN_00280b90,0x00280B90,0x00280BA8,24
FUN_00280ba8,0x00280BA8,0x00280C00,88
FUN_00280c00,0x00280C00,0x00280D84,388
FUN_00280d88,0x00280D88,0x00281034,684
FUN_00281038,0x00281038,0x0028120C,468
FUN_002812b0,0x002812B0,0x00281494,484
FUN_00281498,0x00281498,0x002816F8,608
FUN_002816f8,0x002816F8,0x002818EC,500
FUN_002818f0,0x002818F0,0x002819AC,188
FUN_002819b0,0x002819B0,0x00281B04,340
FUN_00281b08,0x00281B08,0x00281C78,368
FUN_00281c78,0x00281C78,0x00281D54,220
FUN_00281d58,0x00281D58,0x00281FBC,612
FUN_00281fc0,0x00281FC0,0x00282268,680
FUN_00282268,0x00282268,0x00282D44,2780
FUN_00282d48,0x00282D48,0x00282E24,220
FUN_00282e28,0x00282E28,0x00282F70,328
FUN_00282f70,0x00282F70,0x002830F8,392
FUN_002830f8,0x002830F8,0x0028314C,84
FUN_00283150,0x00283150,0x00283184,52
FUN_00283208,0x00283208,0x002832A4,156
FUN_002832a8,0x002832A8,0x002833CC,292
FUN_002833d0,0x002833D0,0x0028356C,412
FUN_00283570,0x00283570,0x00283674,260
FUN_00283678,0x00283678,0x002836E8,112
FUN_002836e8,0x002836E8,0x00283768,128
FUN_00283768,0x00283768,0x002838A4,316
FUN_002838a8,0x002838A8,0x00283970,200
FUN_00283970,0x00283970,0x002839D4,100
FUN_002839d8,0x002839D8,0x00283A5C,132
FUN_00283a60,0x00283A60,0x00283A90,48
FUN_00283a90,0x00283A90,0x00283B08,120
FUN_00283b38,0x00283B38,0x00283B50,24
FUN_00283b50,0x00283B50,0x00283B68,24
FUN_00283b68,0x00283B68,0x00283B80,24
FUN_00283b80,0x00283B80,0x00283B98,24
FUN_00283b98,0x00283B98,0x00283BC4,44
FUN_00283bc8,0x00283BC8,0x00283BD4,12
FUN_00283bd8,0x00283BD8,0x00283BE4,12
FUN_00283be8,0x00283BE8,0x00283BF4,12
FUN_00283c08,0x00283C08,0x00283C14,12
FUN_00283c18,0x00283C18,0x00283C24,12
FUN_00283c28,0x00283C28,0x00283C44,28
FUN_00283c48,0x00283C48,0x00283C64,28
FUN_00283c68,0x00283C68,0x00283C84,28
FUN_00283c88,0x00283C88,0x00283CA4,28
FUN_00283ca8,0x00283CA8,0x00283CC4,28
FUN_00283ce8,0x00283CE8,0x00283D28,64
FUN_00283d60,0x00283D60,0x00283E94,308
FUN_00283e98,0x00283E98,0x00283FE4,332
FUN_00283fe8,0x00283FE8,0x002841B0,456
FUN_002841b0,0x002841B0,0x002842E0,304
FUN_002842e0,0x002842E0,0x0028436C,140
FUN_00284370,0x00284370,0x002843EC,124
FUN_002843f0,0x002843F0,0x00284410,32
FUN_00284410,0x00284410,0x002844F0,224
FUN_002844f0,0x002844F0,0x00284600,272
FUN_00284600,0x00284600,0x00284638,56
FUN_00284638,0x00284638,0x00284748,272
FUN_00284748,0x00284748,0x0028476C,36
FUN_00284770,0x00284770,0x002847C4,84
FUN_002847c8,0x002847C8,0x00284800,56
FUN_00284800,0x00284800,0x00284888,136
FUN_00284888,0x00284888,0x002848F8,112
FUN_002848f8,0x002848F8,0x00284960,104
FUN_00284960,0x00284960,0x00284A30,208
FUN_00284a30,0x00284A30,0x00284B00,208
FUN_00284b00,0x00284B00,0x00284B64,100
FUN_00284b68,0x00284B68,0x00284BD4,108
FUN_00284bd8,0x00284BD8,0x00284C68,144
FUN_00284c80,0x00284C80,0x00284C94,20
FUN_00284c98,0x00284C98,0x00284E60,456
FUN_00284e60,0x00284E60,0x00284FE0,384
FUN_00284fe0,0x00284FE0,0x00285258,632
FUN_00285258,0x00285258,0x002853E0,392
FUN_002853e0,0x002853E0,0x0028562C,588
FUN_00285630,0x00285630,0x00285C68,1592
FUN_00285c68,0x00285C68,0x00285EE8,640
FUN_00285ee8,0x00285EE8,0x00285F54,108
FUN_00285f58,0x00285F58,0x00285FB4,92
FUN_00286228,0x00286228,0x00286260,56
FUN_00286398,0x00286398,0x002863EC,84
FUN_002863f0,0x002863F0,0x0028643C,76
FUN_00286440,0x00286440,0x00286450,16
FUN_00286450,0x00286450,0x0028647C,44
FUN_00286480,0x00286480,0x00286514,148
FUN_00286548,0x00286548,0x002865E8,160
FUN_002865e8,0x002865E8,0x00286618,48
FUN_00286618,0x00286618,0x00286658,64
FUN_00286658,0x00286658,0x00286664,12
FUN_00286668,0x00286668,0x002866C0,88
FUN_002866c0,0x002866C0,0x00286728,104
FUN_00286728,0x00286728,0x00286780,88
FUN_00286780,0x00286780,0x002867B4,52
FUN_002867b8,0x002867B8,0x00286898,224
FUN_00286898,0x00286898,0x002868E8,80
FUN_002868e8,0x002868E8,0x00286910,40
FUN_00286910,0x00286910,0x00286938,40
FUN_00286938,0x00286938,0x002869A4,108
FUN_002869a8,0x002869A8,0x00286A00,88
FUN_00286a00,0x00286A00,0x00286A58,88
FUN_00286a58,0x00286A58,0x00286B04,172
FUN_00286b08,0x00286B08,0x00286BA4,156
FUN_00286ba8,0x00286BA8,0x00286C40,152
FUN_00286c40,0x00286C40,0x00286CC8,136
FUN_00286cc8,0x00286CC8,0x00286DB8,240
FUN_00286db8,0x00286DB8,0x00287084,716
FUN_00287088,0x00287088,0x002870C0,56
FUN_002870c0,0x002870C0,0x002870F0,48
FUN_00287120,0x00287120,0x002871D4,180
FUN_002871d8,0x002871D8,0x00287200,40
FUN_00287200,0x00287200,0x002873E0,480
FUN_002873e0,0x002873E0,0x00287618,568
FUN_00287618,0x00287618,0x002877E4,460
FUN_00287a28,0x00287A28,0x00287B6C,324
FUN_00287b70,0x00287B70,0x00287F48,984
FUN_00287f48,0x00287F48,0x002880B0,360
FUN_002880b0,0x002880B0,0x00288204,340
FUN_00288208,0x00288208,0x0028837C,372
FUN_00288380,0x00288380,0x002884F4,372
FUN_002884f8,0x002884F8,0x002893F8,3836
FUN_002893f8,0x002893F8,0x002894F8,256
FUN_00289598,0x00289598,0x0028967C,228
FUN_00289680,0x00289680,0x00289730,176
FUN_00289730,0x00289730,0x00289768,56
FUN_00289768,0x00289768,0x00289774,12
FUN_00289778,0x00289778,0x00289784,12
FUN_00289788,0x00289788,0x0028980C,132
FUN_00289810,0x00289810,0x00289894,132
FUN_00289898,0x00289898,0x002898D0,56
FUN_002898d0,0x002898D0,0x00289950,128
FUN_00289950,0x00289950,0x00289A18,200
FUN_00289bf8,0x00289BF8,0x00289CC8,208
FUN_00289cc8,0x00289CC8,0x00289D9C,212
FUN_00289da0,0x00289DA0,0x00289E78,216
FUN_00289e78,0x00289E78,0x00289F8C,276
FUN_00289f90,0x00289F90,0x00289FD4,68
FUN_00289fd8,0x00289FD8,0x00289FF8,32
FUN_00289ff8,0x00289FF8,0x0028A0A8,176
FUN_0028a0a8,0x0028A0A8,0x0028A128,128
FUN_0028a128,0x0028A128,0x0028A194,108
FUN_0028a198,0x0028A198,0x0028A1A0,8
FUN_0028a1a0,0x0028A1A0,0x0028A288,232
FUN_0028a288,0x0028A288,0x0028A2B4,44
FUN_0028a2b8,0x0028A2B8,0x0028A2E0,40
FUN_0028a2e0,0x0028A2E0,0x0028A308,40
FUN_0028a308,0x0028A308,0x0028A580,632
FUN_0028a580,0x0028A580,0x0028A96C,1004
FUN_0028a970,0x0028A970,0x0028AC68,760
FUN_0028ac68,0x0028AC68,0x0028B6C4,2648
FUN_0028b6c8,0x0028B6C8,0x0028B954,652
FUN_0028b958,0x0028B958,0x0028BAA4,332
FUN_0028baa8,0x0028BAA8,0x0028BCD8,560
FUN_0028bcd8,0x0028BCD8,0x0028BE34,348
FUN_0028be38,0x0028BE38,0x0028BFB8,384
FUN_0028bfb8,0x0028BFB8,0x0028C4E8,1328
FUN_0028c4e8,0x0028C4E8,0x0028C6D0,488
FUN_0028c6d0,0x0028C6D0,0x0028C85C,396
FUN_0028c860,0x0028C860,0x0028D130,2256
FUN_0028d130,0x0028D130,0x0028D788,1624
FUN_0028d788,0x0028D788,0x0028E5D4,3660
FUN_0028e5d8,0x0028E5D8,0x0028EB98,1472
FUN_0028eba8,0x0028EBA8,0x0028EC28,128
FUN_0028ec28,0x0028EC28,0x0028ECC8,160
FUN_0028ecc8,0x0028ECC8,0x0028ED84,188
FUN_0028ed88,0x0028ED88,0x0028EE38,176
FUN_0028ee38,0x0028EE38,0x0028EEA8,112
FUN_0028eea8,0x0028EEA8,0x0028EF18,112
FUN_0028ef18,0x0028EF18,0x0028EFC0,168
FUN_0028efc0,0x0028EFC0,0x0028F06C,172
FUN_0028f070,0x0028F070,0x0028F154,228
FUN_0028f158,0x0028F158,0x0028F1AC,84
FUN_0028f1b0,0x0028F1B0,0x0028F1DC,44
FUN_0028f1e0,0x0028F1E0,0x0028F20C,44
FUN_0028f210,0x0028F210,0x0028F234,36
FUN_0028f238,0x0028F238,0x0028F3AC,372
FUN_0028f3b0,0x0028F3B0,0x0028FA20,1648
FUN_0028fa20,0x0028FA20,0x00290040,1568
FUN_00290040,0x00290040,0x002902A8,616
FUN_002902a8,0x002902A8,0x002903F0,328
FUN_002903f0,0x002903F0,0x002905C0,464
FUN_002905c0,0x002905C0,0x00290A24,1124
FUN_00290a28,0x00290A28,0x00290B80,344
FUN_00290b80,0x00290B80,0x00291008,1156
FUN_00291008,0x00291008,0x00291684,1660
FUN_00291688,0x00291688,0x002918B0,552
FUN_002918b0,0x002918B0,0x002918E8,56
FUN_00291a10,0x00291A10,0x00291A2C,28
FUN_00291a30,0x00291A30,0x00291A44,20
FUN_00291a48,0x00291A48,0x00291A54,12
FUN_00291a58,0x00291A58,0x00291A64,12
FUN_00291a78,0x00291A78,0x00291A8C,20
FUN_00291aa0,0x00291AA0,0x00291ABC,28
FUN_00291ac0,0x00291AC0,0x00291AD4,20
FUN_00291ad8,0x00291AD8,0x00291AF4,28
FUN_00291af8,0x00291AF8,0x00291B0C,20
FUN_00291b10,0x00291B10,0x00291B2C,28
FUN_00291b30,0x00291B30,0x00291B44,20
FUN_00291b48,0x00291B48,0x00291C5C,276
FUN_00291c60,0x00291C60,0x00291D34,212
FUN_00291d38,0x00291D38,0x00291E5C,292
FUN_00291e60,0x00291E60,0x00292018,440
FUN_00292018,0x00292018,0x00292358,832
FUN_00292358,0x00292358,0x00292EA8,2896
FUN_00292ea8,0x00292EA8,0x002934C0,1560
FUN_002934c0,0x002934C0,0x00293600,320
FUN_00293600,0x00293600,0x002937D4,468
FUN_002937d8,0x002937D8,0x00293C1C,1092
FUN_00293c20,0x00293C20,0x002940B0,1168
FUN_002940b0,0x002940B0,0x00294244,404
FUN_00294248,0x00294248,0x002945B8,880
FUN_002945b8,0x002945B8,0x00295100,2888
FUN_00295100,0x00295100,0x00295338,568
FUN_00295338,0x00295338,0x00295498,352
FUN_00295498,0x00295498,0x00295618,384
FUN_00295618,0x00295618,0x00295C00,1512
FUN_00295c00,0x00295C00,0x00295DE4,484
FUN_00295de8,0x00295DE8,0x002960E8,768
FUN_002960e8,0x002960E8,0x0029635C,628
FUN_00296360,0x00296360,0x00296558,504
FUN_00296668,0x00296668,0x002966C4,92
FUN_00296710,0x00296710,0x00296794,132
FUN_00296798,0x00296798,0x002967F4,92
FUN_002967f8,0x002967F8,0x0029682C,52
FUN_00296830,0x00296830,0x00296868,56
FUN_00296868,0x00296868,0x00296880,24
FUN_00296880,0x00296880,0x002968CC,76
FUN_002968d0,0x002968D0,0x0029696C,156
FUN_00296970,0x00296970,0x00296A5C,236
FUN_00296a60,0x00296A60,0x00296B4C,236
FUN_00296b50,0x00296B50,0x00296C0C,188
FUN_00296c10,0x00296C10,0x00296D1C,268
FUN_00296d20,0x00296D20,0x00296DEC,204
FUN_00296df0,0x00296DF0,0x00296ED4,228
FUN_00296ed8,0x00296ED8,0x00296F84,172
FUN_00296f88,0x00296F88,0x00296FE0,88
FUN_00296fe0,0x00296FE0,0x00297024,68
FUN_00297028,0x00297028,0x00297144,284
FUN_00297148,0x00297148,0x0029719C,84
FUN_002971a0,0x002971A0,0x002971E8,72
FUN_002971e8,0x002971E8,0x00297228,64
FUN_00297228,0x00297228,0x002972DC,180
FUN_002972e0,0x002972E0,0x00297368,136
FUN_00297368,0x00297368,0x0029747C,276
FUN_00297480,0x00297480,0x00297614,404
FUN_00297618,0x00297618,0x00297674,92
FUN_00297678,0x00297678,0x002976AC,52
FUN_002976b0,0x002976B0,0x00297764,180
FUN_00297768,0x00297768,0x002977B0,72
FUN_002977c0,0x002977C0,0x00297888,200
FUN_00297888,0x00297888,0x002978D4,76
FUN_002978d8,0x002978D8,0x0029792C,84
FUN_00297930,0x00297930,0x00297954,36
FUN_00297958,0x00297958,0x00297AE4,396
FUN_00297ae8,0x00297AE8,0x00297B24,60
FUN_00297b28,0x00297B28,0x00297B50,40
FUN_00297b50,0x00297B50,0x00297D18,456
FUN_00297d18,0x00297D18,0x0029805C,836
FUN_00298060,0x00298060,0x00298088,40
FUN_002980a8,0x002980A8,0x002980D0,40
FUN_002980d0,0x002980D0,0x00298184,180
FUN_00298188,0x00298188,0x00298220,152
FUN_00298220,0x00298220,0x002982C8,168
FUN_002982c8,0x002982C8,0x00298324,92
FUN_00298328,0x00298328,0x00298388,96
FUN_00298388,0x00298388,0x002983F8,112
FUN_002983f8,0x002983F8,0x0029850C,276
FUN_00298510,0x00298510,0x00298568,88
FUN_00298598,0x00298598,0x00298628,144
FUN_00298628,0x00298628,0x002986A4,120
FUN_002986a8,0x002986A8,0x00298718,112
FUN_00298718,0x00298718,0x0029879C,132
FUN_002987a0,0x002987A0,0x0029880C,108
FUN_00298810,0x00298810,0x0029887C,108
FUN_00298880,0x00298880,0x00298900,128
FUN_00298900,0x00298900,0x00298960,96
FUN_00298960,0x00298960,0x002989DC,124
FUN_002989e0,0x002989E0,0x00298A50,112
FUN_00298a60,0x00298A60,0x00298A9C,60
FUN_00298aa0,0x00298AA0,0x00298AC8,40
FUN_00298bf0,0x00298BF0,0x00298C4C,92
FUN_00298ca0,0x00298CA0,0x00298CD0,48
FUN_00298cd0,0x00298CD0,0x00298D60,144
FUN_00298d60,0x00298D60,0x00298D8C,44
FUN_00298d90,0x00298D90,0x00298DA8,24
FUN_00298da8,0x00298DA8,0x00298DC0,24
FUN_00298dc0,0x00298DC0,0x00298DD8,24
FUN_00298dd8,0x00298DD8,0x00298DF0,24
FUN_00298df0,0x00298DF0,0x00298E44,84
FUN_00298e48,0x00298E48,0x00298E60,24
FUN_00298e80,0x00298E80,0x00299044,452
FUN_00299048,0x00299048,0x00299204,444
FUN_00299208,0x00299208,0x002992A0,152
FUN_002992a0,0x002992A0,0x002997C4,1316
FUN_002997c8,0x002997C8,0x002999DC,532
FUN_002999e0,0x002999E0,0x00299C28,584
FUN_00299c28,0x00299C28,0x00299DFC,468
FUN_00299e00,0x00299E00,0x00299FAC,428
FUN_00299fb0,0x00299FB0,0x0029A154,420
FUN_0029a238,0x0029A238,0x0029A258,32
FUN_0029a258,0x0029A258,0x0029A268,16
FUN_0029a268,0x0029A268,0x0029A278,16
FUN_0029a278,0x0029A278,0x0029A34C,212
FUN_0029a350,0x0029A350,0x0029A35C,12
FUN_0029a360,0x0029A360,0x0029A430,208
FUN_0029a430,0x0029A430,0x0029A510,224
FUN_0029a528,0x0029A528,0x0029A60C,228
FUN_0029a620,0x0029A620,0x0029A708,232
FUN_0029a708,0x0029A708,0x0029A75C,84
FUN_0029a760,0x0029A760,0x0029A870,268
FUN_0029a870,0x0029A870,0x0029A980,268
FUN_0029a980,0x0029A980,0x0029AA7C,248
FUN_0029aa80,0x0029AA80,0x0029AAB4,52
FUN_0029aab8,0x0029AAB8,0x0029AB20,104
FUN_0029ab30,0x0029AB30,0x0029AB50,32
FUN_0029ab50,0x0029AB50,0x0029AC4C,252
FUN_0029ac50,0x0029AC50,0x0029ACB8,104
FUN_0029acb8,0x0029ACB8,0x0029AD18,96
FUN_0029ad18,0x0029AD18,0x0029ADB0,152
FUN_0029adb0,0x0029ADB0,0x0029AE08,88
FUN_0029ae08,0x0029AE08,0x0029AE38,48
FUN_0029ae38,0x0029AE38,0x0029AE90,88
FUN_0029aea8,0x0029AEA8,0x0029AED0,40
FUN_0029aed0,0x0029AED0,0x0029AF04,52
FUN_0029af08,0x0029AF08,0x0029AF28,32
FUN_0029af60,0x0029AF60,0x0029AFC4,100
FUN_0029afc8,0x0029AFC8,0x0029AFF8,48
FUN_0029aff8,0x0029AFF8,0x0029B1D4,476
FUN_0029b1d8,0x0029B1D8,0x0029B42C,596
FUN_0029b430,0x0029B430,0x0029B7E8,952
FUN_0029b7e8,0x0029B7E8,0x0029B978,400
FUN_0029b978,0x0029B978,0x0029BA40,200
FUN_0029ba40,0x0029BA40,0x0029BD0C,716
FUN_0029bd10,0x0029BD10,0x0029BE38,296
FUN_0029be38,0x0029BE38,0x0029BFD8,416
FUN_0029bfd8,0x0029BFD8,0x0029C5E8,1552
FUN_0029c728,0x0029C728,0x0029C840,280
FUN_0029c840,0x0029C840,0x0029C8A8,104
FUN_0029c8a8,0x0029C8A8,0x0029C9E0,312
FUN_0029c9e0,0x0029C9E0,0x0029CA34,84
FUN_0029ca90,0x0029CA90,0x0029CB98,264
FUN_0029cbc0,0x0029CBC0,0x0029CC68,168
FUN_0029cc78,0x0029CC78,0x0029CCD4,92
FUN_0029ccd8,0x0029CCD8,0x0029CD84,172
FUN_0029cd88,0x0029CD88,0x0029CDAC,36
FUN_0029cdb0,0x0029CDB0,0x0029CE24,116
FUN_0029ce28,0x0029CE28,0x0029CEF4,204
FUN_0029cf90,0x0029CF90,0x0029D098,264
FUN_0029d098,0x0029D098,0x0029D148,176
FUN_0029d148,0x0029D148,0x0029D178,48
FUN_0029d178,0x0029D178,0x0029D1C8,80
FUN_0029d270,0x0029D270,0x0029D324,180
FUN_0029d328,0x0029D328,0x0029D410,232
FUN_0029d428,0x0029D428,0x0029D4B4,140
FUN_0029d4b8,0x0029D4B8,0x0029D560,168
FUN_0029d560,0x0029D560,0x0029D5CC,108
FUN_0029d5d0,0x0029D5D0,0x0029D648,120
FUN_0029d648,0x0029D648,0x0029D678,48
FUN_0029d678,0x0029D678,0x0029D6E0,104
FUN_0029d6e0,0x0029D6E0,0x0029D7A8,200
FUN_0029d7a8,0x0029D7A8,0x0029D800,88
FUN_0029d800,0x0029D800,0x0029D844,68
FUN_0029d848,0x0029D848,0x0029D888,64
FUN_0029d888,0x0029D888,0x0029D928,160
FUN_0029d928,0x0029D928,0x0029D978,80
FUN_0029d978,0x0029D978,0x0029DA14,156
FUN_0029da18,0x0029DA18,0x0029DA48,48
FUN_0029da48,0x0029DA48,0x0029DACC,132
FUN_0029dad0,0x0029DAD0,0x0029DB60,144
FUN_0029db60,0x0029DB60,0x0029DB94,52
FUN_0029db98,0x0029DB98,0x0029DBD0,56
FUN_0029dbd0,0x0029DBD0,0x0029DC00,48
FUN_0029dc00,0x0029DC00,0x0029DC34,52
FUN_0029dc38,0x0029DC38,0x0029DC74,60
FUN_0029dc78,0x0029DC78,0x0029DCA0,40
FUN_0029ddb0,0x0029DDB0,0x0029DE0C,92
FUN_0029deb0,0x0029DEB0,0x0029DF1C,108
FUN_0029df20,0x0029DF20,0x0029DFBC,156
FUN_0029dff0,0x0029DFF0,0x0029E09C,172
FUN_0029e0a0,0x0029E0A0,0x0029E0F4,84
FUN_0029e0f8,0x0029E0F8,0x0029E18C,148
FUN_0029e190,0x0029E190,0x0029E1DC,76
FUN_0029e1e0,0x0029E1E0,0x0029E2C0,224
FUN_0029e2c0,0x0029E2C0,0x0029E34C,140
FUN_0029e350,0x0029E350,0x0029E3E8,152
FUN_0029e3e8,0x0029E3E8,0x0029E47C,148
FUN_0029e480,0x0029E480,0x0029E4CC,76
FUN_0029e4d0,0x0029E4D0,0x0029E590,192
FUN_0029e590,0x0029E590,0x0029E6B4,292
FUN_0029e6b8,0x0029E6B8,0x0029E750,152
FUN_0029e7e0,0x0029E7E0,0x0029E83C,92
FUN_0029e840,0x0029E840,0x0029E868,40
FUN_0029e868,0x0029E868,0x0029E890,40
FUN_0029e890,0x0029E890,0x0029EFE4,1876
FUN_0029efe8,0x0029EFE8,0x0029F128,320
FUN_0029f128,0x0029F128,0x0029F390,616
FUN_0029f390,0x0029F390,0x0029F720,912
FUN_0029f720,0x0029F720,0x0029F818,248
FUN_0029f818,0x0029F818,0x0029F9A8,400
FUN_0029f9a8,0x0029F9A8,0x0029FC20,632
FUN_0029fc20,0x0029FC20,0x002A0150,1328
FUN_002a0150,0x002A0150,0x002A0250,256
FUN_002a0250,0x002A0250,0x002A0358,264
FUN_002a0358,0x002A0358,0x002A086C,1300
FUN_002a0870,0x002A0870,0x002A0D30,1216
FUN_002a0d30,0x002A0D30,0x002A0EC8,408
FUN_002a0ec8,0x002A0EC8,0x002A0FC0,248
FUN_002a0fc0,0x002A0FC0,0x002A1080,192
FUN_002a1080,0x002A1080,0x002A11DC,348
FUN_002a11e0,0x002A11E0,0x002A13A4,452
FUN_002a13a8,0x002A13A8,0x002A18D8,1328
FUN_002a18d8,0x002A18D8,0x002A1A44,364
FUN_002a1a48,0x002A1A48,0x002A1AB8,112
FUN_002a1ab8,0x002A1AB8,0x002A1BB0,248
FUN_002a1be0,0x002A1BE0,0x002A1C14,52
FUN_002a1c30,0x002A1C30,0x002A1CAC,124
FUN_002a1cb0,0x002A1CB0,0x002A1D34,128
FUN_002a1d38,0x002A1D38,0x002A1DEC,180
FUN_002a1e38,0x002A1E38,0x002A1E7C,68
FUN_002a1f70,0x002A1F70,0x002A1FC4,84
FUN_002a1fc8,0x002A1FC8,0x002A201C,84
FUN_002a2020,0x002A2020,0x002A2084,100
FUN_002a2088,0x002A2088,0x002A2128,160
FUN_002a2128,0x002A2128,0x002A2190,104
FUN_002a2300,0x002A2300,0x002A23C4,192
FUN_002a23f8,0x002A23F8,0x002A24A0,168
FUN_002a24a0,0x002A24A0,0x002A25C0,288
FUN_002a2660,0x002A2660,0x002A2688,40
FUN_002a2688,0x002A2688,0x002A26B0,40
FUN_002a26b0,0x002A26B0,0x002A29E4,820
FUN_002a29e8,0x002A29E8,0x002A2B60,376
FUN_002a2b60,0x002A2B60,0x002A2D50,496
FUN_002a2d50,0x002A2D50,0x002A2E70,288
FUN_002a2e70,0x002A2E70,0x002A30B4,580
FUN_002a30b8,0x002A30B8,0x002A32F0,568
FUN_002a32f0,0x002A32F0,0x002A3334,68
FUN_002a3338,0x002A3338,0x002A33F4,188
FUN_002a33f8,0x002A33F8,0x002A3474,124
FUN_002a3478,0x002A3478,0x002A34F4,124
FUN_002a34f8,0x002A34F8,0x002A3590,152
FUN_002a3590,0x002A3590,0x002A3698,264
FUN_002a3698,0x002A3698,0x002A375C,196
FUN_002a3760,0x002A3760,0x002A3840,224
FUN_002a3840,0x002A3840,0x002A38C8,136
FUN_002a38c8,0x002A38C8,0x002A38F0,40
FUN_002a38f0,0x002A38F0,0x002A3918,40
FUN_002a3920,0x002A3920,0x002A3AFC,476
FUN_002a3b08,0x002A3B08,0x002A3B14,12
FUN_002a3b18,0x002A3B18,0x002A3BC4,172
FUN_002a3bc8,0x002A3BC8,0x002A3C74,172
FUN_002a3c78,0x002A3C78,0x002A3D00,136
FUN_002a3d00,0x002A3D00,0x002A3EE8,488
FUN_002a3ee8,0x002A3EE8,0x002A4154,616
FUN_002a4158,0x002A4158,0x002A434C,500
FUN_002a4350,0x002A4350,0x002A4448,248
FUN_002a4448,0x002A4448,0x002A46CC,644
FUN_002a46d0,0x002A46D0,0x002A4930,608
FUN_002a4930,0x002A4930,0x002A4ABC,396
FUN_002a4ac0,0x002A4AC0,0x002A4C30,368
FUN_002a4c30,0x002A4C30,0x002A4C9C,108
FUN_002a4ca0,0x002A4CA0,0x002A4CC4,36
FUN_002a4d10,0x002A4D10,0x002A4E20,272
FUN_002a4e20,0x002A4E20,0x002A4E80,96
FUN_002a4e80,0x002A4E80,0x002A4EF4,116
FUN_002a4ef8,0x002A4EF8,0x002A4FC8,208
FUN_002a4fc8,0x002A4FC8,0x002A51B8,496
FUN_002a51b8,0x002A51B8,0x002A56E4,1320
FUN_002a56e8,0x002A56E8,0x002A58A8,448
FUN_002a5910,0x002A5910,0x002A5934,36
FUN_002a5938,0x002A5938,0x002A5B18,480
FUN_002a5b18,0x002A5B18,0x002A5FA8,1168
FUN_002a5fa8,0x002A5FA8,0x002A6188,480
FUN_002a6188,0x002A6188,0x002A6A3C,2228
FUN_002a6a40,0x002A6A40,0x002A6DCC,908
FUN_002a6dd0,0x002A6DD0,0x002A7390,1472
FUN_002a7390,0x002A7390,0x002A7700,880
FUN_002a7700,0x002A7700,0x002A7CE4,1508
FUN_002a7ce8,0x002A7CE8,0x002A82CC,1508
FUN_002a82d0,0x002A82D0,0x002A84C0,496
FUN_002a84c0,0x002A84C0,0x002A94A4,4068
FUN_002a94a8,0x002A94A8,0x002AA5F0,4424
FUN_002aa5f0,0x002AA5F0,0x002AB264,3188
FUN_002ab268,0x002AB268,0x002ABE84,3100
FUN_002abe88,0x002ABE88,0x002AC678,2032
FUN_002ac678,0x002AC678,0x002AC9E8,880
FUN_002ac9e8,0x002AC9E8,0x002AD798,3504
FUN_002ad798,0x002AD798,0x002ADABC,804
FUN_002adac0,0x002ADAC0,0x002ADC4C,396
FUN_002adc50,0x002ADC50,0x002ADEC0,624
FUN_002adec0,0x002ADEC0,0x002AE128,616
FUN_002ae128,0x002AE128,0x002AE290,360
FUN_002ae290,0x002AE290,0x002AE3FC,364
FUN_002ae400,0x002AE400,0x002AE46C,108
FUN_002ae470,0x002AE470,0x002AE55C,236
FUN_002ae560,0x002AE560,0x002AE584,36
FUN_002ae588,0x002AE588,0x002AE5A8,32
FUN_002ae620,0x002AE620,0x002AE64C,44
FUN_002ae650,0x002AE650,0x002AE778,296
FUN_002ae778,0x002AE778,0x002AE8E4,364
FUN_002ae8e8,0x002AE8E8,0x002AE9C0,216
FUN_002ae9c0,0x002AE9C0,0x002AEA44,132
FUN_002aea48,0x002AEA48,0x002AEA8C,68
FUN_002aea90,0x002AEA90,0x002AEB08,120
FUN_002aec28,0x002AEC28,0x002AEC7C,84
FUN_002aecb0,0x002AECB0,0x002AECE8,56
FUN_002aece8,0x002AECE8,0x002AED04,28
FUN_002aed08,0x002AED08,0x002AED2C,36
FUN_002aed48,0x002AED48,0x002AEE60,280
FUN_002aee60,0x002AEE60,0x002AEF84,292
FUN_002aef88,0x002AEF88,0x002AF0A4,284
FUN_002af150,0x002AF150,0x002AF1F4,164
FUN_002af250,0x002AF250,0x002AF320,208
FUN_002af320,0x002AF320,0x002AF3F4,212
FUN_002af468,0x002AF468,0x002AF54C,228
FUN_002af550,0x002AF550,0x002AF580,48
FUN_002af580,0x002AF580,0x002AF64C,204
FUN_002af6b8,0x002AF6B8,0x002AF720,104
FUN_002af720,0x002AF720,0x002AF78C,108
FUN_002af790,0x002AF790,0x002AF7A0,16
FUN_002af7a0,0x002AF7A0,0x002AF7C8,40
FUN_002af7c8,0x002AF7C8,0x002AF7D0,8
FUN_002af7d0,0x002AF7D0,0x002AF84C,124
FUN_002af850,0x002AF850,0x002AF888,56
FUN_002af888,0x002AF888,0x002AF8CC,68
FUN_002af8d0,0x002AF8D0,0x002AF908,56
FUN_002af908,0x002AF908,0x002AF980,120
FUN_002af980,0x002AF980,0x002AF9C0,64
FUN_002af9c0,0x002AF9C0,0x002AFA04,68
FUN_002afa08,0x002AFA08,0x002AFAE0,216
FUN_002afae8,0x002AFAE8,0x002AFB20,56
FUN_002afb40,0x002AFB40,0x002AFC30,240
FUN_002afc30,0x002AFC30,0x002AFC58,40
FUN_002afc58,0x002AFC58,0x002AFDA4,332
FUN_002afda8,0x002AFDA8,0x002AFDBC,20
FUN_002afdc0,0x002AFDC0,0x002B02D8,1304
FUN_002b02d8,0x002B02D8,0x002B0494,240
FUN_002b0498,0x002B0498,0x002B069C,516
FUN_002b06a0,0x002B06A0,0x002B0950,688
FUN_002b0950,0x002B0950,0x002B0A00,176
FUN_002b0a00,0x002B0A00,0x002B0A30,48
FUN_002b0a30,0x002B0A30,0x002B0A5C,44
FUN_002b0a60,0x002B0A60,0x002B0A88,40
FUN_002b0a88,0x002B0A88,0x002B0B3C,180
FUN_002b0b40,0x002B0B40,0x002B0B54,20
FUN_002b0b58,0x002B0B58,0x002B0C0C,180
FUN_002b0c20,0x002B0C20,0x002B0C30,16
FUN_002b0c30,0x002B0C30,0x002B0C3C,12
FUN_002b0c40,0x002B0C40,0x002B0C70,48
FUN_002b0c70,0x002B0C70,0x002B0C9C,44
FUN_002b0ca0,0x002B0CA0,0x002B0CD0,48
FUN_002b0cd0,0x002B0CD0,0x002B0D00,48
FUN_002b0d00,0x002B0D00,0x002B0D34,52
FUN_002b0d78,0x002B0D78,0x002B0DA4,44
FUN_002b0da8,0x002B0DA8,0x002B0E80,216
FUN_002b0e80,0x002B0E80,0x002B0F10,144
FUN_002b0f10,0x002B0F10,0x002B0F28,24
FUN_002b0f28,0x002B0F28,0x002B1044,284
FUN_002b10a8,0x002B10A8,0x002B1170,200
FUN_002b1170,0x002B1170,0x002B11B4,68
FUN_002b11b8,0x002B11B8,0x002B11F8,64
FUN_002b11f8,0x002B11F8,0x002B1258,96
FUN_002b1258,0x002B1258,0x002B12BC,100
FUN_002b1310,0x002B1310,0x002B1414,260
FUN_002b1418,0x002B1418,0x002B146C,84
FUN_002b1530,0x002B1530,0x002B1554,36
FUN_002b1558,0x002B1558,0x002B15E8,140
FUN_002b15e8,0x002B15E8,0x002B1670,136
FUN_002b1670,0x002B1670,0x002B1698,40
FUN_002b1698,0x002B1698,0x002B16C0,40
FUN_002b16c0,0x002B16C0,0x002B17EC,300
FUN_002b17f0,0x002B17F0,0x002B1848,88
FUN_002b1848,0x002B1848,0x002B1898,80
FUN_002b1898,0x002B1898,0x002B18D0,56
FUN_002b18d0,0x002B18D0,0x002B18F4,36
FUN_002b18f8,0x002B18F8,0x002B1920,40
FUN_002b1920,0x002B1920,0x002B1948,40
FUN_002b1948,0x002B1948,0x002B195C,20
FUN_002b1960,0x002B1960,0x002B1998,56
FUN_002b1998,0x002B1998,0x002B19BC,36
FUN_002b19c0,0x002B19C0,0x002B19F4,52
FUN_002b1a28,0x002B1A28,0x002B1A50,40
FUN_002b1a50,0x002B1A50,0x002B1C7C,556
FUN_002b1c80,0x002B1C80,0x002B2134,1204
FUN_002b2138,0x002B2138,0x002B229C,356
FUN_002b22a0,0x002B22A0,0x002B23AC,268
FUN_002b23b0,0x002B23B0,0x002B2444,148
FUN_002b2448,0x002B2448,0x002B2454,12
FUN_002b2458,0x002B2458,0x002B24C8,112
FUN_002b24c8,0x002B24C8,0x002B2614,332
FUN_002b2650,0x002B2650,0x002B2708,184
FUN_002b2708,0x002B2708,0x002B27E8,224
FUN_002b27e8,0x002B27E8,0x002B27F8,16
FUN_002b2808,0x002B2808,0x002B2818,16
FUN_002b2818,0x002B2818,0x002B2828,16
FUN_002b2828,0x002B2828,0x002B28A8,128
FUN_002b28a8,0x002B28A8,0x002B2958,176
FUN_002b2958,0x002B2958,0x002B296C,20
FUN_002b2980,0x002B2980,0x002B2990,16
FUN_002b2990,0x002B2990,0x002B29B8,40
FUN_002b29b8,0x002B29B8,0x002B29E4,44
FUN_002b2a30,0x002B2A30,0x002B2A3C,12
FUN_002b2a40,0x002B2A40,0x002B2B38,248
FUN_002b2b38,0x002B2B38,0x002B2B54,28
FUN_002b2b58,0x002B2B58,0x002B2B6C,20
FUN_002b2bf0,0x002B2BF0,0x002B2C40,80
FUN_002b2c40,0x002B2C40,0x002B2C80,64
FUN_002b2ca0,0x002B2CA0,0x002B2CC0,32
FUN_002b2cc0,0x002B2CC0,0x002B2CE0,32
FUN_002b2ce0,0x002B2CE0,0x002B2D00,32
FUN_002b2d00,0x002B2D00,0x002B2DB0,176
FUN_002b2db0,0x002B2DB0,0x002B2DD0,32
FUN_002b2df0,0x002B2DF0,0x002B2E10,32
FUN_002b2e10,0x002B2E10,0x002B2E30,32
FUN_002b2e30,0x002B2E30,0x002B2EB0,124
FUN_002b2eb0,0x002B2EB0,0x002B2ED0,32
FUN_002b2ed0,0x002B2ED0,0x002B2F34,100
FUN_002b2f38,0x002B2F38,0x002B2F48,16
FUN_002b2f48,0x002B2F48,0x002B2F88,64
FUN_002b2f88,0x002B2F88,0x002B2F98,16
FUN_002b2f98,0x002B2F98,0x002B2FF4,92
FUN_002b2ff8,0x002B2FF8,0x002B3084,140
FUN_002b3088,0x002B3088,0x002B30EC,96
FUN_002b30f0,0x002B30F0,0x002B3100,16
FUN_002b3118,0x002B3118,0x002B3140,40
FUN_002b3140,0x002B3140,0x002B326C,300
FUN_002b3270,0x002B3270,0x002B3294,36
FUN_002b3298,0x002B3298,0x002B32E8,80
FUN_002b32e8,0x002B32E8,0x002B335C,116
FUN_002b3360,0x002B3360,0x002B3408,168
FUN_002b3408,0x002B3408,0x002B3454,76
FUN_002b3458,0x002B3458,0x002B34F0,152
FUN_002b34f0,0x002B34F0,0x002B350C,28
FUN_002b3510,0x002B3510,0x002B3584,116
FUN_002b3588,0x002B3588,0x002B35DC,84
FUN_002b35e0,0x002B35E0,0x002B3668,136
FUN_002b3668,0x002B3668,0x002B36A0,56
FUN_002b36a0,0x002B36A0,0x002B3740,160
FUN_002b3740,0x002B3740,0x002B37F4,180
FUN_002b3810,0x002B3810,0x002B38DC,204
FUN_002b38e0,0x002B38E0,0x002B394C,108
FUN_002b3950,0x002B3950,0x002B397C,44
FUN_002b3980,0x002B3980,0x002B39C4,68
FUN_002b39c8,0x002B39C8,0x002B3A04,60
FUN_002b3a20,0x002B3A20,0x002B3A40,32
FUN_002b3a60,0x002B3A60,0x002B3D1C,700
FUN_002b3d20,0x002B3D20,0x002B3E20,256
FUN_002b3e20,0x002B3E20,0x002B44A8,1668
FUN_002b44a8,0x002B44A8,0x002B50AC,3076
FUN_002b50b0,0x002B50B0,0x002B5C44,2964
FUN_002b5c98,0x002B5C98,0x002B5DD8,320
FUN_002b5eb8,0x002B5EB8,0x002B5F14,92
FUN_002b5f18,0x002B5F18,0x002B66D4,1980
FUN_002b66d8,0x002B66D8,0x002B689C,452
FUN_002b68a0,0x002B68A0,0x002B6D04,1124
FUN_002b6d10,0x002B6D10,0x002B6D88,120
FUN_002b6d88,0x002B6D88,0x002B7068,736
FUN_002b7068,0x002B7068,0x002B7334,716
FUN_002b7338,0x002B7338,0x002B75B4,636
FUN_002b75b8,0x002B75B8,0x002B76F8,320
FUN_002b76f8,0x002B76F8,0x002B7888,400
FUN_002b7888,0x002B7888,0x002B7AE8,608
FUN_002b7ae8,0x002B7AE8,0x002B7D10,552
FUN_002b7d10,0x002B7D10,0x002B7EA4,404
FUN_002b7ea8,0x002B7EA8,0x002B8078,464
FUN_002b8078,0x002B8078,0x002B83F0,888
FUN_002b83f0,0x002B83F0,0x002B8454,100
FUN_002b84c8,0x002B84C8,0x002B84F4,44
FUN_002b84f8,0x002B84F8,0x002B8520,40
FUN_002b8520,0x002B8520,0x002B856C,76
FUN_002b8570,0x002B8570,0x002B85A0,48
FUN_002b85a0,0x002B85A0,0x002B8654,180
FUN_002b8658,0x002B8658,0x002B8784,300
FUN_002b8788,0x002B8788,0x002B8804,124
FUN_002b8808,0x002B8808,0x002B891C,276
FUN_002b8920,0x002B8920,0x002B8944,36
FUN_002b8948,0x002B8948,0x002B8A1C,212
FUN_002b8a20,0x002B8A20,0x002B8AD8,184
FUN_002b8ad8,0x002B8AD8,0x002B8C00,296
FUN_002b8c00,0x002B8C00,0x002B8D0C,268
FUN_002b8d10,0x002B8D10,0x002B8D68,88
FUN_002b8d68,0x002B8D68,0x002B8DAC,68
FUN_002b8db0,0x002B8DB0,0x002B8E3C,140
FUN_002b8e40,0x002B8E40,0x002B8EA4,100
FUN_002b8ea8,0x002B8EA8,0x002B8F00,88
FUN_002b8f00,0x002B8F00,0x002B8F54,84
FUN_002b8f58,0x002B8F58,0x002B902C,212
FUN_002b9030,0x002B9030,0x002B90CC,156
FUN_002b90d0,0x002B90D0,0x002B9120,80
FUN_002b9120,0x002B9120,0x002B915C,60
FUN_002b9160,0x002B9160,0x002B919C,60
FUN_002b91a0,0x002B91A0,0x002B9228,136
FUN_002b9228,0x002B9228,0x002B925C,52
FUN_002b9260,0x002B9260,0x002B926C,12
FUN_002b9270,0x002B9270,0x002B92C4,84
FUN_002b92c8,0x002B92C8,0x002B9354,140
FUN_002b9358,0x002B9358,0x002B93C4,108
FUN_002b93c8,0x002B93C8,0x002B9420,88
FUN_002b9420,0x002B9420,0x002B950C,236
FUN_002b9510,0x002B9510,0x002B9610,256
FUN_002b9610,0x002B9610,0x002B965C,76
FUN_002b9660,0x002B9660,0x002B96BC,92
FUN_002b96c0,0x002B96C0,0x002B9724,100
FUN_002b9728,0x002B9728,0x002B977C,84
FUN_002b9780,0x002B9780,0x002B9830,176
FUN_002b9830,0x002B9830,0x002B9890,96
FUN_002b9890,0x002B9890,0x002B98F4,100
FUN_002b98f8,0x002B98F8,0x002B9A08,272
FUN_002b9a08,0x002B9A08,0x002B9A34,44
FUN_002b9a38,0x002B9A38,0x002B9A64,44
FUN_002b9a68,0x002B9A68,0x002B9A98,48
FUN_002b9a98,0x002B9A98,0x002B9ACC,52
FUN_002b9ad0,0x002B9AD0,0x002B9B6C,156
FUN_002b9b70,0x002B9B70,0x002B9B9C,44
FUN_002b9ba0,0x002B9BA0,0x002B9BC8,40
FUN_002b9bc8,0x002B9BC8,0x002B9EF4,812
FUN_002b9fc8,0x002B9FC8,0x002B9FD8,16
FUN_002b9fd8,0x002B9FD8,0x002BA420,1096
FUN_002ba420,0x002BA420,0x002BA71C,764
FUN_002ba720,0x002BA720,0x002BA768,72
FUN_002ba768,0x002BA768,0x002BA84C,228
FUN_002ba850,0x002BA850,0x002BA8C0,112
FUN_002ba8c0,0x002BA8C0,0x002BA968,168
FUN_002ba968,0x002BA968,0x002BA9E0,120
FUN_002ba9e0,0x002BA9E0,0x002BABE4,516
FUN_002babe8,0x002BABE8,0x002BAD50,360
FUN_002bad50,0x002BAD50,0x002BAE00,176
FUN_002bae00,0x002BAE00,0x002BAEA4,164
FUN_002baea8,0x002BAEA8,0x002BAFB4,268
FUN_002bafb8,0x002BAFB8,0x002BB150,408
FUN_002bb150,0x002BB150,0x002BB8D8,1928
FUN_002bb8d8,0x002BB8D8,0x002BBA80,424
FUN_002bba80,0x002BBA80,0x002BBDA0,800
FUN_002bbda0,0x002BBDA0,0x002BBF70,464
FUN_002bbf70,0x002BBF70,0x002BC124,436
FUN_002bc128,0x002BC128,0x002BC4A8,896
FUN_002bc4a8,0x002BC4A8,0x002BC5CC,292
FUN_002bc5d0,0x002BC5D0,0x002BC7B0,480
FUN_002bc7b0,0x002BC7B0,0x002BC7BC,12
FUN_002bc7c0,0x002BC7C0,0x002BC7CC,12
FUN_002bc818,0x002BC818,0x002BC830,24
FUN_002bc898,0x002BC898,0x002BC8B0,24
FUN_002bc8b0,0x002BC8B0,0x002BC8C8,24
FUN_002bc8c8,0x002BC8C8,0x002BC8E0,24
FUN_002bc9c0,0x002BC9C0,0x002BCA0C,76
FUN_002bca10,0x002BCA10,0x002BCA40,48
FUN_002bca40,0x002BCA40,0x002BCA74,52
FUN_002bca78,0x002BCA78,0x002BCBC4,332
FUN_002bcea8,0x002BCEA8,0x002BCF94,236
FUN_002bcf98,0x002BCF98,0x002BD04C,180
FUN_002bd050,0x002BD050,0x002BD118,200
FUN_002bd118,0x002BD118,0x002BD150,56
FUN_002bd150,0x002BD150,0x002BD18C,60
FUN_002bd190,0x002BD190,0x002BD1F8,104
FUN_002bd1f8,0x002BD1F8,0x002BD214,28
FUN_002bd218,0x002BD218,0x002BD2A0,136
FUN_002bd2a0,0x002BD2A0,0x002BD344,164
FUN_002bd3d8,0x002BD3D8,0x002BD4D0,248
FUN_002bd4d0,0x002BD4D0,0x002BD6AC,476
FUN_002bd6b0,0x002BD6B0,0x002BD8AC,508
FUN_002bd8b0,0x002BD8B0,0x002BDBF4,836
FUN_002bdbf8,0x002BDBF8,0x002BDEEC,756
FUN_002bdef0,0x002BDEF0,0x002BE30C,1052
FUN_002be310,0x002BE310,0x002BEFEC,3292
FUN_002beff0,0x002BEFF0,0x002BF1DC,492
FUN_002bf1e0,0x002BF1E0,0x002BF4C4,740
FUN_002bf4c8,0x002BF4C8,0x002BF814,844
FUN_002bf818,0x002BF818,0x002BF9FC,484
FUN_002bfa00,0x002BFA00,0x002BFD3C,828
FUN_002bfd40,0x002BFD40,0x002BFD70,48
FUN_002bfd70,0x002BFD70,0x002BFD84,20
FUN_002bfd88,0x002BFD88,0x002BFDB4,44
FUN_002bfdb8,0x002BFDB8,0x002BFE7C,196
FUN_002bfe80,0x002BFE80,0x002BFF64,228
FUN_002bff68,0x002BFF68,0x002C003C,212
FUN_002c0040,0x002C0040,0x002C00A0,96
FUN_002c01b0,0x002C01B0,0x002C0310,352
FUN_002c0310,0x002C0310,0x002C0374,100
FUN_002c0378,0x002C0378,0x002C0398,32
FUN_002c0398,0x002C0398,0x002C03C0,40
FUN_002c03c0,0x002C03C0,0x002C0434,116
FUN_002c0438,0x002C0438,0x002C045C,36
FUN_002c0510,0x002C0510,0x002C051C,12
FUN_002c0520,0x002C0520,0x002C052C,12
FUN_002c0530,0x002C0530,0x002C0564,52
FUN_002c0568,0x002C0568,0x002C059C,52
FUN_002c05a0,0x002C05A0,0x002C0608,104
FUN_002c0608,0x002C0608,0x002C06C4,188
FUN_002c06c8,0x002C06C8,0x002C0744,124
FUN_002c0748,0x002C0748,0x002C07FC,180
FUN_002c0800,0x002C0800,0x002C08DC,220
FUN_002c09d8,0x002C09D8,0x002C0AA8,208
FUN_002c0aa8,0x002C0AA8,0x002C0E08,864
FUN_002c0e28,0x002C0E28,0x002C0EBC,148
FUN_002c0ec0,0x002C0EC0,0x002C0F58,152
FUN_002c1060,0x002C1060,0x002C11F4,404
FUN_002c11f8,0x002C11F8,0x002C1294,156
FUN_002c1298,0x002C1298,0x002C12D0,56
FUN_002c12d0,0x002C12D0,0x002C13B8,232
FUN_002c13b8,0x002C13B8,0x002C1470,184
FUN_002c1470,0x002C1470,0x002C14FC,140
FUN_002c1500,0x002C1500,0x002C1510,16
FUN_002c1510,0x002C1510,0x002C16F0,480
FUN_002c16f0,0x002C16F0,0x002C18AC,444
FUN_002c1900,0x002C1900,0x002C1938,56
FUN_002c1948,0x002C1948,0x002C1978,48
FUN_002c1978,0x002C1978,0x002C1980,8
FUN_002c1990,0x002C1990,0x002C1A28,152
FUN_002c1a28,0x002C1A28,0x002C1B04,220
FUN_002c1b08,0x002C1B08,0x002C1B1C,20
FUN_002c1b20,0x002C1B20,0x002C1B34,20
FUN_002c1b38,0x002C1B38,0x002C1C58,288
FUN_002c1c58,0x002C1C58,0x002C1D98,320
FUN_002c1d98,0x002C1D98,0x002C20EC,852
FUN_002c20f0,0x002C20F0,0x002C225C,364
FUN_002c2260,0x002C2260,0x002C24E8,648
FUN_002c24e8,0x002C24E8,0x002C2938,1104
FUN_002c2938,0x002C2938,0x002C2C00,712
FUN_002c2c00,0x002C2C00,0x002C3048,1096
FUN_002c3048,0x002C3048,0x002C3270,552
FUN_002c3270,0x002C3270,0x002C3458,488
FUN_002c3458,0x002C3458,0x002C3624,460
FUN_002c3628,0x002C3628,0x002C3C3C,1552
FUN_002c3c40,0x002C3C40,0x002C3D00,192
FUN_002c3da0,0x002C3DA0,0x002C3DDC,60
FUN_002c3e20,0x002C3E20,0x002C3EF8,216
FUN_002c3f50,0x002C3F50,0x002C3FB4,100
FUN_002c3fb8,0x002C3FB8,0x002C4074,188
FUN_002c4078,0x002C4078,0x002C4080,8
FUN_002c4080,0x002C4080,0x002C40A8,40
FUN_002c40a8,0x002C40A8,0x002C4300,600
FUN_002c4300,0x002C4300,0x002C4458,344
FUN_002c4458,0x002C4458,0x002C458C,308
FUN_002c4590,0x002C4590,0x002C49EC,1116
FUN_002c49f0,0x002C49F0,0x002C4F0C,1308
FUN_002c4fe8,0x002C4FE8,0x002C5048,96
FUN_002c5048,0x002C5048,0x002C50FC,180
FUN_002c5100,0x002C5100,0x002C51E0,224
FUN_002c51e0,0x002C51E0,0x002C53B8,472
FUN_002c53b8,0x002C53B8,0x002C53E4,44
FUN_002c5538,0x002C5538,0x002C5554,28
FUN_002c5558,0x002C5558,0x002C560C,180
FUN_002c5610,0x002C5610,0x002C56E0,208
FUN_002c56e0,0x002C56E0,0x002C56F8,24
FUN_002c58e8,0x002C58E8,0x002C5934,76
FUN_002c5938,0x002C5938,0x002C5960,40
FUN_002c5960,0x002C5960,0x002C5E90,1328
FUN_002c5e90,0x002C5E90,0x002C62F4,1124
FUN_002c62f8,0x002C62F8,0x002C6520,552
FUN_002c6520,0x002C6520,0x002C66E4,452
FUN_002c66e8,0x002C66E8,0x002C6878,400
FUN_002c6878,0x002C6878,0x002C6BC8,848
FUN_002c6bc8,0x002C6BC8,0x002C6BFC,52
FUN_002c6c00,0x002C6C00,0x002C6C40,64
FUN_002c6c60,0x002C6C60,0x002C6C7C,28
FUN_002c6c80,0x002C6C80,0x002C6D6C,236
FUN_002c6d70,0x002C6D70,0x002C6D8C,28
FUN_002c6d90,0x002C6D90,0x002C6DB0,32
FUN_002c6db0,0x002C6DB0,0x002C6DCC,28
FUN_002c6dd0,0x002C6DD0,0x002C6DEC,28
FUN_002c6e08,0x002C6E08,0x002C6F0C,260
FUN_002c6f10,0x002C6F10,0x002C6FBC,172
FUN_002c7018,0x002C7018,0x002C7248,560
FUN_002c7248,0x002C7248,0x002C7260,24
FUN_002c7298,0x002C7298,0x002C72A4,12
FUN_002c72a8,0x002C72A8,0x002C72F4,76
FUN_002c72f8,0x002C72F8,0x002C735C,100
FUN_002c7360,0x002C7360,0x002C73AC,76
FUN_002c7418,0x002C7418,0x002C7464,76
FUN_002c7468,0x002C7468,0x002C74B4,76
FUN_002c74b8,0x002C74B8,0x002C7504,76
FUN_002c7508,0x002C7508,0x002C7578,112
FUN_002c7578,0x002C7578,0x002C75C0,72
FUN_002c75c0,0x002C75C0,0x002C7654,148
FUN_002c7658,0x002C7658,0x002C7664,12
FUN_002c7668,0x002C7668,0x002C7680,24
FUN_002c76d8,0x002C76D8,0x002C772C,84
FUN_002c7768,0x002C7768,0x002C7790,40
FUN_002c7790,0x002C7790,0x002C779C,12
FUN_002c77a0,0x002C77A0,0x002C77A8,8
FUN_002c77a8,0x002C77A8,0x002C7B04,860
FUN_002c7b08,0x002C7B08,0x002C7C6C,356
FUN_002c7c70,0x002C7C70,0x002C7E20,432
FUN_002c7e20,0x002C7E20,0x002C8000,480
FUN_002c8000,0x002C8000,0x002C8298,664
FUN_002c8298,0x002C8298,0x002C8510,632
FUN_002c8510,0x002C8510,0x002C863C,300
FUN_002c8640,0x002C8640,0x002C86D0,144
FUN_002c86d0,0x002C86D0,0x002C86E0,16
FUN_002c86e0,0x002C86E0,0x002C870C,44
FUN_002c8710,0x002C8710,0x002C87D4,196
FUN_002c8830,0x002C8830,0x002C8858,40
FUN_002c8858,0x002C8858,0x002C8894,60
FUN_002c8898,0x002C8898,0x002C8968,208
FUN_002c8968,0x002C8968,0x002C89BC,84
FUN_002c89c0,0x002C89C0,0x002C8ADC,284
FUN_002c8ae0,0x002C8AE0,0x002C8BB8,216
FUN_002c8bb8,0x002C8BB8,0x002C8C38,128
FUN_002c8c38,0x002C8C38,0x002C8D5C,292
FUN_002c8d60,0x002C8D60,0x002C8E24,196
FUN_002c8e28,0x002C8E28,0x002C8F8C,356
FUN_002c9150,0x002C9150,0x002C9174,36
FUN_002c9178,0x002C9178,0x002C92A4,300
FUN_002c92a8,0x002C92A8,0x002C92F4,76
FUN_002c92f8,0x002C92F8,0x002C93A4,172
FUN_002c93a8,0x002C93A8,0x002C948C,228
FUN_002c9490,0x002C9490,0x002C9524,148
FUN_002c9528,0x002C9528,0x002C956C,68
FUN_002c9570,0x002C9570,0x002C9604,148
FUN_002c9608,0x002C9608,0x002C96C4,188
FUN_002c96c8,0x002C96C8,0x002C973C,116
FUN_002c9740,0x002C9740,0x002C9780,64
FUN_002c9780,0x002C9780,0x002C97C0,64
FUN_002c97c0,0x002C97C0,0x002C97E8,40
FUN_002c97e8,0x002C97E8,0x002C9A5C,628
FUN_002c9a60,0x002C9A60,0x002CA3E0,2432
FUN_002ca3e0,0x002CA3E0,0x002CA5A0,448
FUN_002ca5a0,0x002CA5A0,0x002CB00C,2668
FUN_002cb010,0x002CB010,0x002CB500,1264
FUN_002cb500,0x002CB500,0x002CB644,324
FUN_002cb648,0x002CB648,0x002CB8F0,680
FUN_002cb8f0,0x002CB8F0,0x002CBA88,408
FUN_002cba88,0x002CBA88,0x002CBD68,736
FUN_002cbd68,0x002CBD68,0x002CBE60,248
FUN_002cbe60,0x002CBE60,0x002CC110,688
FUN_002cc110,0x002CC110,0x002CC380,624
FUN_002cc380,0x002CC380,0x002CC4E8,360
FUN_002cc4e8,0x002CC4E8,0x002CD204,3356
FUN_002cd208,0x002CD208,0x002CD31C,276
FUN_002cd320,0x002CD320,0x002CD554,564
FUN_002cd558,0x002CD558,0x002CD700,64
FUN_002cd700,0x002CD700,0x002CD830,304
FUN_002cd830,0x002CD830,0x002CDA24,500
FUN_002cda28,0x002CDA28,0x002CDBE4,356
FUN_002cdbe8,0x002CDBE8,0x002CDC14,44
FUN_002cdc18,0x002CDC18,0x002CDD08,240
FUN_002cdd08,0x002CDD08,0x002CDD38,48
FUN_002cdd48,0x002CDD48,0x002CDD60,24
FUN_002cdd60,0x002CDD60,0x002CDD70,16
FUN_002cdd70,0x002CDD70,0x002CDDA8,56
FUN_002cddb8,0x002CDDB8,0x002CDE6C,180
FUN_002cdea0,0x002CDEA0,0x002CDF50,176
FUN_002cdf50,0x002CDF50,0x002CDF58,8
FUN_002cdf58,0x002CDF58,0x002CE008,176
FUN_002ce008,0x002CE008,0x002CE104,252
FUN_002ce108,0x002CE108,0x002CE188,128
FUN_002ce1e0,0x002CE1E0,0x002CE240,96
FUN_002ce2f8,0x002CE2F8,0x002CE314,28
FUN_002ce318,0x002CE318,0x002CE4F4,476
FUN_002ce4f8,0x002CE4F8,0x002CE564,108
FUN_002ce568,0x002CE568,0x002CE680,280
FUN_002ce680,0x002CE680,0x002CE6A0,32
FUN_002ce6a0,0x002CE6A0,0x002CE754,180
FUN_002ce758,0x002CE758,0x002CE800,168
FUN_002ce800,0x002CE800,0x002CE81C,28
FUN_002ce820,0x002CE820,0x002CE87C,92
FUN_002ce880,0x002CE880,0x002CE8DC,92
FUN_002ce8e0,0x002CE8E0,0x002CE9A8,200
FUN_002ce9a8,0x002CE9A8,0x002CE9EC,68
FUN_002ce9f0,0x002CE9F0,0x002CEA68,120
FUN_002cea68,0x002CEA68,0x002CEACC,100
FUN_002cead0,0x002CEAD0,0x002CEB34,100
FUN_002ceb38,0x002CEB38,0x002CEBA4,108
FUN_002ceba8,0x002CEBA8,0x002CEBD4,44
FUN_002cebd8,0x002CEBD8,0x002CEC04,44
FUN_002cec08,0x002CEC08,0x002CECE0,216
FUN_002cece0,0x002CECE0,0x002CED5C,124
FUN_002ced60,0x002CED60,0x002CEDF4,148
FUN_002cedf8,0x002CEDF8,0x002CEE78,128
FUN_002cee78,0x002CEE78,0x002CEEF4,124
FUN_002ceef8,0x002CEEF8,0x002CEF6C,116
FUN_002cef70,0x002CEF70,0x002CEFE4,116
FUN_002cefe8,0x002CEFE8,0x002CF120,312
FUN_002cf120,0x002CF120,0x002CF268,328
FUN_002cf288,0x002CF288,0x002CF348,192
FUN_002cf348,0x002CF348,0x002CF3D0,136
FUN_002cf3d0,0x002CF3D0,0x002CF580,432
FUN_002cf580,0x002CF580,0x002CF810,656
FUN_002cf820,0x002CF820,0x002CF840,32
FUN_002cf840,0x002CF840,0x002CF870,48
FUN_002cf870,0x002CF870,0x002CFB38,712
FUN_002cfb38,0x002CFB38,0x002CFBB8,128
FUN_002cfbb8,0x002CFBB8,0x002CFBE0,40
FUN_002cfbe0,0x002CFBE0,0x002CFC08,40
FUN_002cfc08,0x002CFC08,0x002CFD8C,388
FUN_002cfd90,0x002CFD90,0x002D0284,1268
FUN_002d0288,0x002D0288,0x002D03A4,284
FUN_002d0458,0x002D0458,0x002D0494,60
FUN_002d0498,0x002D0498,0x002D05B4,284
FUN_002d05e8,0x002D05E8,0x002D08BC,724
FUN_002d08c0,0x002D08C0,0x002D0AE0,544
FUN_002d0ae0,0x002D0AE0,0x002D0CC8,488
FUN_002d0cc8,0x002D0CC8,0x002D0DE4,284
FUN_002d0de8,0x002D0DE8,0x002D0F6C,388
FUN_002d0f70,0x002D0F70,0x002D10F4,388
FUN_002d10f8,0x002D10F8,0x002D119C,164
FUN_002d11a0,0x002D11A0,0x002D11C8,40
FUN_002d11c8,0x002D11C8,0x002D1240,120
FUN_002d1240,0x002D1240,0x002D1254,20
FUN_002d1258,0x002D1258,0x002D1348,240
FUN_002d1348,0x002D1348,0x002D1410,200
FUN_002d1410,0x002D1410,0x002D150C,252
FUN_002d1510,0x002D1510,0x002D1550,64
FUN_002d1550,0x002D1550,0x002D159C,76
FUN_002d15a0,0x002D15A0,0x002D161C,124
FUN_002d1620,0x002D1620,0x002D166C,76
FUN_002d1670,0x002D1670,0x002D1690,32
FUN_002d1690,0x002D1690,0x002D16C4,52
FUN_002d16c8,0x002D16C8,0x002D172C,100
FUN_002d1750,0x002D1750,0x002D1780,48
FUN_002d1790,0x002D1790,0x002D1A14,644
FUN_002d1a18,0x002D1A18,0x002D1A40,40
FUN_002d1a40,0x002D1A40,0x002D1A80,64
FUN_002d1a80,0x002D1A80,0x002D1AA8,40
FUN_002d1aa8,0x002D1AA8,0x002D1AF4,76
FUN_002d1af8,0x002D1AF8,0x002D1B2C,52
FUN_002d1b30,0x002D1B30,0x002D1B70,64
FUN_002d1b70,0x002D1B70,0x002D1D40,464
FUN_002d1d40,0x002D1D40,0x002D2024,740
FUN_002d2028,0x002D2028,0x002D221C,500
FUN_002d2220,0x002D2220,0x002D2324,260
FUN_002d2328,0x002D2328,0x002D24A8,384
FUN_002d24a8,0x002D24A8,0x002D2694,492
FUN_002d2698,0x002D2698,0x002D292C,660
FUN_002d2930,0x002D2930,0x002D2DEC,1212
FUN_002d2df0,0x002D2DF0,0x002D30CC,732
FUN_002d30d0,0x002D30D0,0x002D369C,1484
FUN_002d36a0,0x002D36A0,0x002D3744,164
FUN_002d3748,0x002D3748,0x002D387C,308
FUN_002d3880,0x002D3880,0x002D38EC,108
FUN_002d38f0,0x002D38F0,0x002D3918,40
FUN_002d3918,0x002D3918,0x002D3940,40
FUN_002d3940,0x002D3940,0x002D3968,40
FUN_002d3968,0x002D3968,0x002D3990,40
FUN_002d3990,0x002D3990,0x002D3A10,128
FUN_002d3a10,0x002D3A10,0x002D3A80,112
FUN_002d3a80,0x002D3A80,0x002D3B64,228
FUN_002d3b68,0x002D3B68,0x002D3C10,168
FUN_002d3c40,0x002D3C40,0x002D3CC0,128
FUN_002d3cc0,0x002D3CC0,0x002D3D64,164
FUN_002d3dd0,0x002D3DD0,0x002D3E18,72
FUN_002d3e18,0x002D3E18,0x002D3EAC,148
FUN_002d3eb0,0x002D3EB0,0x002D3FBC,268
FUN_002d3fc0,0x002D3FC0,0x002D408C,204
FUN_002d4090,0x002D4090,0x002D409C,12
FUN_002d40d8,0x002D40D8,0x002D4138,96
FUN_002d4138,0x002D4138,0x002D4190,88
FUN_002d4190,0x002D4190,0x002D4230,160
FUN_002d4230,0x002D4230,0x002D4248,24
FUN_002d4248,0x002D4248,0x002D4284,60
FUN_002d4288,0x002D4288,0x002D42A0,24
FUN_002d42a0,0x002D42A0,0x002D4350,176
FUN_002d4370,0x002D4370,0x002D448C,284
FUN_002d4490,0x002D4490,0x002D44B8,40
FUN_002d44b8,0x002D44B8,0x002D469C,484
FUN_002d46a0,0x002D46A0,0x002D4710,112
FUN_002d4710,0x002D4710,0x002D478C,124
FUN_002d4790,0x002D4790,0x002D4804,116
FUN_002d4808,0x002D4808,0x002D4880,120
FUN_002d4880,0x002D4880,0x002D5BC8,4936
FUN_002d5bc8,0x002D5BC8,0x002D5E18,592
FUN_002d5e18,0x002D5E18,0x002D6000,488
FUN_002d6000,0x002D6000,0x002D6594,1428
FUN_002d6598,0x002D6598,0x002D6D28,1936
FUN_002d6d28,0x002D6D28,0x002D711C,1012
FUN_002d7120,0x002D7120,0x002D7354,564
FUN_002d7368,0x002D7368,0x002D7458,240
FUN_002d7458,0x002D7458,0x002D7464,12
FUN_002d7468,0x002D7468,0x002D7474,12
FUN_002d7478,0x002D7478,0x002D749C,36
FUN_002d74a0,0x002D74A0,0x002D74C4,36
FUN_002d74c8,0x002D74C8,0x002D74E8,32
FUN_002d74e8,0x002D74E8,0x002D7514,44
FUN_002d7518,0x002D7518,0x002D752C,20
FUN_002d7530,0x002D7530,0x002D75E0,176
FUN_002d75e0,0x002D75E0,0x002D765C,124
FUN_002d7660,0x002D7660,0x002D76B4,84
FUN_002d76b8,0x002D76B8,0x002D7768,176
FUN_002d7768,0x002D7768,0x002D77F8,144
FUN_002d77f8,0x002D77F8,0x002D7888,144
FUN_002d7888,0x002D7888,0x002D7A88,512
FUN_002d7a88,0x002D7A88,0x002D803C,1460
FUN_002d8040,0x002D8040,0x002D8234,500
FUN_002d8238,0x002D8238,0x002D9084,3656
FUN_002d9088,0x002D9088,0x002D9310,316
FUN_002d9310,0x002D9310,0x002D9348,56
FUN_002d9348,0x002D9348,0x002D944C,260
FUN_002d9508,0x002D9508,0x002D9750,584
FUN_002d9750,0x002D9750,0x002D9A34,740
FUN_002d9a38,0x002D9A38,0x002D9C5C,548
FUN_002d9c60,0x002D9C60,0x002D9D48,232
FUN_002d9d48,0x002D9D48,0x002D9E1C,212
FUN_002d9e20,0x002D9E20,0x002D9EA0,128
FUN_002d9ea0,0x002D9EA0,0x002DA048,424
FUN_002da048,0x002DA048,0x002DA26C,548
FUN_002da270,0x002DA270,0x002DB994,5924
FUN_002db998,0x002DB998,0x002DBC5C,708
FUN_002dbc60,0x002DBC60,0x002DBE7C,540
FUN_002dbe80,0x002DBE80,0x002DC010,400
FUN_002dc010,0x002DC010,0x002DC484,1140
FUN_002dc568,0x002DC568,0x002DC5A0,56
FUN_002dc5a0,0x002DC5A0,0x002DC5D4,52
FUN_002dc5d8,0x002DC5D8,0x002DC6B8,224
FUN_002dc6b8,0x002DC6B8,0x002DC788,208
FUN_002dc788,0x002DC788,0x002DC828,160
FUN_002dc828,0x002DC828,0x002DC88C,100
FUN_002dc8a0,0x002DC8A0,0x002DC8C0,32
FUN_002dc8c0,0x002DC8C0,0x002DC9A8,228
FUN_002dc9a8,0x002DC9A8,0x002DCA58,176
FUN_002dca58,0x002DCA58,0x002DCC10,440
FUN_002dcc10,0x002DCC10,0x002DCFCC,956
FUN_002dcfd0,0x002DCFD0,0x002DD000,48
FUN_002dd000,0x002DD000,0x002DD030,48
FUN_002dd030,0x002DD030,0x002DD098,104
FUN_002dd098,0x002DD098,0x002DD118,128
FUN_002dd118,0x002DD118,0x002DD158,64
FUN_002dd158,0x002DD158,0x002DD200,168
FUN_002dd200,0x002DD200,0x002DD2CC,204
FUN_002dd2d0,0x002DD2D0,0x002DD370,160
FUN_002dd370,0x002DD370,0x002DD3F4,132
FUN_002dd3f8,0x002DD3F8,0x002DD474,124
FUN_002dd478,0x002DD478,0x002DD4A0,40
FUN_002dd4a0,0x002DD4A0,0x002DD4F0,80
FUN_002dd4f0,0x002DD4F0,0x002DD5FC,268
FUN_002dd600,0x002DD600,0x002DD720,288
FUN_002dd720,0x002DD720,0x002DDB6C,1100
FUN_002ddb70,0x002DDB70,0x002DDBA0,48
FUN_002ddba0,0x002DDBA0,0x002DDBC4,36
FUN_002ddbc8,0x002DDBC8,0x002DDC78,176
FUN_002ddc78,0x002DDC78,0x002DDCDC,100
FUN_002ddce0,0x002DDCE0,0x002DDD2C,76
FUN_002ddd30,0x002DDD30,0x002DDD60,48
FUN_002ddd60,0x002DDD60,0x002DDDA4,68
FUN_002ddda8,0x002DDDA8,0x002DDE5C,180
FUN_002dde60,0x002DDE60,0x002DDEB0,80
FUN_002ddeb0,0x002DDEB0,0x002DDF40,144
FUN_002ddf40,0x002DDF40,0x002DDF70,48
FUN_002ddf70,0x002DDF70,0x002DDF78,8
FUN_002ddf78,0x002DDF78,0x002DDF80,8
FUN_002ddf80,0x002DDF80,0x002DE038,184
FUN_002de038,0x002DE038,0x002DE04C,20
FUN_002de050,0x002DE050,0x002DE060,16
FUN_002de060,0x002DE060,0x002DE0C8,104
FUN_002de0c8,0x002DE0C8,0x002DE3E0,792
FUN_002de3e0,0x002DE3E0,0x002DE4F0,272
FUN_002de4f0,0x002DE4F0,0x002DE530,64
FUN_002de530,0x002DE530,0x002DE5AC,124
FUN_002de5b0,0x002DE5B0,0x002DE614,96
FUN_002de618,0x002DE618,0x002DE6BC,164
FUN_002de6c0,0x002DE6C0,0x002DE70C,76
FUN_002de710,0x002DE710,0x002DE794,132
FUN_002de798,0x002DE798,0x002DE7B4,28
FUN_002de7b8,0x002DE7B8,0x002DE7F0,56
FUN_002de7f0,0x002DE7F0,0x002DE8F0,256
FUN_002de940,0x002DE940,0x002DE9E0,160
FUN_002de9e0,0x002DE9E0,0x002DEA10,48
FUN_002dea10,0x002DEA10,0x002DEA18,8
FUN_002dea18,0x002DEA18,0x002DEB64,332
FUN_002deb68,0x002DEB68,0x002DED4C,484
FUN_002ded50,0x002DED50,0x002DF1EC,1180
FUN_002df1f0,0x002DF1F0,0x002DF52C,828
FUN_002df530,0x002DF530,0x002DF648,280
FUN_002df648,0x002DF648,0x002DF794,332
FUN_002df798,0x002DF798,0x002E00B4,2328
FUN_002e00b8,0x002E00B8,0x002E012C,116
FUN_002e01f8,0x002E01F8,0x002E026C,116
FUN_002e0270,0x002E0270,0x002E0330,192
FUN_002e0330,0x002E0330,0x002E03D8,168
FUN_002e0400,0x002E0400,0x002E0590,400
FUN_002e0590,0x002E0590,0x002E0658,200
FUN_002e0690,0x002E0690,0x002E06DC,76
FUN_002e06e0,0x002E06E0,0x002E0784,164
FUN_002e0788,0x002E0788,0x002E07B0,40
FUN_002e07b0,0x002E07B0,0x002E0800,80
FUN_002e0800,0x002E0800,0x002E0930,304
FUN_002e0930,0x002E0930,0x002E0A98,360
FUN_002e0a98,0x002E0A98,0x002E0B1C,132
FUN_002e0b20,0x002E0B20,0x002E0B80,96
FUN_002e0b80,0x002E0B80,0x002E0B90,16
FUN_002e0b90,0x002E0B90,0x002E0C10,128
FUN_002e0c10,0x002E0C10,0x002E0C98,136
FUN_002e0ca0,0x002E0CA0,0x002E0D04,100
FUN_002e0d08,0x002E0D08,0x002E0D30,40
FUN_002e0d30,0x002E0D30,0x002E0EB4,388
FUN_002e0eb8,0x002E0EB8,0x002E0F74,188
FUN_002e0f78,0x002E0F78,0x002E0FC8,80
FUN_002e0fc8,0x002E0FC8,0x002E1080,184
FUN_002e1080,0x002E1080,0x002E112C,172
FUN_002e1130,0x002E1130,0x002E1150,32
FUN_002e1150,0x002E1150,0x002E1790,1600
FUN_002e1790,0x002E1790,0x002E269C,3852
FUN_002e26a0,0x002E26A0,0x002E2CE8,1608
FUN_002e2ce8,0x002E2CE8,0x002E2E68,384
FUN_002e2e68,0x002E2E68,0x002E3A14,2988
FUN_002e3a18,0x002E3A18,0x002E3A24,12
FUN_002e3a28,0x002E3A28,0x002E3ECC,1188
FUN_002e3ed0,0x002E3ED0,0x002E56A4,6100
FUN_002e56a8,0x002E56A8,0x002E584C,420
FUN_002e5850,0x002E5850,0x002E59E4,404
FUN_002e59e8,0x002E59E8,0x002E5D54,876
FUN_002e5d58,0x002E5D58,0x002E6098,832
FUN_002e6098,0x002E6098,0x002E60B4,28
FUN_002e60b8,0x002E60B8,0x002E6134,124
FUN_002e6138,0x002E6138,0x002E6198,96
FUN_002e6198,0x002E6198,0x002E6244,172
FUN_002e6248,0x002E6248,0x002E62C0,120
FUN_002e62c0,0x002E62C0,0x002E6398,216
FUN_002e6398,0x002E6398,0x002E63E8,80
FUN_002e63f0,0x002E63F0,0x002E6408,24
FUN_002e6408,0x002E6408,0x002E6474,108
FUN_002e6478,0x002E6478,0x002E6564,236
FUN_002e6568,0x002E6568,0x002E6624,188
FUN_002e6628,0x002E6628,0x002E6710,232
FUN_002e6710,0x002E6710,0x002E6810,256
FUN_002e6810,0x002E6810,0x002E68DC,204
FUN_002e68e0,0x002E68E0,0x002E69D4,244
FUN_002e69d8,0x002E69D8,0x002E6A88,176
FUN_002e6a88,0x002E6A88,0x002E6B68,224
FUN_002e6b68,0x002E6B68,0x002E6BD8,112
FUN_002e6bd8,0x002E6BD8,0x002E6C14,60
FUN_002e6c18,0x002E6C18,0x002E6D40,296
FUN_002e6d40,0x002E6D40,0x002E6F94,596
FUN_002e6f98,0x002E6F98,0x002E7240,680
FUN_002e7240,0x002E7240,0x002E7810,1480
FUN_002e7810,0x002E7810,0x002E7DE8,1496
FUN_002e7de8,0x002E7DE8,0x002E7DF8,16
FUN_002e7df8,0x002E7DF8,0x002E7F30,312
FUN_002e7f30,0x002E7F30,0x002E9068,4408
FUN_002e9068,0x002E9068,0x002E9360,760
FUN_002e9360,0x002E9360,0x002E9540,480
FUN_002e9540,0x002E9540,0x002E9594,84
FUN_002e95a0,0x002E95A0,0x002E95DC,60
FUN_002e95e0,0x002E95E0,0x002E9634,84
FUN_002e9638,0x002E9638,0x002E969C,100
FUN_002e9700,0x002E9700,0x002E98C8,456
FUN_002e98c8,0x002E98C8,0x002E991C,84
FUN_002e9920,0x002E9920,0x002E9970,80
FUN_002e9970,0x002E9970,0x002E9A50,224
FUN_002e9a50,0x002E9A50,0x002E9A7C,44
FUN_002e9a80,0x002E9A80,0x002E9AA8,40
FUN_002e9ab8,0x002E9AB8,0x002E9B2C,116
FUN_002e9b68,0x002E9B68,0x002E9BD0,104
FUN_002e9bd0,0x002E9BD0,0x002E9BE0,16
FUN_002e9be0,0x002E9BE0,0x002E9BFC,28
FUN_002e9c00,0x002E9C00,0x002E9C14,20
FUN_002e9c18,0x002E9C18,0x002E9C74,92
FUN_002e9c78,0x002E9C78,0x002E9CD0,88
FUN_002e9cd0,0x002E9CD0,0x002E9D6C,156
FUN_002e9d70,0x002E9D70,0x002E9E04,148
FUN_002e9e18,0x002E9E18,0x002E9F10,248
FUN_002e9f10,0x002E9F10,0x002E9F30,32
FUN_002e9f30,0x002E9F30,0x002E9F78,72
FUN_002e9f78,0x002E9F78,0x002E9FCC,84
FUN_002e9fd0,0x002E9FD0,0x002EA03C,108
FUN_002ea040,0x002EA040,0x002EA2A8,616
FUN_002ea2a8,0x002EA2A8,0x002EAD80,2776
FUN_002ead80,0x002EAD80,0x002EB4D0,1872
FUN_002eb4d0,0x002EB4D0,0x002EB62C,348
FUN_002eb670,0x002EB670,0x002EB704,148
FUN_002eb708,0x002EB708,0x002EB714,12
FUN_002eb718,0x002EB718,0x002EB750,56
FUN_002eb750,0x002EB750,0x002EB8A4,340
FUN_002eb8a8,0x002EB8A8,0x002EB940,152
FUN_002eb940,0x002EB940,0x002EB98C,76
FUN_002eb990,0x002EB990,0x002EB9C0,48
FUN_002eb9c0,0x002EB9C0,0x002EBA80,192
FUN_002eba80,0x002EBA80,0x002EBB40,192
FUN_002ebb40,0x002EBB40,0x002EBBD0,144
FUN_002ebbd0,0x002EBBD0,0x002EBC1C,76
FUN_002ebc20,0x002EBC20,0x002EBCE8,200
FUN_002ebce8,0x002EBCE8,0x002EBD30,72
FUN_002ebd30,0x002EBD30,0x002EC028,760
FUN_002ec028,0x002EC028,0x002EC578,1360
FUN_002ec578,0x002EC578,0x002EC704,396
FUN_002ec708,0x002EC708,0x002EC720,24
FUN_002ec720,0x002EC720,0x002EC74C,44
FUN_002ec750,0x002EC750,0x002EC840,240
FUN_002ec840,0x002EC840,0x002EC960,288
FUN_002ec960,0x002EC960,0x002ECA00,160
FUN_002eca00,0x002ECA00,0x002ECA3C,60
FUN_002eca40,0x002ECA40,0x002ECA88,72
FUN_002eca88,0x002ECA88,0x002ECACC,68
FUN_002ecb78,0x002ECB78,0x002ECC64,236
FUN_002ecc68,0x002ECC68,0x002ECCAC,68
FUN_002eccb0,0x002ECCB0,0x002ECDDC,300
FUN_002ecde0,0x002ECDE0,0x002ECF64,388
FUN_002ecf68,0x002ECF68,0x002ED118,432
FUN_002ed118,0x002ED118,0x002ED340,552
FUN_002ed340,0x002ED340,0x002ED5C0,640
FUN_002ed5c0,0x002ED5C0,0x002ED75C,412
FUN_002ed760,0x002ED760,0x002ED8E8,392
FUN_002ed8e8,0x002ED8E8,0x002EDC98,944
FUN_002edc98,0x002EDC98,0x002EDF94,764
FUN_002edf98,0x002EDF98,0x002EEF5C,4036
FUN_002eef60,0x002EEF60,0x002EF208,680
FUN_002ef208,0x002EF208,0x002EF3F8,496
FUN_002ef3f8,0x002EF3F8,0x002EF70C,788
FUN_002ef710,0x002EF710,0x002EFA24,788
FUN_002efa28,0x002EFA28,0x002EFC54,556
FUN_002efc58,0x002EFC58,0x002EFDCC,372
FUN_002efdd0,0x002EFDD0,0x002EFEB8,232
FUN_002eff20,0x002EFF20,0x002EFF74,84
FUN_002f0108,0x002F0108,0x002F0180,120
FUN_002f0180,0x002F0180,0x002F018C,12
FUN_002f0290,0x002F0290,0x002F03BC,300
FUN_002f03c0,0x002F03C0,0x002F050C,332
FUN_002f0640,0x002F0640,0x002F0734,244
FUN_002f0738,0x002F0738,0x002F0794,92
FUN_002f0798,0x002F0798,0x002F07F4,92
FUN_002f07f8,0x002F07F8,0x002F08B8,192
FUN_002f08b8,0x002F08B8,0x002F0930,120
FUN_002f0938,0x002F0938,0x002F09E4,172
FUN_002f09e8,0x002F09E8,0x002F0BC0,472
FUN_002f0d38,0x002F0D38,0x002F0D78,64
FUN_002f0e18,0x002F0E18,0x002F0E60,72
FUN_002f0e60,0x002F0E60,0x002F0EBC,92
FUN_002f0ec0,0x002F0EC0,0x002F0F68,168
FUN_002f0f68,0x002F0F68,0x002F1010,168
FUN_002f1010,0x002F1010,0x002F108C,124
FUN_002f12c0,0x002F12C0,0x002F168C,972
FUN_002f1690,0x002F1690,0x002F25F8,3944
FUN_002f25f8,0x002F25F8,0x002F2F68,2416
FUN_002f2f68,0x002F2F68,0x002F32A4,828
FUN_002f32a8,0x002F32A8,0x002F34B0,520
FUN_002f34b0,0x002F34B0,0x002F3874,964
FUN_002f3878,0x002F3878,0x002F3A58,480
FUN_002f3a58,0x002F3A58,0x002F3AC4,108
FUN_002f3ad0,0x002F3AD0,0x002F3B80,176
FUN_002f3d40,0x002F3D40,0x002F3DF0,176
FUN_002f3df0,0x002F3DF0,0x002F3F44,340
FUN_002f3f48,0x002F3F48,0x002F4010,200
FUN_002f4010,0x002F4010,0x002F4024,20
FUN_002f4058,0x002F4058,0x002F4060,8
FUN_002f4060,0x002F4060,0x002F4080,32
FUN_002f4088,0x002F4088,0x002F4090,8
FUN_002f4090,0x002F4090,0x002F4188,248
FUN_002f41d8,0x002F41D8,0x002F4200,40
FUN_002f4200,0x002F4200,0x002F4500,768
FUN_002f4500,0x002F4500,0x002F4638,312
FUN_002f4638,0x002F4638,0x002F4788,336
FUN_002f4788,0x002F4788,0x002F4870,232
FUN_002f4870,0x002F4870,0x002F4898,40
FUN_002f4898,0x002F4898,0x002F49B0,280
FUN_002f49b0,0x002F49B0,0x002F4A00,80
FUN_002f4a00,0x002F4A00,0x002F4BA4,420
FUN_002f4ba8,0x002F4BA8,0x002F4D00,344
FUN_002f4d00,0x002F4D00,0x002F4EBC,444
FUN_002f4ec0,0x002F4EC0,0x002F50D8,536
FUN_002f50d8,0x002F50D8,0x002F52A4,460
FUN_002f52a8,0x002F52A8,0x002F54AC,516
FUN_002f54b0,0x002F54B0,0x002F58A0,1008
FUN_002f58a0,0x002F58A0,0x002F5CC8,1064
FUN_002f5cc8,0x002F5CC8,0x002F5F2C,612
FUN_002f5f30,0x002F5F30,0x002F5F5C,44
FUN_002f5f60,0x002F5F60,0x002F6000,160
FUN_002f6000,0x002F6000,0x002F6070,112
FUN_002f6070,0x002F6070,0x002F614C,220
FUN_002f6150,0x002F6150,0x002F636C,540
FUN_002f6370,0x002F6370,0x002F6574,516
FUN_002f6578,0x002F6578,0x002F67C4,588
FUN_002f67c8,0x002F67C8,0x002F6A04,572
FUN_002f6a08,0x002F6A08,0x002F6A8C,132
FUN_002f6a90,0x002F6A90,0x002F6B08,120
FUN_002f6b08,0x002F6B08,0x002F6B50,72
FUN_002f6b50,0x002F6B50,0x002F6B78,40
FUN_002f6b78,0x002F6B78,0x002F6BA0,40
FUN_002f6ba0,0x002F6BA0,0x002F6CB8,280
FUN_002f6da8,0x002F6DA8,0x002F6ED8,304
FUN_002f6ed8,0x002F6ED8,0x002F70B0,472
FUN_002f70b0,0x002F70B0,0x002F7118,104
FUN_002f7180,0x002F7180,0x002F71E4,100
FUN_002f7208,0x002F7208,0x002F7254,76
FUN_002f7258,0x002F7258,0x002F72A4,76
FUN_002f73d8,0x002F73D8,0x002F740C,52
FUN_002f7410,0x002F7410,0x002F7500,240
FUN_002f7500,0x002F7500,0x002F7688,392
FUN_002f7688,0x002F7688,0x002F7788,256
FUN_002f7788,0x002F7788,0x002F7978,496
FUN_002f7978,0x002F7978,0x002F79E8,112
FUN_002f79e8,0x002F79E8,0x002F79FC,20
FUN_002f7a00,0x002F7A00,0x002F7A10,16
FUN_002f7a10,0x002F7A10,0x002F7A38,40
FUN_002f7a38,0x002F7A38,0x002F7A48,16
FUN_002f7a58,0x002F7A58,0x002F7AAC,84
FUN_002f7ab0,0x002F7AB0,0x002F7B40,144
FUN_002f7b50,0x002F7B50,0x002F7C38,232
FUN_002f7c38,0x002F7C38,0x002F7D4C,276
FUN_002f7d50,0x002F7D50,0x002F7E64,276
FUN_002f7e70,0x002F7E70,0x002F7EE8,120
FUN_002f7ee8,0x002F7EE8,0x002F7F64,124
FUN_002f7f68,0x002F7F68,0x002F8014,172
FUN_002f8018,0x002F8018,0x002F8020,8
FUN_002f8020,0x002F8020,0x002F8054,52
FUN_002f8058,0x002F8058,0x002F8100,168
FUN_002f8100,0x002F8100,0x002F8130,48
FUN_002f8130,0x002F8130,0x002F8190,96
FUN_002f8190,0x002F8190,0x002F81B8,40
FUN_002f81b8,0x002F81B8,0x002F81E0,40
FUN_002f81e0,0x002F81E0,0x002F8200,32
FUN_002f8200,0x002F8200,0x002F8224,36
FUN_002f8228,0x002F8228,0x002F8250,40
FUN_002f8250,0x002F8250,0x002F82E0,144
FUN_002f82e0,0x002F82E0,0x002F8380,160
FUN_002f8380,0x002F8380,0x002F83F0,112
FUN_002f83f8,0x002F83F8,0x002F8438,64
FUN_002f8438,0x002F8438,0x002F84BC,132
FUN_002f8538,0x002F8538,0x002F85FC,196
FUN_002f8600,0x002F8600,0x002F8640,64
FUN_002f8640,0x002F8640,0x002F8744,260
FUN_002f8748,0x002F8748,0x002F8788,64
FUN_002f8788,0x002F8788,0x002F8898,272
FUN_002f8898,0x002F8898,0x002F8A60,456
FUN_002f8a60,0x002F8A60,0x002F8B40,224
FUN_002f8b40,0x002F8B40,0x002F8BE8,168
FUN_002f8be8,0x002F8BE8,0x002F8C28,64
FUN_002f8c28,0x002F8C28,0x002F8CC0,152
FUN_002f8cc0,0x002F8CC0,0x002F9530,2160
FUN_002f9530,0x002F9530,0x002F9980,1100
FUN_002f9980,0x002F9980,0x002F9C90,784
FUN_002f9c90,0x002F9C90,0x002F9F88,760
FUN_002f9f88,0x002F9F88,0x002FA150,456
FUN_002fa150,0x002FA150,0x002FA528,984
FUN_002fa798,0x002FA798,0x002FA7B8,32
FUN_002fa7b8,0x002FA7B8,0x002FA7E0,40
FUN_002fa7e0,0x002FA7E0,0x002FA950,368
FUN_002fa950,0x002FA950,0x002FAA60,272
FUN_002faa60,0x002FAA60,0x002FAB68,264
FUN_002fab68,0x002FAB68,0x002FACB0,328
FUN_002facb0,0x002FACB0,0x002FAE30,384
FUN_002fae30,0x002FAE30,0x002FAEBC,140
FUN_002faec0,0x002FAEC0,0x002FAF00,64
FUN_002faf00,0x002FAF00,0x002FAF28,40
FUN_002faf28,0x002FAF28,0x002FAFAC,132
FUN_002fafb0,0x002FAFB0,0x002FB06C,188
FUN_002fb070,0x002FB070,0x002FB114,164
FUN_002fb118,0x002FB118,0x002FB184,108
FUN_002fb188,0x002FB188,0x002FB1C0,56
FUN_002fb1c0,0x002FB1C0,0x002FB25C,156
FUN_002fb260,0x002FB260,0x002FB300,160
FUN_002fb300,0x002FB300,0x002FB538,568
FUN_002fb538,0x002FB538,0x002FB764,556
FUN_002fb768,0x002FB768,0x002FBA58,752
FUN_002fba58,0x002FBA58,0x002FC5CC,2932
FUN_002fc5d0,0x002FC5D0,0x002FCA88,1208
FUN_002fca88,0x002FCA88,0x002FCC24,412
FUN_002fcc28,0x002FCC28,0x002FCEA8,640
FUN_002fcea8,0x002FCEA8,0x002FD110,616
FUN_002fd110,0x002FD110,0x002FD22C,284
FUN_002fd230,0x002FD230,0x002FD45C,556
FUN_002fd460,0x002FD460,0x002FD588,296
FUN_002fd588,0x002FD588,0x002FD680,248
FUN_002fd680,0x002FD680,0x002FDBB8,1336
FUN_002fdbb8,0x002FDBB8,0x002FDE1C,612
FUN_002fde20,0x002FDE20,0x002FE04C,556
FUN_002fe050,0x002FE050,0x002FE184,308
FUN_002fe188,0x002FE188,0x002FE3B4,556
FUN_002fe3b8,0x002FE3B8,0x002FE4B0,248
FUN_002fe4b0,0x002FE4B0,0x002FE5A8,248
FUN_002fe5a8,0x002FE5A8,0x002FE6A0,248
FUN_002fe6a0,0x002FE6A0,0x002FE798,248
FUN_002fe798,0x002FE798,0x002FEA14,636
FUN_002fea18,0x002FEA18,0x002FEBA0,392
FUN_002feba0,0x002FEBA0,0x002FECE8,328
FUN_002fece8,0x002FECE8,0x002FEDB8,208
FUN_002fedb8,0x002FEDB8,0x003010A4,8940
FUN_003010a8,0x003010A8,0x003014A8,1024
FUN_003014a8,0x003014A8,0x003014C8,32
FUN_003014c8,0x003014C8,0x00301C4C,1924
FUN_00301c50,0x00301C50,0x00301F7C,812
FUN_00301f80,0x00301F80,0x00302124,420
FUN_00302128,0x00302128,0x0030221C,244
FUN_00302220,0x00302220,0x003025CC,940
FUN_003025d0,0x003025D0,0x003028B0,736
FUN_003028b0,0x003028B0,0x00302A5C,428
FUN_00302a60,0x00302A60,0x00302C44,484
FUN_00302c48,0x00302C48,0x00302DF8,432
FUN_00302df8,0x00302DF8,0x0030333C,1348
FUN_00303340,0x00303340,0x00303678,824
FUN_00303678,0x00303678,0x003041D0,2904
FUN_003041d0,0x003041D0,0x00304488,696
FUN_00304488,0x00304488,0x00304620,408
FUN_00304620,0x00304620,0x00304CC4,1700
FUN_00304cc8,0x00304CC8,0x00304EC4,508
FUN_00304ec8,0x00304EC8,0x00305084,444
FUN_00305088,0x00305088,0x003051B4,300
FUN_003051b8,0x003051B8,0x003052C4,268
FUN_003052c8,0x003052C8,0x00305410,328
FUN_00305410,0x00305410,0x0030552C,284
FUN_00305658,0x00305658,0x003056FC,164
FUN_00305700,0x00305700,0x00305744,68
FUN_00305748,0x00305748,0x003057D4,140
FUN_003057d8,0x003057D8,0x00305818,64
FUN_00305818,0x00305818,0x003058B0,152
FUN_003058b0,0x003058B0,0x00305948,152
FUN_00305948,0x00305948,0x003059E0,152
FUN_00305a08,0x00305A08,0x00305AE8,224
FUN_00305b30,0x00305B30,0x00305C8C,344
FUN_00305c90,0x00305C90,0x00305CA0,16
FUN_00305ca0,0x00305CA0,0x00305CDC,60
FUN_00305ce0,0x00305CE0,0x00305D3C,92
FUN_00305d40,0x00305D40,0x00305DC4,132
FUN_00305dc8,0x00305DC8,0x00305EA4,220
FUN_00305ee0,0x00305EE0,0x00305EF0,16
FUN_00305f30,0x00305F30,0x00305F50,32
FUN_00305f50,0x00305F50,0x00305FD0,128
FUN_00305fd0,0x00305FD0,0x0030600C,60
FUN_00306010,0x00306010,0x00306074,100
FUN_00306078,0x00306078,0x0030616C,244
FUN_00306170,0x00306170,0x00306268,248
FUN_00306268,0x00306268,0x003062F8,144
FUN_003062f8,0x003062F8,0x00306340,72
FUN_00306370,0x00306370,0x0030648C,284
FUN_00306490,0x00306490,0x003064E0,80
FUN_003064f8,0x003064F8,0x00306500,8
FUN_00306500,0x00306500,0x00306590,144
FUN_00306590,0x00306590,0x00306598,8
FUN_00306598,0x00306598,0x00306628,144
FUN_00306628,0x00306628,0x00306728,256
FUN_00306728,0x00306728,0x0030676C,68
FUN_00306790,0x00306790,0x0030683C,172
FUN_00306840,0x00306840,0x00306868,40
FUN_00306868,0x00306868,0x003068B4,76
FUN_003068b8,0x003068B8,0x00306904,76
FUN_00306920,0x00306920,0x0030699C,124
FUN_003069a0,0x003069A0,0x00306A38,152
FUN_00306a38,0x00306A38,0x00306C2C,500
FUN_00306c30,0x00306C30,0x00307124,1268
FUN_00307128,0x00307128,0x0030746C,836
FUN_00307470,0x00307470,0x00307B64,1780
FUN_00307b68,0x00307B68,0x00307BD4,108
FUN_00307bd8,0x00307BD8,0x00307BEC,20
FUN_00307c30,0x00307C30,0x00307C40,16
FUN_00307c90,0x00307C90,0x00307CC8,56
FUN_00307cc8,0x00307CC8,0x00307DCC,260
FUN_00307fe8,0x00307FE8,0x00308010,40
FUN_00308010,0x00308010,0x00308668,1624
FUN_00308668,0x00308668,0x00309180,2836
FUN_00309180,0x00309180,0x00309CD0,2896
FUN_00309d10,0x00309D10,0x00309D30,32
FUN_00309d30,0x00309D30,0x00309D70,64
FUN_00309d70,0x00309D70,0x00309DA8,56
FUN_00309da8,0x00309DA8,0x00309DE8,64
FUN_00309de8,0x00309DE8,0x00309F2C,320
FUN_00309f30,0x00309F30,0x0030A0E8,440
FUN_0030a0e8,0x0030A0E8,0x0030A460,888
FUN_0030a460,0x0030A460,0x0030A7A0,828
FUN_0030a7a0,0x0030A7A0,0x0030A950,428
FUN_0030a950,0x0030A950,0x0030AB64,532
FUN_0030ab68,0x0030AB68,0x0030B414,2216
FUN_0030b418,0x0030B418,0x0030B6A0,644
FUN_0030b6a0,0x0030B6A0,0x0030B70C,108
FUN_0030b710,0x0030B710,0x0030B7E8,216
FUN_0030b7e8,0x0030B7E8,0x0030B898,176
FUN_0030b898,0x0030B898,0x0030B9E8,336
FUN_0030b9e8,0x0030B9E8,0x0030BA80,152
FUN_0030ba80,0x0030BA80,0x0030BB94,276
FUN_0030bb98,0x0030BB98,0x0030BC7C,224
FUN_0030bd28,0x0030BD28,0x0030BDA8,124
FUN_0030bda8,0x0030BDA8,0x0030BE94,236
FUN_0030be98,0x0030BE98,0x0030BEB8,32
FUN_0030beb8,0x0030BEB8,0x0030BF24,108
FUN_0030bf28,0x0030BF28,0x0030BFE0,184
FUN_0030bfe0,0x0030BFE0,0x0030C118,312
FUN_0030c118,0x0030C118,0x0030C16C,84
FUN_0030c178,0x0030C178,0x0030C210,152
FUN_0030c210,0x0030C210,0x0030C2F4,224
FUN_0030c2f8,0x0030C2F8,0x0030C318,32
FUN_0030c368,0x0030C368,0x0030C478,268
FUN_0030c478,0x0030C478,0x0030C554,220
FUN_0030c5d0,0x0030C5D0,0x0030C634,100
FUN_0030c638,0x0030C638,0x0030C660,40
FUN_0030c660,0x0030C660,0x0030C83C,476
FUN_0030c840,0x0030C840,0x0030C904,196
FUN_0030c958,0x0030C958,0x0030D06C,1812
FUN_0030d070,0x0030D070,0x0030D2CC,604
FUN_0030d2d0,0x0030D2D0,0x0030D43C,364
FUN_0030d440,0x0030D440,0x0030D660,544
FUN_0030d660,0x0030D660,0x0030D7A0,320
FUN_0030d7a0,0x0030D7A0,0x0030DCE0,1344
FUN_0030dce0,0x0030DCE0,0x0030DE20,320
FUN_0030de20,0x0030DE20,0x0030E098,632
FUN_0030e098,0x0030E098,0x0030E214,380
FUN_0030e218,0x0030E218,0x0030E43C,548
FUN_0030e440,0x0030E440,0x0030E534,244
FUN_0030e538,0x0030E538,0x0030E600,200
FUN_0030e600,0x0030E600,0x0030E6A0,160
FUN_0030e6a0,0x0030E6A0,0x0030E834,404
FUN_0030e838,0x0030E838,0x0030EA24,492
FUN_0030ea28,0x0030EA28,0x0030EAA4,124
FUN_0030ec58,0x0030EC58,0x0030ECE4,140
FUN_0030ed30,0x0030ED30,0x0030ED68,56
FUN_0030ed68,0x0030ED68,0x0030ED94,44
FUN_0030ed98,0x0030ED98,0x0030EE24,140
FUN_0030ee28,0x0030EE28,0x0030EE60,56
FUN_0030ee70,0x0030EE70,0x0030EEB0,64
FUN_0030eeb0,0x0030EEB0,0x0030EF6C,188
FUN_0030ef70,0x0030EF70,0x0030F0AC,316
FUN_0030f0c0,0x0030F0C0,0x0030F104,68
FUN_0030f108,0x0030F108,0x0030F120,24
FUN_0030f140,0x0030F140,0x0030F1B4,116
FUN_0030f1b8,0x0030F1B8,0x0030F208,80
FUN_0030f208,0x0030F208,0x0030F270,104
FUN_0030f270,0x0030F270,0x0030F424,436
FUN_0030f428,0x0030F428,0x0030F47C,84
FUN_0030f480,0x0030F480,0x0030F620,416
FUN_0030f620,0x0030F620,0x0030F648,40
FUN_0030f648,0x0030F648,0x0030F670,40
FUN_0030f670,0x0030F670,0x0030F780,272
FUN_0030f780,0x0030F780,0x0030F894,276
FUN_0030f898,0x0030F898,0x0030F8EC,84
FUN_0030f8f0,0x0030F8F0,0x0030F910,32
FUN_0030f910,0x0030F910,0x0030F964,84
FUN_0030f968,0x0030F968,0x0030F9C0,88
FUN_0030f9c0,0x0030F9C0,0x0030FA38,120
FUN_0030fa38,0x0030FA38,0x0030FA90,88
FUN_0030fa90,0x0030FA90,0x0030FAEC,92
FUN_0030faf8,0x0030FAF8,0x0030FD20,552
FUN_0030fd20,0x0030FD20,0x0030FE90,368
FUN_0030fe90,0x0030FE90,0x0031003C,428
FUN_00310040,0x00310040,0x003100AC,108
FUN_003100b0,0x003100B0,0x00310174,196
FUN_003101f8,0x003101F8,0x00310340,328
FUN_00310340,0x00310340,0x00310390,80
FUN_00310390,0x00310390,0x003103F0,96
FUN_00310440,0x00310440,0x00310558,280
FUN_00310558,0x00310558,0x00310794,572
FUN_00310798,0x00310798,0x00310A44,684
FUN_00310a48,0x00310A48,0x00311710,3272
FUN_00311710,0x00311710,0x00311850,320
FUN_00311850,0x00311850,0x003118A0,80
FUN_003118a0,0x003118A0,0x003118D0,48
FUN_003118d0,0x003118D0,0x0031192C,92
FUN_00311930,0x00311930,0x00311940,16
FUN_00311940,0x00311940,0x00311A24,228
FUN_00311a28,0x00311A28,0x00311AEC,196
FUN_00311af0,0x00311AF0,0x00311B40,80
FUN_00311b40,0x00311B40,0x00311B74,52
FUN_00311bd0,0x00311BD0,0x00311CC8,248
FUN_00311cd0,0x00311CD0,0x00311CFC,44
FUN_00311d18,0x00311D18,0x00311E4C,308
FUN_00311e50,0x00311E50,0x00311F1C,204
FUN_00311f20,0x00311F20,0x00311F44,36
FUN_00311f48,0x00311F48,0x00312020,216
FUN_00312020,0x00312020,0x003120E0,192
FUN_003120e0,0x003120E0,0x003121A0,192
FUN_003121a0,0x003121A0,0x003121B0,16
FUN_003121b0,0x003121B0,0x00312264,180
FUN_00312268,0x00312268,0x003122EC,132
FUN_003122f0,0x003122F0,0x00312420,304
FUN_00312420,0x00312420,0x00312660,572
FUN_00312660,0x00312660,0x003128C0,604
FUN_003128c0,0x003128C0,0x003129E8,296
FUN_003129e8,0x003129E8,0x00312C10,552
FUN_00312c10,0x00312C10,0x003134DC,2248
FUN_003134e0,0x003134E0,0x00313710,560
FUN_00313710,0x00313710,0x00313900,496
FUN_00313900,0x00313900,0x00313AD4,468
FUN_00313ad8,0x00313AD8,0x00313B44,108
FUN_00313b48,0x00313B48,0x00313C6C,292
FUN_00313c70,0x00313C70,0x00313CA0,48
FUN_00313ca0,0x00313CA0,0x00313CE8,72
FUN_00313ce8,0x00313CE8,0x00313D28,64
FUN_00313d28,0x00313D28,0x00313DE4,188
FUN_00313de8,0x00313DE8,0x00313EE8,256
FUN_00313ee8,0x00313EE8,0x00313F90,168
FUN_00313f90,0x00313F90,0x0031402C,156
FUN_00314030,0x00314030,0x003140FC,204
FUN_00314100,0x00314100,0x00314268,360
FUN_00314268,0x00314268,0x003143A0,312
FUN_003143a0,0x003143A0,0x003143F0,80
FUN_003143f0,0x003143F0,0x003144C0,208
FUN_003144c0,0x003144C0,0x00314578,184
FUN_00314580,0x00314580,0x00314630,176
FUN_00314630,0x00314630,0x00314788,344
FUN_00314788,0x00314788,0x003148D0,328
FUN_003148d0,0x003148D0,0x00314924,84
FUN_00314928,0x00314928,0x003149A0,120
FUN_003149a0,0x003149A0,0x00314A14,116
FUN_00314a18,0x00314A18,0x00314A78,96
FUN_00314a78,0x00314A78,0x00314B1C,164
FUN_00314b20,0x00314B20,0x00314B40,32
FUN_00314b80,0x00314B80,0x00314C0C,140
FUN_00314c10,0x00314C10,0x00314C38,40
FUN_00314c38,0x00314C38,0x00314D0C,212
FUN_00314d10,0x00314D10,0x00314DE4,212
FUN_00314de8,0x00314DE8,0x003150E8,768
FUN_003150e8,0x003150E8,0x003151F8,272
FUN_003151f8,0x003151F8,0x003153A4,428
FUN_003153a8,0x003153A8,0x0031546C,196
FUN_00315470,0x00315470,0x0031551C,172
FUN_00315548,0x00315548,0x003155C4,124
FUN_003155c8,0x003155C8,0x003157DC,532
FUN_003157e0,0x003157E0,0x003158EC,268
FUN_003158f0,0x003158F0,0x00315B5C,620
FUN_00315b60,0x00315B60,0x00315DB4,596
FUN_00315fb8,0x00315FB8,0x00315FC4,12
FUN_00316058,0x00316058,0x00316140,232
FUN_003161f0,0x003161F0,0x0031628C,156
FUN_00316290,0x00316290,0x003163A0,272
FUN_003163a0,0x003163A0,0x003164F8,344
FUN_003164f8,0x003164F8,0x00316740,584
FUN_00316740,0x00316740,0x0031684C,268
FUN_00316850,0x00316850,0x00316A20,464
FUN_00316a20,0x00316A20,0x00316B1C,252
FUN_00316b20,0x00316B20,0x00316D44,548
FUN_00316d48,0x00316D48,0x00316F24,476
FUN_00316f28,0x00316F28,0x00316F58,48
FUN_00316f58,0x00316F58,0x003170B0,344
FUN_003170b0,0x003170B0,0x003170EC,60
FUN_003170f0,0x003170F0,0x0031713C,76
FUN_00317140,0x00317140,0x003171A0,96
FUN_00317250,0x00317250,0x00317278,40
FUN_00317278,0x00317278,0x00317518,672
FUN_00317518,0x00317518,0x0031757C,100
FUN_00317590,0x00317590,0x00318420,3728
FUN_00318420,0x00318420,0x0031856C,332
FUN_00318570,0x00318570,0x0031858C,28
FUN_00318590,0x00318590,0x003185C8,56
FUN_003185c8,0x003185C8,0x00318600,56
FUN_00318600,0x00318600,0x00318698,152
FUN_00318698,0x00318698,0x00318774,220
FUN_00318778,0x00318778,0x00318848,208
FUN_00318848,0x00318848,0x003188E0,152
FUN_003188e0,0x003188E0,0x00318978,152
FUN_00318978,0x00318978,0x00318A04,140
FUN_00318a50,0x00318A50,0x00318A60,16
FUN_00318a60,0x00318A60,0x00318A98,56
FUN_00318a98,0x00318A98,0x00318AE4,76
FUN_00318b08,0x00318B08,0x00318D44,568
FUN_00318d48,0x00318D48,0x00318DE8,160
FUN_00318de8,0x00318DE8,0x00318E7C,148
FUN_00318e90,0x00318E90,0x00318FDC,332
FUN_00318ff0,0x00318FF0,0x003191C8,472
FUN_003191c8,0x003191C8,0x003191F0,40
FUN_003191f0,0x003191F0,0x00319388,408
FUN_00319388,0x00319388,0x003195F4,620
FUN_003195f8,0x003195F8,0x003199E0,984
FUN_003199e0,0x003199E0,0x00319C60,636
FUN_00319c60,0x00319C60,0x00319E30,464
FUN_00319e30,0x00319E30,0x0031A728,2272
FUN_0031a728,0x0031A728,0x0031AA14,744
FUN_0031aa18,0x0031AA18,0x0031AE78,1120
FUN_0031ae78,0x0031AE78,0x0031B1D0,856
FUN_0031b1d0,0x0031B1D0,0x0031B4C8,760
FUN_0031b4c8,0x0031B4C8,0x0031B534,108
FUN_0031b538,0x0031B538,0x0031B544,12
FUN_0031b548,0x0031B548,0x0031B554,12
FUN_0031b558,0x0031B558,0x0031B564,12
FUN_0031b5e0,0x0031B5E0,0x0031B638,88
FUN_0031b6a8,0x0031B6A8,0x0031B7E0,312
FUN_0031b7e0,0x0031B7E0,0x0031B804,36
FUN_0031b808,0x0031B808,0x0031B8FC,244
FUN_0031b900,0x0031B900,0x0031B9F0,240
FUN_0031b9f0,0x0031B9F0,0x0031BAF8,264
FUN_0031baf8,0x0031BAF8,0x0031BB18,32
FUN_0031bb18,0x0031BB18,0x0031BC50,312
FUN_0031bcd0,0x0031BCD0,0x0031BD14,68
FUN_0031bd18,0x0031BD18,0x0031BD7C,100
FUN_0031bd80,0x0031BD80,0x0031BDC4,68
FUN_0031bdc8,0x0031BDC8,0x0031BF5C,404
FUN_0031bfe8,0x0031BFE8,0x0031C05C,116
FUN_0031c0b8,0x0031C0B8,0x0031C108,80
FUN_0031c108,0x0031C108,0x0031C180,120
FUN_0031c180,0x0031C180,0x0031C19C,28
FUN_0031c1a0,0x0031C1A0,0x0031C248,168
FUN_0031c248,0x0031C248,0x0031C328,224
FUN_0031c328,0x0031C328,0x0031C494,364
FUN_0031c498,0x0031C498,0x0031C604,364
FUN_0031c608,0x0031C608,0x0031C668,96
FUN_0031c668,0x0031C668,0x0031C6D4,108
FUN_0031c710,0x0031C710,0x0031C738,40
FUN_0031c738,0x0031C738,0x0031CBF8,1216
FUN_0031cd38,0x0031CD38,0x0031CF58,544
FUN_0031cf58,0x0031CF58,0x0031CFB4,92
FUN_0031cfb8,0x0031CFB8,0x0031D4E8,1328
FUN_0031d4e8,0x0031D4E8,0x0031D7C4,732
FUN_0031d7c8,0x0031D7C8,0x0031D910,328
FUN_0031d910,0x0031D910,0x0031D974,100
FUN_0031d978,0x0031D978,0x0031D984,12
FUN_0031dae0,0x0031DAE0,0x0031DAEC,12
FUN_0031daf0,0x0031DAF0,0x0031DBE0,240
FUN_0031dbe0,0x0031DBE0,0x0031DCB8,216
FUN_0031dcb8,0x0031DCB8,0x0031DD2C,116
FUN_0031dd98,0x0031DD98,0x0031DE34,156
FUN_0031de38,0x0031DE38,0x0031E144,780
FUN_0031e148,0x0031E148,0x0031E1D0,136
FUN_0031e1d0,0x0031E1D0,0x0031E224,84
FUN_0031e228,0x0031E228,0x0031E250,40
FUN_0031e250,0x0031E250,0x0031E41C,460
FUN_0031e420,0x0031E420,0x0031E644,548
FUN_0031e648,0x0031E648,0x0031E7B0,360
FUN_0031e7b0,0x0031E7B0,0x0031E984,468
FUN_0031e988,0x0031E988,0x0031EAE0,344
FUN_0031eae0,0x0031EAE0,0x0031ECAC,460
FUN_0031ecb0,0x0031ECB0,0x0031EE08,344
FUN_0031ee08,0x0031EE08,0x0031EF08,256
FUN_0031ef08,0x0031EF08,0x0031F0BC,436
FUN_0031f0c0,0x0031F0C0,0x0031F178,184
FUN_0031f178,0x0031F178,0x0031F198,32
FUN_0031f2a0,0x0031F2A0,0x0031F344,164
FUN_0031f348,0x0031F348,0x0031F380,56
FUN_0031f380,0x0031F380,0x0031F3C8,72
FUN_0031f410,0x0031F410,0x0031F498,136
FUN_0031f4c8,0x0031F4C8,0x0031F528,96
FUN_0031f528,0x0031F528,0x0031F578,80
FUN_0031f578,0x0031F578,0x0031F614,156
FUN_0031f618,0x0031F618,0x0031F638,32
FUN_0031f638,0x0031F638,0x0031F684,76
FUN_0031f688,0x0031F688,0x0031F6B4,44
FUN_0031f708,0x0031F708,0x0031F7CC,196
FUN_0031f900,0x0031F900,0x0031FA1C,284
FUN_0031fa20,0x0031FA20,0x0031FB3C,284
FUN_0031fce0,0x0031FCE0,0x0031FD80,160
FUN_0031fd80,0x0031FD80,0x0031FE30,176
FUN_0031fe30,0x0031FE30,0x0031FEE0,176
FUN_0031fee0,0x0031FEE0,0x0031FF94,180
FUN_0031ff98,0x0031FF98,0x0031FFE4,76
FUN_0031ffe8,0x0031FFE8,0x0032003C,84
FUN_00320040,0x00320040,0x0032006C,44
FUN_00320070,0x00320070,0x00320128,184
FUN_00320128,0x00320128,0x003201E4,188
FUN_003201e8,0x003201E8,0x0032027C,148
FUN_00320280,0x00320280,0x00320290,16
FUN_00320290,0x00320290,0x003202CC,60
FUN_003202d0,0x003202D0,0x00320300,48
FUN_00320300,0x00320300,0x00320328,40
FUN_00320328,0x00320328,0x003205E0,696
FUN_003205e0,0x003205E0,0x0032073C,348
FUN_00320740,0x00320740,0x003209A0,608
FUN_003209a0,0x003209A0,0x00320E58,1208
FUN_00320e58,0x00320E58,0x003212C4,1132
FUN_003212c8,0x003212C8,0x0032131C,84
FUN_00321368,0x00321368,0x003213B8,80
FUN_003213b8,0x003213B8,0x00321588,464
FUN_00321588,0x00321588,0x003215C0,56
FUN_003215c0,0x003215C0,0x00321658,152
FUN_00321678,0x00321678,0x0032171C,164
FUN_00321720,0x00321720,0x00321734,20
FUN_00321738,0x00321738,0x00321860,296
FUN_00321860,0x00321860,0x00321998,312
FUN_00321998,0x00321998,0x003219CC,52
FUN_003219f0,0x003219F0,0x00321B0C,284
FUN_00321b10,0x00321B10,0x00321BC4,180
FUN_00321bc8,0x00321BC8,0x00321C00,56
FUN_00321c00,0x00321C00,0x00322000,1024
FUN_00322000,0x00322000,0x00322048,72
FUN_00322048,0x00322048,0x00322078,48
FUN_00322080,0x00322080,0x00322088,8
FUN_00322088,0x00322088,0x00322170,232
FUN_00322170,0x00322170,0x00322404,660
FUN_00322408,0x00322408,0x003225A4,412
FUN_003225a8,0x003225A8,0x003225E8,64
FUN_00322710,0x00322710,0x003227C4,180
FUN_003227c8,0x003227C8,0x003228F4,300
FUN_003228f8,0x003228F8,0x0032293C,68
FUN_00322940,0x00322940,0x0032299C,92
FUN_003229a0,0x003229A0,0x003229C4,36
FUN_003229c8,0x003229C8,0x00322AAC,228
FUN_00322ab0,0x00322AB0,0x00322ACC,28
FUN_00322ad0,0x00322AD0,0x00322B00,48
FUN_00322b00,0x00322B00,0x00322B4C,76
FUN_00322b50,0x00322B50,0x00322BF8,168
FUN_00322bf8,0x00322BF8,0x00322C1C,36
FUN_00322c20,0x00322C20,0x00322C50,48
FUN_00322c78,0x00322C78,0x00322E98,544
FUN_00322e98,0x00322E98,0x003230C0,552
FUN_003230c0,0x003230C0,0x003231D0,272
FUN_003231d0,0x003231D0,0x00323240,112
FUN_00323240,0x00323240,0x003232E0,160
FUN_003232e0,0x003232E0,0x00323338,88
FUN_00323338,0x00323338,0x00323420,232
FUN_00323420,0x00323420,0x0032351C,252
FUN_00323520,0x00323520,0x00323554,52
FUN_00323558,0x00323558,0x00323674,284
FUN_00323678,0x00323678,0x003236D4,92
FUN_003236d8,0x003236D8,0x003236E0,8
FUN_00323720,0x00323720,0x0032376C,76
FUN_00323770,0x00323770,0x0032379C,44
FUN_003237a0,0x003237A0,0x003237B0,16
FUN_003237b0,0x003237B0,0x003237C4,20
FUN_003237c8,0x003237C8,0x00323860,152
FUN_00323860,0x00323860,0x003238CC,108
FUN_003238d0,0x003238D0,0x003238FC,44
FUN_00323900,0x00323900,0x00323930,48
FUN_00323930,0x00323930,0x003239A4,116
FUN_003239a8,0x003239A8,0x00323A18,112
FUN_00323a18,0x00323A18,0x00323AA0,136
FUN_00323aa0,0x00323AA0,0x00323B68,200
FUN_00323b68,0x00323B68,0x00323BB0,72
FUN_00323bb0,0x00323BB0,0x00323BF8,72
FUN_00323bf8,0x00323BF8,0x00323C40,72
FUN_00323c40,0x00323C40,0x00323CA4,100
FUN_00323ca8,0x00323CA8,0x00323D0C,100
FUN_00323d10,0x00323D10,0x00323D74,100
FUN_00323ea0,0x00323EA0,0x00323F68,200
FUN_00323f68,0x00323F68,0x00323F80,24
FUN_00323f80,0x00323F80,0x00323F98,24
FUN_00323f98,0x00323F98,0x00323FF8,96
FUN_00323ff8,0x00323FF8,0x00324044,76
FUN_00324048,0x00324048,0x00324064,28
FUN_00324068,0x00324068,0x00324080,24
FUN_00324080,0x00324080,0x00324094,20
FUN_00324098,0x00324098,0x00324198,256
FUN_00324198,0x00324198,0x003242A8,272
FUN_003242a8,0x003242A8,0x0032431C,116
FUN_00324320,0x00324320,0x00324420,256
FUN_00324420,0x00324420,0x00324468,72
FUN_00324468,0x00324468,0x003244EC,132
FUN_00324568,0x00324568,0x00324590,40
FUN_00324590,0x00324590,0x003245E8,88
FUN_003245e8,0x003245E8,0x003246CC,228
FUN_003246d0,0x003246D0,0x003247A4,212
FUN_003247a8,0x003247A8,0x0032493C,404
FUN_00324940,0x00324940,0x00324998,88
FUN_00324998,0x00324998,0x003249DC,68
FUN_003249e0,0x003249E0,0x00324A28,72
FUN_00324a28,0x00324A28,0x00324A3C,20
FUN_00324a40,0x00324A40,0x00324B34,244
FUN_00324b38,0x00324B38,0x00324C48,272
FUN_00324c48,0x00324C48,0x00324D40,248
FUN_00324d40,0x00324D40,0x00324D80,64
FUN_00324d98,0x00324D98,0x00324DC0,40
FUN_00324dc0,0x00324DC0,0x00324E10,80
FUN_00324e10,0x00324E10,0x00324E90,128
FUN_00324eb0,0x00324EB0,0x00325094,484
FUN_003250a8,0x003250A8,0x00325180,216
FUN_00325180,0x00325180,0x003251F8,120
FUN_003251f8,0x003251F8,0x00325220,40
FUN_00325220,0x00325220,0x0032527C,92
FUN_00325280,0x00325280,0x00325344,196
FUN_00325348,0x00325348,0x003253B4,108
FUN_003253b8,0x003253B8,0x003253EC,52
FUN_003253f0,0x003253F0,0x00325468,120
FUN_00325468,0x00325468,0x00325550,232
FUN_00325550,0x00325550,0x00325648,248
FUN_00325648,0x00325648,0x003256D4,140
FUN_003256d8,0x003256D8,0x0032571C,68
FUN_00325720,0x00325720,0x00325760,64
FUN_00325760,0x00325760,0x0032578C,44
FUN_00325790,0x00325790,0x003257D0,64
FUN_003257d0,0x003257D0,0x0032588C,188
FUN_00325890,0x00325890,0x00325920,144
FUN_00325920,0x00325920,0x003259F8,216
FUN_003259f8,0x003259F8,0x00325A4C,84
FUN_00325a50,0x00325A50,0x00325ADC,140
FUN_00325ae0,0x00325AE0,0x00325B94,180
FUN_00325b98,0x00325B98,0x00325BC0,40
FUN_00325bc0,0x00325BC0,0x00325BCC,12
FUN_00325bd0,0x00325BD0,0x00325C50,128
FUN_00325c50,0x00325C50,0x00325CC8,120
FUN_00325cc8,0x00325CC8,0x00325D28,96
FUN_00325d28,0x00325D28,0x00325D98,112
FUN_00325dc8,0x00325DC8,0x00325DD8,16
FUN_00325dd8,0x00325DD8,0x00325E50,120
FUN_00325e50,0x00325E50,0x00325E78,40
FUN_00325ed8,0x00325ED8,0x00325F00,40
FUN_00325f00,0x00325F00,0x00325F0C,12
FUN_00325f10,0x00325F10,0x00325F24,20
FUN_00325f28,0x00325F28,0x00325F54,44
FUN_00325f58,0x00325F58,0x00325F88,48
FUN_00325fc8,0x00325FC8,0x00326038,112
FUN_00326038,0x00326038,0x00326070,56
FUN_00326090,0x00326090,0x00326118,136
FUN_00326118,0x00326118,0x00326140,40
FUN_00326140,0x00326140,0x0032614C,12
FUN_00326150,0x00326150,0x00326184,52
FUN_00326188,0x00326188,0x003261B4,44
FUN_003261b8,0x003261B8,0x003261D8,32
FUN_003261d8,0x003261D8,0x003261FC,36
FUN_00326200,0x00326200,0x00326314,276
FUN_00326318,0x00326318,0x003264CC,436
FUN_003264d0,0x003264D0,0x00326680,432
FUN_00326690,0x00326690,0x003266CC,60
FUN_003266d0,0x003266D0,0x00326710,64
FUN_00326710,0x00326710,0x00326748,56
FUN_00326748,0x00326748,0x0032676C,36
FUN_00326770,0x00326770,0x003267C8,88
FUN_003267c8,0x003267C8,0x003268EC,292
FUN_003268f0,0x003268F0,0x00326BBC,716
FUN_00326bc0,0x00326BC0,0x003272F8,1848
FUN_003272f8,0x003272F8,0x00327494,412
FUN_00327498,0x00327498,0x0032771C,644
FUN_00327720,0x00327720,0x0032786C,332
FUN_00327870,0x00327870,0x003278C0,80
FUN_003278c0,0x003278C0,0x00327910,80
FUN_00327910,0x00327910,0x00327940,48
FUN_00327940,0x00327940,0x0032794C,12
FUN_00327ba0,0x00327BA0,0x00327C00,96
FUN_00327c58,0x00327C58,0x00327CAC,84
FUN_00327cb0,0x00327CB0,0x00327CE8,56
FUN_00327ce8,0x00327CE8,0x00327D54,108
FUN_00327d88,0x00327D88,0x00327DB0,40
FUN_00327db0,0x00327DB0,0x00327DE0,48
FUN_00327df0,0x00327DF0,0x00327E28,56
FUN_00327e38,0x00327E38,0x00327E88,80
FUN_00327e98,0x00327E98,0x00327ED0,56
FUN_00327ed0,0x00327ED0,0x00327EF8,40
FUN_00328000,0x00328000,0x0032811C,284
FUN_00328120,0x00328120,0x00328274,340
FUN_00328278,0x00328278,0x00328370,248
FUN_00328370,0x00328370,0x0032865C,748
FUN_00328660,0x00328660,0x003287B0,336
FUN_003287b0,0x003287B0,0x00328A10,608
FUN_00328a10,0x00328A10,0x00328DF4,996
FUN_00328df8,0x00328DF8,0x00329064,620
FUN_00329068,0x00329068,0x00329190,296
FUN_00329190,0x00329190,0x003294DC,844
FUN_003294e0,0x003294E0,0x003296E8,520
FUN_003296e8,0x003296E8,0x00329970,648
FUN_00329970,0x00329970,0x00329AC0,336
FUN_00329ac0,0x00329AC0,0x00329C08,328
FUN_00329c08,0x00329C08,0x00329C6C,100
FUN_00329c70,0x00329C70,0x00329CE8,120
FUN_00329ce8,0x00329CE8,0x00329D10,40
FUN_00329d10,0x00329D10,0x00329D98,136
FUN_00329d98,0x00329D98,0x00329ED8,320
FUN_00329ed8,0x00329ED8,0x0032A080,424
FUN_0032a080,0x0032A080,0x0032A0B8,56
FUN_0032a0b8,0x0032A0B8,0x0032A118,96
FUN_0032a118,0x0032A118,0x0032A174,92
FUN_0032a178,0x0032A178,0x0032A240,200
FUN_0032a240,0x0032A240,0x0032A298,88
FUN_0032a298,0x0032A298,0x0032A2D0,56
FUN_0032a2d0,0x0032A2D0,0x0032A320,80
FUN_0032a398,0x0032A398,0x0032A4B8,288
FUN_0032a4b8,0x0032A4B8,0x0032A534,124
FUN_0032a538,0x0032A538,0x0032A5AC,116
FUN_0032a5b0,0x0032A5B0,0x0032A5F0,64
FUN_0032a5f0,0x0032A5F0,0x0032A61C,44
FUN_0032a620,0x0032A620,0x0032A670,80
FUN_0032a670,0x0032A670,0x0032A6D8,104
FUN_0032a6d8,0x0032A6D8,0x0032A76C,148
FUN_0032a770,0x0032A770,0x0032A7E0,112
FUN_0032a850,0x0032A850,0x0032A900,176
FUN_0032a900,0x0032A900,0x0032AAC4,452
FUN_0032aac8,0x0032AAC8,0x0032ABFC,308
FUN_0032ac00,0x0032AC00,0x0032AC94,148
FUN_0032ac98,0x0032AC98,0x0032AD84,236
FUN_0032ad88,0x0032AD88,0x0032AE74,236
FUN_0032ae78,0x0032AE78,0x0032AEC8,80
FUN_0032aec8,0x0032AEC8,0x0032AF5C,148
FUN_0032af60,0x0032AF60,0x0032B11C,444
FUN_0032b120,0x0032B120,0x0032B1B0,144
FUN_0032b1b0,0x0032B1B0,0x0032B1D4,36
FUN_0032b4e8,0x0032B4E8,0x0032B5BC,212
FUN_0032b5c0,0x0032B5C0,0x0032B620,96
FUN_0032b690,0x0032B690,0x0032B7AC,284
FUN_0032b7b0,0x0032B7B0,0x0032B7E8,56
FUN_0032b7e8,0x0032B7E8,0x0032B828,64
FUN_0032b828,0x0032B828,0x0032B9C8,376
FUN_0032b9c8,0x0032B9C8,0x0032BBB8,496
FUN_0032bbb8,0x0032BBB8,0x0032BC28,112
FUN_0032bc28,0x0032BC28,0x0032BD94,364
FUN_0032bd98,0x0032BD98,0x0032BE50,184
FUN_0032be50,0x0032BE50,0x0032BEB8,104
FUN_0032beb8,0x0032BEB8,0x0032C0C4,484
FUN_0032c0c8,0x0032C0C8,0x0032C110,72
FUN_0032c110,0x0032C110,0x0032C158,72
FUN_0032c158,0x0032C158,0x0032C1B0,88
FUN_0032c1b0,0x0032C1B0,0x0032C204,84
FUN_0032c208,0x0032C208,0x0032C278,112
FUN_0032c278,0x0032C278,0x0032C2D4,92
FUN_0032c2d8,0x0032C2D8,0x0032C340,104
FUN_0032c340,0x0032C340,0x0032C3D4,148
FUN_0032c3d8,0x0032C3D8,0x0032C480,168
FUN_0032c480,0x0032C480,0x0032C7F0,880
FUN_0032c7f0,0x0032C7F0,0x0032C848,88
FUN_0032c848,0x0032C848,0x0032C8A0,88
FUN_0032c8a0,0x0032C8A0,0x0032C8F8,88
FUN_0032c8f8,0x0032C8F8,0x0032C9C8,208
FUN_0032c9c8,0x0032C9C8,0x0032CA94,204
FUN_0032ca98,0x0032CA98,0x0032CB64,204
FUN_0032cb68,0x0032CB68,0x0032CB80,24
FUN_0032cb98,0x0032CB98,0x0032CC08,112
FUN_0032cc08,0x0032CC08,0x0032CC5C,84
FUN_0032cc60,0x0032CC60,0x0032CC9C,60
FUN_0032ccc8,0x0032CCC8,0x0032CD08,64
FUN_0032cd08,0x0032CD08,0x0032CD48,64
FUN_0032cd48,0x0032CD48,0x0032CD90,72
FUN_0032cd90,0x0032CD90,0x0032CE4C,188
FUN_0032ce50,0x0032CE50,0x0032CF14,196
FUN_0032cf18,0x0032CF18,0x0032D024,268
FUN_0032d028,0x0032D028,0x0032D0FC,212
FUN_0032d100,0x0032D100,0x0032D128,40
FUN_0032d128,0x0032D128,0x0032D140,24
FUN_0032d140,0x0032D140,0x0032D1A4,100
FUN_0032d1a8,0x0032D1A8,0x0032D2F0,328
FUN_0032d330,0x0032D330,0x0032D390,96
FUN_0032d3b0,0x0032D3B0,0x0032D3EC,60
FUN_0032d3f0,0x0032D3F0,0x0032D470,128
FUN_0032d470,0x0032D470,0x0032D554,228
FUN_0032d558,0x0032D558,0x0032D938,944
FUN_0032d938,0x0032D938,0x0032DBF0,696
FUN_0032dbf0,0x0032DBF0,0x0032DBFC,12
FUN_0032dc00,0x0032DC00,0x0032DC2C,44
FUN_0032dc30,0x0032DC30,0x0032DCE0,128
FUN_0032dce0,0x0032DCE0,0x0032DD90,128
FUN_0032dd90,0x0032DD90,0x0032DE40,128
FUN_0032de40,0x0032DE40,0x0032DEF0,128
FUN_0032def0,0x0032DEF0,0x0032DFCC,220
FUN_0032dfd0,0x0032DFD0,0x0032E018,72
FUN_0032e018,0x0032E018,0x0032E060,72
FUN_0032e060,0x0032E060,0x0032E150,240
FUN_0032e150,0x0032E150,0x0032E178,40
FUN_0032e178,0x0032E178,0x0032E1F4,124
FUN_0032e1f8,0x0032E1F8,0x0032E2EC,244
FUN_0032e2f0,0x0032E2F0,0x0032E3F8,264
FUN_0032e3f8,0x0032E3F8,0x0032E4B8,192
FUN_0032e4b8,0x0032E4B8,0x0032E670,440
FUN_0032e6f0,0x0032E6F0,0x0032E838,320
FUN_0032e838,0x0032E838,0x0032E96C,308
FUN_0032e970,0x0032E970,0x0032E9C8,88
FUN_0032e9c8,0x0032E9C8,0x0032EA00,56
FUN_0032ea08,0x0032EA08,0x0032EC24,540
FUN_0032ec28,0x0032EC28,0x0032EFB0,904
FUN_0032efb0,0x0032EFB0,0x0032F2AC,664
FUN_0032f2b0,0x0032F2B0,0x0032F368,184
FUN_0032f368,0x0032F368,0x0032F58C,544
FUN_0032f590,0x0032F590,0x0032F7E8,476
FUN_0032f7e8,0x0032F7E8,0x0032FA24,568
FUN_0032fa28,0x0032FA28,0x0032FA68,64
FUN_0032fa68,0x0032FA68,0x0032FAB8,80
FUN_0032fab8,0x0032FAB8,0x0032FAE0,40
FUN_0032fae0,0x0032FAE0,0x0032FB28,72
FUN_0032fb28,0x0032FB28,0x0032FBE0,184
FUN_0032fbe0,0x0032FBE0,0x0032FD04,292
FUN_0032fd08,0x0032FD08,0x0032FE04,248
FUN_0032fe08,0x0032FE08,0x0032FE30,40
FUN_0032fe30,0x0032FE30,0x00330060,560
FUN_00330060,0x00330060,0x003300D4,116
FUN_003300d8,0x003300D8,0x00330134,92
FUN_00330138,0x00330138,0x0033088C,1876
FUN_00330890,0x00330890,0x00330BEC,820
FUN_00330bf0,0x00330BF0,0x00330D30,320
FUN_00330d30,0x00330D30,0x00331414,1464
FUN_00331418,0x00331418,0x00331754,828
FUN_00331758,0x00331758,0x00331BDC,1156
FUN_00331be0,0x00331BE0,0x00331F34,852
FUN_00331f38,0x00331F38,0x00332090,340
FUN_00332090,0x00332090,0x003342E8,7636
FUN_003342e8,0x003342E8,0x0033435C,116
FUN_00334360,0x00334360,0x00334520,380
FUN_00334520,0x00334520,0x003347F8,628
FUN_003347f8,0x003347F8,0x00334B4C,716
FUN_00334b50,0x00334B50,0x00334E14,572
FUN_00334e18,0x00334E18,0x003364A8,5620
FUN_003364a8,0x003364A8,0x00336E44,2456
FUN_00336e48,0x00336E48,0x00336FE8,412
FUN_00336fe8,0x00336FE8,0x003371A0,440
FUN_003371a0,0x003371A0,0x00337444,672
FUN_00337448,0x00337448,0x00337530,228
FUN_00337530,0x00337530,0x0033761C,236
FUN_00337620,0x00337620,0x003376F8,216
FUN_003376f8,0x003376F8,0x003377E0,232
FUN_003377e0,0x003377E0,0x00337BE4,1028
FUN_00337be8,0x00337BE8,0x00337CF4,268
FUN_00337cf8,0x00337CF8,0x00337EA4,428
FUN_00337ea8,0x00337EA8,0x00338138,656
FUN_00338138,0x00338138,0x00338748,1552
FUN_00338748,0x00338748,0x003387CC,132
FUN_003387d0,0x003387D0,0x00338AD8,776
FUN_00338ad8,0x00338AD8,0x00338AEC,20
FUN_00338af0,0x00338AF0,0x00338BC4,212
FUN_00338bc8,0x00338BC8,0x00338D14,332
FUN_00338d18,0x00338D18,0x00338E9C,360
FUN_00338ea0,0x00338EA0,0x00338F9C,252
FUN_00338fa0,0x00338FA0,0x003392AC,780
FUN_003392b0,0x003392B0,0x003393FC,332
FUN_00339400,0x00339400,0x003394FC,252
FUN_00339500,0x00339500,0x00339624,200
FUN_00339628,0x00339628,0x00339788,352
FUN_00339820,0x00339820,0x00339A54,564
FUN_00339a58,0x00339A58,0x00339F1C,964
FUN_00339f20,0x00339F20,0x0033A1A0,640
FUN_0033a1a0,0x0033A1A0,0x0033A2D0,304
FUN_0033a2d0,0x0033A2D0,0x0033A3A4,132
FUN_0033a3a8,0x0033A3A8,0x0033A43C,148
FUN_0033a440,0x0033A440,0x0033A49C,92
FUN_0033a4a0,0x0033A4A0,0x0033A4C0,32
FUN_0033a4c0,0x0033A4C0,0x0033A510,80
FUN_0033a510,0x0033A510,0x0033A548,56
FUN_0033a548,0x0033A548,0x0033A5B4,108
FUN_0033a5b8,0x0033A5B8,0x0033A5D8,32
FUN_0033a600,0x0033A600,0x0033A674,116
FUN_0033a788,0x0033A788,0x0033A81C,148
FUN_0033a858,0x0033A858,0x0033A944,236
FUN_0033a948,0x0033A948,0x0033A9D8,144
FUN_0033a9d8,0x0033A9D8,0x0033AA00,40
FUN_0033aa00,0x0033AA00,0x0033AA70,112
FUN_0033aa70,0x0033AA70,0x0033AAC0,80
FUN_0033aac0,0x0033AAC0,0x0033AB2C,108
FUN_0033ab68,0x0033AB68,0x0033ABE4,124
FUN_0033ac18,0x0033AC18,0x0033AC50,56
FUN_0033acb0,0x0033ACB0,0x0033ACF0,64
FUN_0033acf0,0x0033ACF0,0x0033AD2C,60
FUN_0033ad30,0x0033AD30,0x0033ADCC,156
FUN_0033add0,0x0033ADD0,0x0033AE68,152
FUN_0033ae68,0x0033AE68,0x0033AED8,112
FUN_0033afe8,0x0033AFE8,0x0033B038,80
FUN_0033b040,0x0033B040,0x0033B0F4,180
FUN_0033b0f8,0x0033B0F8,0x0033B11C,36
FUN_0033b120,0x0033B120,0x0033B160,64
FUN_0033b160,0x0033B160,0x0033B1D4,116
FUN_0033b1d8,0x0033B1D8,0x0033B26C,148
FUN_0033b270,0x0033B270,0x0033B2EC,124
FUN_0033b2f0,0x0033B2F0,0x0033B370,128
FUN_0033b370,0x0033B370,0x0033B46C,252
FUN_0033b470,0x0033B470,0x0033B488,24
FUN_0033b488,0x0033B488,0x0033B51C,148
FUN_0033b520,0x0033B520,0x0033B594,116
FUN_0033b598,0x0033B598,0x0033B61C,132
FUN_0033b620,0x0033B620,0x0033B670,80
FUN_0033b670,0x0033B670,0x0033B724,180
FUN_0033b728,0x0033B728,0x0033B7CC,164
FUN_0033b7d0,0x0033B7D0,0x0033B840,112
FUN_0033b840,0x0033B840,0x0033B88C,76
FUN_0033b890,0x0033B890,0x0033B938,168
FUN_0033b950,0x0033B950,0x0033BA24,212
FUN_0033ba28,0x0033BA28,0x0033BA5C,52
FUN_0033ba60,0x0033BA60,0x0033BB24,196
FUN_0033bb28,0x0033BB28,0x0033BB64,60
FUN_0033bb68,0x0033BB68,0x0033BC04,156
FUN_0033bc08,0x0033BC08,0x0033BCB4,172
FUN_0033bcb8,0x0033BCB8,0x0033BCD8,32
FUN_0033bcd8,0x0033BCD8,0x0033BCF8,32
FUN_0033bcf8,0x0033BCF8,0x0033BD84,140
FUN_0033bd88,0x0033BD88,0x0033BE0C,132
FUN_0033be10,0x0033BE10,0x0033BEA4,148
FUN_0033bea8,0x0033BEA8,0x0033BEB4,12
FUN_0033bec0,0x0033BEC0,0x0033BF3C,124
FUN_0033bf40,0x0033BF40,0x0033C038,248
FUN_0033c038,0x0033C038,0x0033C134,252
FUN_0033c138,0x0033C138,0x0033C144,12
FUN_0033c148,0x0033C148,0x0033C154,12
FUN_0033c158,0x0033C158,0x0033C23C,228
FUN_0033c240,0x0033C240,0x0033C380,316
FUN_0033c380,0x0033C380,0x0033C3E4,100
FUN_0033c3f8,0x0033C3F8,0x0033C4C0,200
FUN_0033c4c0,0x0033C4C0,0x0033C4CC,12
FUN_0033c4d0,0x0033C4D0,0x0033C578,168
FUN_0033c578,0x0033C578,0x0033C65C,228
FUN_0033c660,0x0033C660,0x0033C6A4,68
FUN_0033c6a8,0x0033C6A8,0x0033C720,120
FUN_0033c720,0x0033C720,0x0033C768,72
FUN_0033c768,0x0033C768,0x0033C7B0,72
FUN_0033c7b0,0x0033C7B0,0x0033C840,144
FUN_0033c840,0x0033C840,0x0033C8E8,128
FUN_0033c8e8,0x0033C8E8,0x0033C974,140
FUN_0033c978,0x0033C978,0x0033C984,12
FUN_0033c988,0x0033C988,0x0033C9B0,40
FUN_0033c9b0,0x0033C9B0,0x0033C9D8,40
FUN_0033c9d8,0x0033C9D8,0x0033CA90,184
FUN_0033ca90,0x0033CA90,0x0033CBA4,276
FUN_0033cba8,0x0033CBA8,0x0033CC04,92
FUN_0033cd18,0x0033CD18,0x0033CD50,56
FUN_0033cd50,0x0033CD50,0x0033CDFC,172
FUN_0033cf10,0x0033CF10,0x0033CF7C,108
FUN_0033cfc0,0x0033CFC0,0x0033D02C,108
FUN_0033d050,0x0033D050,0x0033D474,708
FUN_0033d478,0x0033D478,0x0033D630,440
FUN_0033d630,0x0033D630,0x0033D708,216
FUN_0033d708,0x0033D708,0x0033DEC4,1608
FUN_0033dec8,0x0033DEC8,0x0033E008,320
FUN_0033e008,0x0033E008,0x0033E184,380
FUN_0033e188,0x0033E188,0x0033EA54,2032
FUN_0033ea58,0x0033EA58,0x0033EC08,432
FUN_0033ec08,0x0033EC08,0x0033EC34,44
FUN_0033ec38,0x0033EC38,0x0033EC88,80
FUN_0033eca0,0x0033ECA0,0x0033ECF0,80
FUN_0033ee60,0x0033EE60,0x0033EE84,36
FUN_0033ee88,0x0033EE88,0x0033EEA0,24
FUN_0033eea0,0x0033EEA0,0x0033EF60,192
FUN_0033ef60,0x0033EF60,0x0033EFF8,152
FUN_0033f018,0x0033F018,0x0033F0A8,144
FUN_0033f0a8,0x0033F0A8,0x0033F124,124
FUN_0033f130,0x0033F130,0x0033F1A0,112
FUN_0033f1a0,0x0033F1A0,0x0033F1C8,40
FUN_0033f1c8,0x0033F1C8,0x0033F460,664
FUN_0033f460,0x0033F460,0x0033F99C,1340
FUN_0033f9a0,0x0033F9A0,0x0033FAE0,320
FUN_0033fae0,0x0033FAE0,0x0033FC20,320
FUN_0033fc20,0x0033FC20,0x0033FDF0,464
FUN_0033fdf0,0x0033FDF0,0x00340208,1048
FUN_00340208,0x00340208,0x003402E8,224
FUN_003402e8,0x003402E8,0x00340420,312
FUN_00340420,0x00340420,0x003409BC,1436
FUN_00340a00,0x00340A00,0x00340A1C,28
FUN_00340a20,0x00340A20,0x00340A58,56
FUN_00340a78,0x00340A78,0x00340A94,28
FUN_00340a98,0x00340A98,0x00340B10,120
FUN_00340b10,0x00340B10,0x00340B78,104
FUN_00340b78,0x00340B78,0x00340B8C,20
FUN_00340b90,0x00340B90,0x00340B9C,12
FUN_00340ba0,0x00340BA0,0x00340BAC,12
FUN_00340bb0,0x00340BB0,0x00340BF4,68
FUN_00340bf8,0x00340BF8,0x00340C48,80
FUN_00340c48,0x00340C48,0x00340CC4,124
FUN_00340cc8,0x00340CC8,0x00340CE4,28
FUN_00340ce8,0x00340CE8,0x00340DC4,220
FUN_00340dc8,0x00340DC8,0x00340E8C,196
FUN_00340e90,0x00340E90,0x00340F24,148
FUN_00340f28,0x00340F28,0x00340F64,60
FUN_00340f68,0x00340F68,0x00341014,172
FUN_00341018,0x00341018,0x003410DC,196
FUN_003410e0,0x003410E0,0x00341120,64
FUN_00341120,0x00341120,0x00341144,36
FUN_00341148,0x00341148,0x0034116C,36
FUN_00341170,0x00341170,0x0034117C,12
FUN_00341180,0x00341180,0x0034118C,12
FUN_00341298,0x00341298,0x00341388,240
FUN_003413c8,0x003413C8,0x00341520,344
FUN_00341520,0x00341520,0x00341624,260
FUN_00341628,0x00341628,0x003416C8,160
FUN_003416c8,0x003416C8,0x003417A4,220
FUN_003417a8,0x003417A8,0x003418C8,288
FUN_003418c8,0x003418C8,0x00341988,192
FUN_00341988,0x00341988,0x00341A4C,196
FUN_00341a50,0x00341A50,0x00341B18,200
FUN_00341b18,0x00341B18,0x00341BC0,168
FUN_00341bc0,0x00341BC0,0x00341C9C,220
FUN_00341ca0,0x00341CA0,0x00341D30,144
FUN_00341d30,0x00341D30,0x00341DE4,180
FUN_00341de8,0x00341DE8,0x00341E0C,36
FUN_00341e10,0x00341E10,0x00341EE0,208
FUN_00341f78,0x00341F78,0x003420B0,216
FUN_003420b0,0x003420B0,0x003421E8,312
FUN_003421e8,0x003421E8,0x00342318,304
FUN_00342318,0x00342318,0x003424FC,484
FUN_00342500,0x00342500,0x00342638,312
FUN_00342638,0x00342638,0x00342A2C,1012
FUN_00342a30,0x00342A30,0x00342E3C,1036
FUN_003431b8,0x003431B8,0x0034320C,84
FUN_00343210,0x00343210,0x00343254,68
FUN_00343258,0x00343258,0x00343584,812
FUN_00343588,0x00343588,0x00343734,428
FUN_00343738,0x00343738,0x0034398C,596
FUN_00343990,0x00343990,0x00343BBC,556
FUN_00343bc0,0x00343BC0,0x00343EA4,740
FUN_00343ea8,0x00343EA8,0x00343ECC,36
FUN_00343ed0,0x00343ED0,0x00343F60,144
FUN_00343f60,0x00343F60,0x0034405C,252
FUN_00344060,0x00344060,0x00344070,16
FUN_00344070,0x00344070,0x003440A4,52
FUN_003440a8,0x003440A8,0x0034410C,100
FUN_00344110,0x00344110,0x0034418C,124
FUN_00344190,0x00344190,0x00344290,256
FUN_00344290,0x00344290,0x003442A0,16
FUN_003442a0,0x003442A0,0x003442C0,32
FUN_003442f8,0x003442F8,0x003443BC,196
FUN_003443c0,0x003443C0,0x00344488,200
FUN_00344488,0x00344488,0x003444B8,48
FUN_003444b8,0x003444B8,0x00344548,144
FUN_00344548,0x00344548,0x00344594,76
FUN_00344598,0x00344598,0x00344664,204
FUN_00344668,0x00344668,0x00344698,48
FUN_00344698,0x00344698,0x00344734,156
FUN_00344738,0x00344738,0x00344808,208
FUN_00344808,0x00344808,0x0034489C,148
FUN_003448a0,0x003448A0,0x003448BC,28
FUN_003448c0,0x003448C0,0x003448E8,40
FUN_003448e8,0x003448E8,0x00344958,112
FUN_00344958,0x00344958,0x003449EC,148
FUN_003449f0,0x003449F0,0x00344A78,136
FUN_00344a78,0x00344A78,0x00344B2C,180
FUN_00344b30,0x00344B30,0x00344B98,104
FUN_00344b98,0x00344B98,0x00344BC8,48
FUN_00344bc8,0x00344BC8,0x00344C7C,180
FUN_00344c80,0x00344C80,0x00344CD0,80
FUN_00344cd0,0x00344CD0,0x00344D88,184
FUN_00344d88,0x00344D88,0x00344DE4,92
FUN_00344de8,0x00344DE8,0x00344E08,32
FUN_00344e08,0x00344E08,0x00344E40,56
FUN_00344e40,0x00344E40,0x00344E60,32
FUN_00344e60,0x00344E60,0x00344E8C,44
FUN_00344e90,0x00344E90,0x00344ECC,60
FUN_00344ed0,0x00344ED0,0x00344FF4,292
FUN_00344ff8,0x00344FF8,0x00345044,76
FUN_00345048,0x00345048,0x00345094,76
FUN_00345098,0x00345098,0x003450B0,24
FUN_003450b0,0x003450B0,0x00345104,84
FUN_00345108,0x00345108,0x0034514C,68
FUN_00345150,0x00345150,0x00345164,20
FUN_00345168,0x00345168,0x00345194,44
FUN_00345200,0x00345200,0x0034520C,12
FUN_00345210,0x00345210,0x0034531C,268
FUN_00345320,0x00345320,0x0034538C,104
FUN_00345390,0x00345390,0x003453C0,48
FUN_00345408,0x00345408,0x00345484,124
FUN_00345488,0x00345488,0x003454F0,104
FUN_003454f0,0x003454F0,0x003455C8,216
FUN_003455c8,0x003455C8,0x00345648,128
FUN_00345648,0x00345648,0x003456CC,132
FUN_003456d0,0x003456D0,0x0034573C,108
FUN_00345740,0x00345740,0x003457B0,112
FUN_003457b0,0x003457B0,0x003457D8,40
FUN_003457d8,0x003457D8,0x0034587C,164
FUN_00345880,0x00345880,0x0034592C,172
FUN_00345930,0x00345930,0x00345B10,480
FUN_00345b10,0x00345B10,0x00347AE8,8152
FUN_00347ae8,0x00347AE8,0x0034AB80,12440
FUN_0034c938,0x0034C938,0x0034CE0C,1236
FUN_0034ce10,0x0034CE10,0x0034CF5C,332
FUN_0034cf60,0x0034CF60,0x0034CF98,56
FUN_0034cf98,0x0034CF98,0x0034D054,188
FUN_0034d058,0x0034D058,0x0034D0D8,128
FUN_0034d0d8,0x0034D0D8,0x0034D178,160
FUN_0034d178,0x0034D178,0x0034D188,16
FUN_0034d188,0x0034D188,0x0034D224,156
FUN_0034d228,0x0034D228,0x0034D284,92
FUN_0034d288,0x0034D288,0x0034D310,136
FUN_0034d360,0x0034D360,0x0034D420,192
FUN_0034d420,0x0034D420,0x0034D498,120
FUN_0034d498,0x0034D498,0x0034D500,104
FUN_0034d500,0x0034D500,0x0034D564,100
FUN_0034d568,0x0034D568,0x0034D620,184
FUN_0034d640,0x0034D640,0x0034D74C,268
FUN_0034d768,0x0034D768,0x0034D790,40
FUN_0034d790,0x0034D790,0x0034D928,408
FUN_0034d928,0x0034D928,0x0034D99C,116
FUN_0034d9a0,0x0034D9A0,0x0034DA00,96
FUN_0034da00,0x0034DA00,0x0034DB00,256
FUN_0034db48,0x0034DB48,0x0034DBD4,140
FUN_0034dbd8,0x0034DBD8,0x0034DC1C,68
FUN_0034dc20,0x0034DC20,0x0034DC74,84
FUN_0034dc78,0x0034DC78,0x0034DCC0,72
FUN_0034dcc0,0x0034DCC0,0x0034DD64,164
FUN_0034dd68,0x0034DD68,0x0034DD90,40
FUN_0034dd90,0x0034DD90,0x0034DEE8,344
FUN_0034dee8,0x0034DEE8,0x0034E1C4,732
FUN_0034e1c8,0x0034E1C8,0x0034E20C,68
FUN_0034e228,0x0034E228,0x0034E25C,52
FUN_0034e260,0x0034E260,0x0034E294,52
FUN_0034e298,0x0034E298,0x0034E398,256
FUN_0034e398,0x0034E398,0x0034E44C,180
FUN_0034e4d0,0x0034E4D0,0x0034E580,176
FUN_0034e580,0x0034E580,0x0034E5C8,72
FUN_0034e5f0,0x0034E5F0,0x0034E660,112
FUN_0034e660,0x0034E660,0x0034E790,304
FUN_0034e790,0x0034E790,0x0034E7C0,48
FUN_0034e7c0,0x0034E7C0,0x0034E824,100
FUN_0034e828,0x0034E828,0x0034E904,220
FUN_0034e908,0x0034E908,0x0034E9BC,180
FUN_0034e9c0,0x0034E9C0,0x0034E9CC,12
FUN_0034e9d0,0x0034E9D0,0x0034EA14,68
FUN_0034ea18,0x0034EA18,0x0034EA90,120
FUN_0034ea90,0x0034EA90,0x0034EB1C,140
FUN_0034eb20,0x0034EB20,0x0034EB90,112
FUN_0034eb90,0x0034EB90,0x0034EC1C,140
FUN_0034ec20,0x0034EC20,0x0034EC90,112
FUN_0034ec90,0x0034EC90,0x0034ED3C,172
FUN_0034ed50,0x0034ED50,0x0034EEA8,344
FUN_0034eea8,0x0034EEA8,0x0034F06C,452
FUN_0034f070,0x0034F070,0x0034F098,40
FUN_0034f098,0x0034F098,0x0034F288,496
FUN_0034f2f0,0x0034F2F0,0x0034F2FC,12
FUN_0034f300,0x0034F300,0x0034F354,84
FUN_0034f358,0x0034F358,0x0034F394,60
FUN_0034f398,0x0034F398,0x0034F420,136
FUN_0034f420,0x0034F420,0x0034F4C8,168
FUN_0034f4c8,0x0034F4C8,0x0034F54C,132
FUN_0034f550,0x0034F550,0x0034F5C0,112
FUN_0034f5c0,0x0034F5C0,0x0034F664,164
FUN_0034f668,0x0034F668,0x0034F7B4,332
FUN_0034f7b8,0x0034F7B8,0x0034F8FC,324
FUN_0034f910,0x0034F910,0x0034F948,56
FUN_0034f948,0x0034F948,0x0034F9C8,128
FUN_0034f9c8,0x0034F9C8,0x0034FAAC,228
FUN_0034fab0,0x0034FAB0,0x0034FB20,112
FUN_0034fb20,0x0034FB20,0x0034FB8C,108
FUN_0034fb90,0x0034FB90,0x0034FBCC,60
FUN_0034fbd0,0x0034FBD0,0x0034FBDC,12
FUN_0034fbe0,0x0034FBE0,0x0034FC04,36
FUN_0034fc08,0x0034FC08,0x0034FCE4,220
FUN_0034fce8,0x0034FCE8,0x0034FD38,80
FUN_0034fd38,0x0034FD38,0x0034FD5C,36
FUN_0034fd60,0x0034FD60,0x0034FDAC,76
FUN_0034fdb0,0x0034FDB0,0x003501C8,944
FUN_003501c8,0x003501C8,0x003506F8,1328
FUN_003506f8,0x003506F8,0x00351050,2392
FUN_00351060,0x00351060,0x0035107C,28
FUN_00351080,0x00351080,0x003510C4,68
FUN_003510c8,0x003510C8,0x00351110,72
FUN_00351110,0x00351110,0x00351124,20
FUN_00351128,0x00351128,0x003511A0,120
FUN_003511a0,0x003511A0,0x00351258,184
FUN_00351258,0x00351258,0x003512DC,132
FUN_003512f0,0x003512F0,0x003513B4,196
FUN_003513b8,0x003513B8,0x0035143C,132
FUN_00351440,0x00351440,0x0035153C,252
FUN_00351540,0x00351540,0x003515C8,136
FUN_003515c8,0x003515C8,0x0035160C,68
FUN_00351610,0x00351610,0x00351648,56
FUN_00351648,0x00351648,0x00351674,44
FUN_00351678,0x00351678,0x00351694,28
FUN_00351698,0x00351698,0x003516A8,16
FUN_003516a8,0x003516A8,0x003516B8,16
FUN_003516b8,0x003516B8,0x00351808,332
FUN_00351808,0x00351808,0x00351918,272
FUN_00351918,0x00351918,0x00351A68,332
FUN_00351aa0,0x00351AA0,0x00351AD8,56
FUN_00351ad8,0x00351AD8,0x00351BDC,260
FUN_00351c18,0x00351C18,0x00351C68,80
FUN_00351c68,0x00351C68,0x00351D98,304
FUN_00351d98,0x00351D98,0x00351DD0,56
FUN_00351dd0,0x00351DD0,0x00351E04,52
FUN_00351e08,0x00351E08,0x00351E58,80
FUN_00351e98,0x00351E98,0x00351EC0,40
FUN_00351ec0,0x00351EC0,0x00351EE8,40
FUN_00351ee8,0x00351EE8,0x00352734,2124
FUN_00352738,0x00352738,0x00352AC0,904
FUN_00352ac0,0x00352AC0,0x00352AE8,40
FUN_00352ae8,0x00352AE8,0x00352B24,60
FUN_00352b28,0x00352B28,0x00352C48,288
FUN_00352c48,0x00352C48,0x00352F7C,820
FUN_00352f80,0x00352F80,0x00353164,476
FUN_00353168,0x00353168,0x003532E8,384
FUN_003532e8,0x003532E8,0x00353304,28
FUN_00353308,0x00353308,0x00353338,48
FUN_00353340,0x00353340,0x00353368,40
FUN_00353368,0x00353368,0x003533E4,124
FUN_003533e8,0x003533E8,0x00353410,40
FUN_00353410,0x00353410,0x0035343C,44
FUN_00353440,0x00353440,0x0035356C,300
FUN_00353570,0x00353570,0x0035359C,44
FUN_003535a0,0x003535A0,0x0035363C,156
FUN_00353640,0x00353640,0x003536BC,124
FUN_003536c0,0x003536C0,0x00353748,136
FUN_00353748,0x00353748,0x00353784,60
FUN_00353788,0x00353788,0x003537E0,88
FUN_00353838,0x00353838,0x0035389C,100
FUN_003538a0,0x003538A0,0x00353904,100
FUN_00353908,0x00353908,0x00353930,40
FUN_00353930,0x00353930,0x00353938,8
FUN_00353938,0x00353938,0x00353964,44
FUN_00353968,0x00353968,0x00353A40,212
FUN_00353a40,0x00353A40,0x00353A6C,44
FUN_00353a70,0x00353A70,0x00353A88,24
FUN_00353a88,0x00353A88,0x00353AD0,72
FUN_00353ad0,0x00353AD0,0x00353B38,104
FUN_00353b38,0x00353B38,0x00353BA0,104
FUN_00353ba0,0x00353BA0,0x00353C08,104
FUN_00353c90,0x00353C90,0x00353D00,112
FUN_00353d38,0x00353D38,0x00353E04,204
FUN_00353e08,0x00353E08,0x00353ED4,204
FUN_00353ed8,0x00353ED8,0x00353F88,176
FUN_00353f88,0x00353F88,0x00353F90,8
FUN_00353f90,0x00353F90,0x00353FCC,60
FUN_00353fd0,0x00353FD0,0x0035403C,108
FUN_00354040,0x00354040,0x003540C0,128
FUN_003540c0,0x003540C0,0x003541C0,256
FUN_003541c0,0x003541C0,0x0035427C,188
FUN_00354280,0x00354280,0x003542B8,56
FUN_003542b8,0x003542B8,0x003542F0,56
FUN_003542f0,0x003542F0,0x0035439C,172
FUN_003543a0,0x003543A0,0x00354A50,1708
FUN_00354a50,0x00354A50,0x00354AB8,104
FUN_00354ab8,0x00354AB8,0x00354B30,120
FUN_00354b30,0x00354B30,0x00354B58,40
FUN_00354b98,0x00354B98,0x00354C40,168
FUN_00354c40,0x00354C40,0x00354C9C,92
FUN_00354ca0,0x00354CA0,0x00354CFC,92
FUN_00354d68,0x00354D68,0x00354E84,284
FUN_00354e88,0x00354E88,0x00354F34,172
FUN_00354f38,0x00354F38,0x00354FA4,108
FUN_00354fa8,0x00354FA8,0x00355038,144
FUN_00355038,0x00355038,0x003550C8,144
FUN_003550c8,0x003550C8,0x003550D8,16
FUN_003550d8,0x003550D8,0x003550F4,28
FUN_003550f8,0x003550F8,0x00355118,32
FUN_00355118,0x00355118,0x00355150,56
FUN_00355150,0x00355150,0x003551B8,104
FUN_003551b8,0x003551B8,0x003551CC,20
FUN_003551d0,0x003551D0,0x00355250,128
FUN_00355250,0x00355250,0x00355650,1024
FUN_00355650,0x00355650,0x00356984,4916
FUN_00356988,0x00356988,0x00356A0C,128
FUN_00356a10,0x00356A10,0x00356A50,64
FUN_00356a50,0x00356A50,0x00356A60,16
FUN_00356a60,0x00356A60,0x00356A94,52
FUN_00356a98,0x00356A98,0x00356B44,172
FUN_00356b48,0x00356B48,0x00356C68,288
FUN_00356c68,0x00356C68,0x00356D90,296
FUN_00356d90,0x00356D90,0x00356EDC,332
FUN_00356ee8,0x00356EE8,0x00356F1C,52
FUN_00356f20,0x00356F20,0x00356F40,32
FUN_00356f40,0x00356F40,0x00357008,200
FUN_00357020,0x00357020,0x00357038,24
FUN_00357050,0x00357050,0x00357074,36
FUN_003570a0,0x003570A0,0x00357130,144
FUN_00357130,0x00357130,0x003571AC,124
FUN_003571b0,0x003571B0,0x0035723C,140
FUN_00357240,0x00357240,0x003572A4,100
FUN_003572a8,0x003572A8,0x00357318,112
FUN_00357318,0x00357318,0x0035739C,132
FUN_003573a0,0x003573A0,0x00357424,128
FUN_00357428,0x00357428,0x00357510,232
FUN_00357560,0x00357560,0x003575B8,88
FUN_00357608,0x00357608,0x00357648,64
FUN_00357648,0x00357648,0x00357688,64
FUN_00357688,0x00357688,0x003576C8,64
FUN_003576c8,0x003576C8,0x00357870,424
FUN_00357870,0x00357870,0x00357960,240
FUN_00357960,0x00357960,0x00357C30,720
FUN_00357c30,0x00357C30,0x00357E74,580
FUN_00357e78,0x00357E78,0x00357FF4,380
FUN_00357ff8,0x00357FF8,0x003587BC,1988
FUN_003587c0,0x003587C0,0x00358D80,1472
FUN_00358d80,0x00358D80,0x00358F10,400
FUN_00358f10,0x00358F10,0x003590C8,440
FUN_003590c8,0x003590C8,0x00359284,444
FUN_00359288,0x00359288,0x003593DC,340
FUN_003593e0,0x003593E0,0x0035960C,556
FUN_00359610,0x00359610,0x00359878,616
FUN_00359878,0x00359878,0x00359A58,480
FUN_00359a58,0x00359A58,0x00359C60,520
FUN_0035a050,0x0035A050,0x0035A064,20
FUN_0035a068,0x0035A068,0x0035A098,48
FUN_0035a1f8,0x0035A1F8,0x0035A24C,84
FUN_0035a298,0x0035A298,0x0035A2EC,84
FUN_0035a328,0x0035A328,0x0035A34C,36
FUN_0035a350,0x0035A350,0x0035A374,36
FUN_0035a3a0,0x0035A3A0,0x0035A3E4,68
FUN_0035a3e8,0x0035A3E8,0x0035A43C,84
FUN_0035a440,0x0035A440,0x0035A494,84
FUN_0035a498,0x0035A498,0x0035A548,176
FUN_0035a548,0x0035A548,0x0035A610,200
FUN_0035a610,0x0035A610,0x0035A6B0,160
FUN_0035a6b0,0x0035A6B0,0x0035A740,144
FUN_0035a740,0x0035A740,0x0035A864,292
FUN_0035a878,0x0035A878,0x0035A91C,164
FUN_0035a930,0x0035A930,0x0035A9A8,120
FUN_0035a9a8,0x0035A9A8,0x0035A9E8,64
FUN_0035aa28,0x0035AA28,0x0035AAD0,168
FUN_0035aad0,0x0035AAD0,0x0035AB10,64
FUN_0035ab10,0x0035AB10,0x0035AC4C,316
FUN_0035ac50,0x0035AC50,0x0035AD3C,236
FUN_0035add8,0x0035ADD8,0x0035AEB4,220
FUN_0035aeb8,0x0035AEB8,0x0035AEE0,40
FUN_0035aee0,0x0035AEE0,0x0035AFEC,268
FUN_0035aff0,0x0035AFF0,0x0035B054,100
FUN_0035b058,0x0035B058,0x0035B0E0,136
FUN_0035b148,0x0035B148,0x0035B1A8,96
FUN_0035b210,0x0035B210,0x0035B298,136
FUN_0035b298,0x0035B298,0x0035B2A4,12
FUN_0035b2e8,0x0035B2E8,0x0035B344,92
FUN_0035b348,0x0035B348,0x0035B434,236
FUN_0035b438,0x0035B438,0x0035B524,236
FUN_0035b528,0x0035B528,0x0035B640,280
FUN_0035b640,0x0035B640,0x0035B698,88
FUN_0035b788,0x0035B788,0x0035B82C,164
FUN_0035b830,0x0035B830,0x0035B8B8,136
FUN_0035b8b8,0x0035B8B8,0x0035B918,96
FUN_0035b918,0x0035B918,0x0035BBF0,728
FUN_0035bbf0,0x0035BBF0,0x0035BD74,388
FUN_0035bd78,0x0035BD78,0x0035BEB8,320
FUN_0035beb8,0x0035BEB8,0x0035C5FC,1856
FUN_0035c600,0x0035C600,0x0035C7B0,432
FUN_0035c7f0,0x0035C7F0,0x0035C820,48
FUN_0035c820,0x0035C820,0x0035C86C,76
FUN_0035c8a0,0x0035C8A0,0x0035C8E0,64
FUN_0035c8e0,0x0035C8E0,0x0035C958,120
FUN_0035c958,0x0035C958,0x0035CA08,176
FUN_0035ca08,0x0035CA08,0x0035CA90,136
FUN_0035ca90,0x0035CA90,0x0035CACC,60
FUN_0035cad0,0x0035CAD0,0x0035CB0C,60
FUN_0035cb10,0x0035CB10,0x0035CBD8,200
FUN_0035cbd8,0x0035CBD8,0x0035CC14,60
FUN_0035cc18,0x0035CC18,0x0035CDBC,420
FUN_0035cdc0,0x0035CDC0,0x0035CE94,212
FUN_0035ceb8,0x0035CEB8,0x0035CEF0,56
FUN_0035cef0,0x0035CEF0,0x0035CF00,16
FUN_0035cf00,0x0035CF00,0x0035CFBC,188
FUN_0035cfc0,0x0035CFC0,0x0035D080,192
FUN_0035d080,0x0035D080,0x0035D0FC,124
FUN_0035d100,0x0035D100,0x0035D18C,140
FUN_0035d190,0x0035D190,0x0035D200,112
FUN_0035d200,0x0035D200,0x0035D288,136
FUN_0035d288,0x0035D288,0x0035D3D8,336
FUN_0035d3d8,0x0035D3D8,0x0035D3EC,20
FUN_0035d3f0,0x0035D3F0,0x0035D418,40
FUN_0035d418,0x0035D418,0x0035D434,28
FUN_0035d438,0x0035D438,0x0035D460,40
FUN_0035d460,0x0035D460,0x0035D538,216
FUN_0035d538,0x0035D538,0x0035D6A4,364
FUN_0035d6a8,0x0035D6A8,0x0035D79C,244
FUN_0035d7a0,0x0035D7A0,0x0035D9C8,552
FUN_0035d9c8,0x0035D9C8,0x0035DB38,368
FUN_0035db38,0x0035DB38,0x0035DB90,88
FUN_0035db90,0x0035DB90,0x0035DBB0,32
FUN_0035dbe0,0x0035DBE0,0x0035DC4C,108
FUN_0035dc98,0x0035DC98,0x0035DD88,240
FUN_0035dd88,0x0035DD88,0x0035DDA0,24
FUN_0035dda0,0x0035DDA0,0x0035DE48,168
FUN_0035de48,0x0035DE48,0x0035DEA0,88
FUN_0035def8,0x0035DEF8,0x0035DF64,108
FUN_0035df68,0x0035DF68,0x0035E030,200
FUN_0035e088,0x0035E088,0x0035E1A0,280
FUN_0035e1a0,0x0035E1A0,0x0035E1C8,40
FUN_0035e1c8,0x0035E1C8,0x0035E1E8,32
FUN_0035e2c0,0x0035E2C0,0x0035E430,368
FUN_0035e430,0x0035E430,0x0035E610,480
FUN_0035e610,0x0035E610,0x0035E754,324
FUN_0035e758,0x0035E758,0x0035E9D8,640
FUN_0035e9d8,0x0035E9D8,0x0035EA14,60
FUN_0035ea18,0x0035EA18,0x0035EA74,92
FUN_0035ea78,0x0035EA78,0x0035EABC,68
FUN_0035eac0,0x0035EAC0,0x0035EB58,152
FUN_0035eb58,0x0035EB58,0x0035EBA0,72
FUN_0035eba0,0x0035EBA0,0x0035EC44,164
FUN_0035ed20,0x0035ED20,0x0035EE54,308
FUN_0035eed0,0x0035EED0,0x0035EF90,192
FUN_0035ef90,0x0035EF90,0x0035F03C,172
FUN_0035f040,0x0035F040,0x0035F160,288
FUN_0035f160,0x0035F160,0x0035F2C8,360
FUN_0035f2c8,0x0035F2C8,0x0035F2E0,24
FUN_0035f2e0,0x0035F2E0,0x0035F308,40
FUN_0035f308,0x0035F308,0x0035F330,40
FUN_0035f330,0x0035F330,0x0035F358,40
FUN_0035f358,0x0035F358,0x0035F400,168
FUN_0035f440,0x0035F440,0x0035FC20,1976
FUN_0035fc20,0x0035FC20,0x0035FE88,616
FUN_0035fe88,0x0035FE88,0x0035FF8C,260
FUN_0035ff90,0x0035FF90,0x0036011C,396
FUN_00360120,0x00360120,0x00360600,1248
FUN_00360600,0x00360600,0x00360750,336
FUN_00360750,0x00360750,0x003609D4,644
FUN_003609d8,0x003609D8,0x00360ABC,228
FUN_00360ac0,0x00360AC0,0x00360C40,384
FUN_00360c40,0x00360C40,0x00360E7C,572
FUN_00360e80,0x00360E80,0x00361000,384
FUN_00361000,0x00361000,0x003611E4,484
FUN_003611e8,0x003611E8,0x00361370,392
FUN_00361370,0x00361370,0x00361574,516
FUN_00361578,0x00361578,0x003616D4,348
FUN_003616d8,0x003616D8,0x00361858,384
FUN_00361858,0x00361858,0x003619AC,340
FUN_003619b0,0x003619B0,0x00361B18,360
FUN_00361b18,0x00361B18,0x00361C18,256
FUN_00361c18,0x00361C18,0x00361EE8,720
FUN_00361ee8,0x00361EE8,0x00362250,872
FUN_00362250,0x00362250,0x003625D4,900
FUN_003625d8,0x003625D8,0x00362608,48
FUN_00362608,0x00362608,0x00362614,12
FUN_00362618,0x00362618,0x00362654,60
FUN_00362658,0x00362658,0x00362698,64
FUN_003626c0,0x003626C0,0x003626F4,52
FUN_003626f8,0x003626F8,0x00362718,32
FUN_00362718,0x00362718,0x00362740,40
FUN_00362740,0x00362740,0x00362768,40
FUN_00362768,0x00362768,0x00362798,48
FUN_00362798,0x00362798,0x003627B0,24
FUN_003627b0,0x003627B0,0x003627D4,36
FUN_003627d8,0x003627D8,0x003627FC,36
FUN_00362800,0x00362800,0x00362824,36
FUN_00362828,0x00362828,0x00362840,24
FUN_00362840,0x00362840,0x00362864,36
FUN_00362868,0x00362868,0x003628E0,120
FUN_003628e0,0x003628E0,0x00362958,120
FUN_00362958,0x00362958,0x003629E4,140
FUN_003629e8,0x003629E8,0x00362A2C,68
FUN_00362a30,0x00362A30,0x00362A8C,92
FUN_00362a90,0x00362A90,0x00362AEC,92
FUN_00362af0,0x00362AF0,0x00362B34,68
FUN_00362b38,0x00362B38,0x00362B80,72
FUN_00362b80,0x00362B80,0x00362BC4,68
FUN_00362bc8,0x00362BC8,0x00362CAC,228
FUN_00362cb0,0x00362CB0,0x00362CE0,48
FUN_00362ce0,0x00362CE0,0x00362D3C,92
FUN_00362d40,0x00362D40,0x00362D78,56
FUN_00362d78,0x00362D78,0x00362DB0,56
FUN_00362db0,0x00362DB0,0x00362E54,164
FUN_00362e58,0x00362E58,0x00362ECC,116
FUN_00362ef0,0x00362EF0,0x00362F94,164
FUN_00362f98,0x00362F98,0x00362FC4,44
FUN_00362fc8,0x00362FC8,0x00363118,336
FUN_00363118,0x00363118,0x0036313C,36
FUN_00363140,0x00363140,0x00363228,232
FUN_00363258,0x00363258,0x00363294,60
FUN_00363298,0x00363298,0x003632C4,44
FUN_003632c8,0x003632C8,0x00363324,92
FUN_00363328,0x00363328,0x003633F0,200
FUN_003633f0,0x003633F0,0x003634B8,200
FUN_003634b8,0x003634B8,0x00363514,92
FUN_00363518,0x00363518,0x00363554,60
FUN_00363558,0x00363558,0x003635B4,92
FUN_00363670,0x00363670,0x00363724,180
FUN_00363728,0x00363728,0x00363764,60
FUN_00363768,0x00363768,0x003637A8,64
FUN_003637a8,0x003637A8,0x00363864,188
FUN_00363868,0x00363868,0x00363900,152
FUN_00363900,0x00363900,0x00363964,100
FUN_00363968,0x00363968,0x00363A98,304
FUN_00363a98,0x00363A98,0x00363B48,176
FUN_00363b48,0x00363B48,0x00363C18,208
FUN_00363c18,0x00363C18,0x00363CD4,188
FUN_00363cd8,0x00363CD8,0x00363E10,312
FUN_00363e10,0x00363E10,0x00363E24,20
FUN_00363e28,0x00363E28,0x00363E3C,20
FUN_00363e40,0x00363E40,0x00363E7C,60
FUN_00363e80,0x00363E80,0x00363EDC,92
FUN_00363ee0,0x00363EE0,0x0036401C,316
FUN_00364020,0x00364020,0x00364060,64
FUN_003640b0,0x003640B0,0x003642D8,552
FUN_003642d8,0x003642D8,0x00364378,160
FUN_00364378,0x00364378,0x003644C4,332
FUN_003644c8,0x003644C8,0x00364590,200
FUN_00364590,0x00364590,0x003645B8,40
FUN_003645b8,0x003645B8,0x00364794,476
FUN_00364798,0x00364798,0x00364814,124
FUN_00364818,0x00364818,0x003648B8,160
FUN_003648b8,0x003648B8,0x00364930,120
FUN_00364930,0x00364930,0x003649A4,116
FUN_003649a8,0x003649A8,0x00364A34,140
FUN_00364a38,0x00364A38,0x00364B30,248
FUN_00364b30,0x00364B30,0x00364B78,72
FUN_00364b78,0x00364B78,0x00364CD0,344
FUN_00364cd0,0x00364CD0,0x00364DF0,288
FUN_00364df0,0x00364DF0,0x00364EB0,192
FUN_00364eb0,0x00364EB0,0x00364EEC,60
FUN_00364ef0,0x00364EF0,0x00365000,272
FUN_00365000,0x00365000,0x003650C4,196
FUN_003650c8,0x003650C8,0x00365148,128
FUN_00365148,0x00365148,0x003651D0,136
FUN_003651d0,0x003651D0,0x0036525C,140
FUN_00365260,0x00365260,0x00365290,48
FUN_00365290,0x00365290,0x003652C0,48
FUN_003652c0,0x003652C0,0x0036531C,92
FUN_00365320,0x00365320,0x00365400,224
FUN_00365400,0x00365400,0x003654A0,160
FUN_003654a0,0x003654A0,0x00365530,144
FUN_00365530,0x00365530,0x00365550,32
FUN_00365550,0x00365550,0x0036565C,264
FUN_00365660,0x00365660,0x003656EC,140
FUN_003656f0,0x003656F0,0x00365844,340
FUN_00365848,0x00365848,0x00365868,32
FUN_00365868,0x00365868,0x003658B8,80
FUN_003658b8,0x003658B8,0x00365958,160
FUN_00365958,0x00365958,0x00365A3C,228
FUN_00365a40,0x00365A40,0x00365AD4,148
FUN_00365ad8,0x00365AD8,0x00365B1C,68
FUN_00365b20,0x00365B20,0x00365C18,248
FUN_00365c18,0x00365C18,0x00365C78,96
FUN_00365c78,0x00365C78,0x00365D70,248
FUN_00365d70,0x00365D70,0x00365E4C,220
FUN_00365e50,0x00365E50,0x00365E9C,76
FUN_00365ea0,0x00365EA0,0x00365FA0,256
FUN_00365fa0,0x00365FA0,0x003660A0,256
FUN_003660a0,0x003660A0,0x003660E0,64
FUN_003660e0,0x003660E0,0x00366120,64
FUN_00366120,0x00366120,0x00366148,40
FUN_00366148,0x00366148,0x003664F8,944
FUN_003664f8,0x003664F8,0x00366888,912
FUN_00366888,0x00366888,0x00366944,188
FUN_00366948,0x00366948,0x00366A00,184
FUN_00366a00,0x00366A00,0x00366A3C,60
FUN_00366a60,0x00366A60,0x00366B24,196
FUN_00366b28,0x00366B28,0x00366BB0,136
FUN_00366bb8,0x00366BB8,0x00366BE0,40
FUN_00366be0,0x00366BE0,0x00366D30,336
FUN_00366d30,0x00366D30,0x00367024,756
FUN_00367028,0x00367028,0x0036724C,548
FUN_00367250,0x00367250,0x00367E90,3136
FUN_00367e90,0x00367E90,0x00368188,656
FUN_00368188,0x00368188,0x003682A4,284
FUN_003682a8,0x003682A8,0x003683CC,292
FUN_003683d0,0x003683D0,0x00368674,676
FUN_00368678,0x00368678,0x00368750,216
FUN_00368750,0x00368750,0x00368C7C,1324
FUN_00368c80,0x00368C80,0x00368E50,464
FUN_00368e50,0x00368E50,0x003690AC,604
FUN_003690b0,0x003690B0,0x0036931C,620
FUN_00369320,0x00369320,0x0036938C,108
FUN_00369390,0x00369390,0x003693E8,88
FUN_00369640,0x00369640,0x00369670,48
FUN_00369670,0x00369670,0x003696D8,104
FUN_003696d8,0x003696D8,0x003697E4,268
FUN_003697e8,0x003697E8,0x00369854,108
FUN_00369858,0x00369858,0x00369968,272
FUN_00369968,0x00369968,0x003699C8,96
FUN_00369b30,0x00369B30,0x00369C30,256
FUN_00369c30,0x00369C30,0x00369D00,208
FUN_00369d60,0x00369D60,0x00369DCC,108
FUN_00369e20,0x00369E20,0x00369E6C,76
FUN_00369e88,0x00369E88,0x00369F8C,260
FUN_00369f90,0x00369F90,0x00369FDC,76
FUN_00369fe0,0x00369FE0,0x0036A0AC,204
FUN_0036a0b0,0x0036A0B0,0x0036A0C0,16
FUN_0036a0c0,0x0036A0C0,0x0036A0E8,40
FUN_0036a0e8,0x0036A0E8,0x0036A178,144
FUN_0036a178,0x0036A178,0x0036A1C4,76
FUN_0036a1c8,0x0036A1C8,0x0036A25C,148
FUN_0036a288,0x0036A288,0x0036A3E0,344
FUN_0036a3e0,0x0036A3E0,0x0036A408,40
FUN_0036a408,0x0036A408,0x0036A58C,388
FUN_0036a590,0x0036A590,0x0036A748,440
FUN_0036a748,0x0036A748,0x0036A8AC,356
FUN_0036a8b0,0x0036A8B0,0x0036ABDC,812
FUN_0036abe0,0x0036ABE0,0x0036ACFC,284
FUN_0036ad00,0x0036AD00,0x0036AEE8,488
FUN_0036aee8,0x0036AEE8,0x0036B0C4,476
FUN_0036b0c8,0x0036B0C8,0x0036B1DC,276
FUN_0036b200,0x0036B200,0x0036B258,88
FUN_0036b258,0x0036B258,0x0036B278,32
FUN_0036b278,0x0036B278,0x0036B2A0,40
FUN_0036b2a0,0x0036B2A0,0x0036B2B0,16
FUN_0036b2b0,0x0036B2B0,0x0036B2CC,28
FUN_0036b2d0,0x0036B2D0,0x0036B2F8,40
FUN_0036b2f8,0x0036B2F8,0x0036B320,40
FUN_0036b320,0x0036B320,0x0036B36C,76
FUN_0036b380,0x0036B380,0x0036B3A8,40
FUN_0036b3a8,0x0036B3A8,0x0036B494,236
FUN_0036b498,0x0036B498,0x0036B4EC,84
FUN_0036b510,0x0036B510,0x0036B584,116
FUN_0036b588,0x0036B588,0x0036B59C,20
FUN_0036b5a0,0x0036B5A0,0x0036B5F4,84
FUN_0036b5f8,0x0036B5F8,0x0036B6CC,212
FUN_0036b6d0,0x0036B6D0,0x0036B798,200
FUN_0036b798,0x0036B798,0x0036B838,160
FUN_0036b838,0x0036B838,0x0036B8A4,108
FUN_0036b8c0,0x0036B8C0,0x0036B914,84
FUN_0036b918,0x0036B918,0x0036B98C,116
FUN_0036b990,0x0036B990,0x0036BA0C,124
FUN_0036ba10,0x0036BA10,0x0036BA80,112
FUN_0036ba80,0x0036BA80,0x0036BB10,144
FUN_0036bb10,0x0036BB10,0x0036BC08,248
FUN_0036bc08,0x0036BC08,0x0036BC98,144
FUN_0036bc98,0x0036BC98,0x0036BCD8,64
FUN_0036bcd8,0x0036BCD8,0x0036BD18,64
FUN_0036bd38,0x0036BD38,0x0036BDC4,140
FUN_0036bdc8,0x0036BDC8,0x0036BE08,64
FUN_0036be08,0x0036BE08,0x0036BE4C,68
FUN_0036be50,0x0036BE50,0x0036BE78,40
FUN_0036be78,0x0036BE78,0x0036C06C,396
FUN_0036c070,0x0036C070,0x0036C1D8,360
FUN_0036c1d8,0x0036C1D8,0x0036C378,416
FUN_0036c378,0x0036C378,0x0036C75C,892
FUN_0036c768,0x0036C768,0x0036C79C,52
FUN_0036c7a0,0x0036C7A0,0x0036C7D4,52
FUN_0036c7d8,0x0036C7D8,0x0036C804,44
FUN_0036c808,0x0036C808,0x0036C83C,52
FUN_0036c860,0x0036C860,0x0036C884,36
FUN_0036c888,0x0036C888,0x0036C8AC,36
FUN_0036c8b0,0x0036C8B0,0x0036C8D4,36
FUN_0036c8d8,0x0036C8D8,0x0036C96C,116
FUN_0036ca00,0x0036CA00,0x0036CA94,116
FUN_0036cbd8,0x0036CBD8,0x0036CBFC,36
FUN_0036cc00,0x0036CC00,0x0036CC24,36
FUN_0036cc28,0x0036CC28,0x0036CC4C,36
FUN_0036cc80,0x0036CC80,0x0036CCA4,36
FUN_0036ccd8,0x0036CCD8,0x0036CD1C,68
FUN_0036cd20,0x0036CD20,0x0036CD44,36
FUN_0036cd48,0x0036CD48,0x0036CD6C,36
FUN_0036cd70,0x0036CD70,0x0036CD94,36
FUN_0036cd98,0x0036CD98,0x0036CE2C,116
FUN_0036cef0,0x0036CEF0,0x0036CF14,36
FUN_0036cf18,0x0036CF18,0x0036CF3C,36
FUN_0036cf40,0x0036CF40,0x0036CF64,36
FUN_0036cf68,0x0036CF68,0x0036CFD4,108
FUN_0036d090,0x0036D090,0x0036D0B4,36
FUN_0036d0b8,0x0036D0B8,0x0036D0DC,36
FUN_0036d0e0,0x0036D0E0,0x0036D104,36
FUN_0036d108,0x0036D108,0x0036D174,108
FUN_0036d470,0x0036D470,0x0036D50C,156
FUN_0036d5a0,0x0036D5A0,0x0036D6C4,292
FUN_0036d6c8,0x0036D6C8,0x0036D810,328
FUN_0036d810,0x0036D810,0x0036D93C,300
FUN_0036d940,0x0036D940,0x0036DA6C,300
FUN_0036db60,0x0036DB60,0x0036DBE0,128
FUN_0036dce0,0x0036DCE0,0x0036DD18,56
FUN_0036dd18,0x0036DD18,0x0036DD50,56
FUN_0036dd58,0x0036DD58,0x0036DDD4,124
FUN_0036dde0,0x0036DDE0,0x0036DE5C,124
FUN_0036de78,0x0036DE78,0x0036DEBC,68
FUN_0036dec0,0x0036DEC0,0x0036DF04,68
FUN_0036df08,0x0036DF08,0x0036DFA0,152
FUN_0036dfa0,0x0036DFA0,0x0036DFF8,88
FUN_0036dff8,0x0036DFF8,0x0036E028,48
FUN_0036e028,0x0036E028,0x0036E0FC,212
FUN_0036e100,0x0036E100,0x0036E16C,108
FUN_0036e170,0x0036E170,0x0036E1E4,116
FUN_0036e1e8,0x0036E1E8,0x0036E228,64
FUN_0036e228,0x0036E228,0x0036E24C,36
FUN_0036e250,0x0036E250,0x0036E29C,76
FUN_0036e2a0,0x0036E2A0,0x0036E318,120
FUN_0036e318,0x0036E318,0x0036E33C,36
FUN_0036e340,0x0036E340,0x0036E38C,76
FUN_0036e390,0x0036E390,0x0036E498,264
FUN_0036e498,0x0036E498,0x0036E9D8,1344
FUN_0036e9d8,0x0036E9D8,0x0036EDD4,1020
FUN_0036edd8,0x0036EDD8,0x0036EDF4,28
FUN_0036edf8,0x0036EDF8,0x0036EE24,44
FUN_0036ee28,0x0036EE28,0x0036EF14,232
FUN_0036ef18,0x0036EF18,0x0036EF5C,68
FUN_0036ef60,0x0036EF60,0x0036EFE8,136
FUN_0036efe8,0x0036EFE8,0x0036F1D4,492
FUN_0036f1e0,0x0036F1E0,0x0036F214,52
FUN_0036f218,0x0036F218,0x0036F24C,52
FUN_0036f250,0x0036F250,0x0036F27C,44
FUN_0036f280,0x0036F280,0x0036F2B4,52
FUN_0036f2c8,0x0036F2C8,0x0036F2FC,52
FUN_0036f300,0x0036F300,0x0036F34C,76
FUN_0036f378,0x0036F378,0x0036F3DC,100
FUN_0036f3e0,0x0036F3E0,0x0036F460,128
FUN_0036f470,0x0036F470,0x0036F51C,172
FUN_0036f520,0x0036F520,0x0036F54C,44
FUN_0036f550,0x0036F550,0x0036F56C,28
FUN_0036f570,0x0036F570,0x0036F5D4,100
FUN_0036f5d8,0x0036F5D8,0x0036F5E4,12
FUN_0036f600,0x0036F600,0x0036F678,120
FUN_0036f678,0x0036F678,0x0036F714,156
FUN_0036f718,0x0036F718,0x0036F738,32
FUN_0036f738,0x0036F738,0x0036F74C,20
FUN_0036f750,0x0036F750,0x0036F75C,12
FUN_0036f778,0x0036F778,0x0036F848,208
FUN_0036f848,0x0036F848,0x0036F8C8,128
FUN_0036f8d0,0x0036F8D0,0x0036F904,52
FUN_0036f908,0x0036F908,0x0036F93C,52
FUN_0036f940,0x0036F940,0x0036F96C,44
FUN_0036f970,0x0036F970,0x0036F9A4,52
FUN_0036fa28,0x0036FA28,0x0036FA84,92
FUN_0036fbd8,0x0036FBD8,0x0036FBFC,36
FUN_0036fc00,0x0036FC00,0x0036FC24,36
FUN_0036fc88,0x0036FC88,0x0036FCAC,36
FUN_0036fd10,0x0036FD10,0x0036FD34,36
FUN_0036fd68,0x0036FD68,0x0036FD8C,36
FUN_0036fd90,0x0036FD90,0x0036FDCC,60
FUN_0036fe00,0x0036FE00,0x0036FE4C,76
FUN_0036fe58,0x0036FE58,0x0036FEB4,92
FUN_0036fec8,0x0036FEC8,0x0036FF74,172
FUN_0036ff78,0x0036FF78,0x0036FFE4,108
FUN_0036fff0,0x0036FFF0,0x00370024,52
FUN_00370028,0x00370028,0x0037005C,52
FUN_00370060,0x00370060,0x0037008C,44
FUN_00370090,0x00370090,0x003700C4,52
FUN_003700d8,0x003700D8,0x003700F0,24
FUN_003700f0,0x003700F0,0x0037013C,76
FUN_00370150,0x00370150,0x003701B4,100
FUN_003701b8,0x003701B8,0x00370248,144
FUN_00370258,0x00370258,0x003702C8,112
FUN_003702c8,0x003702C8,0x00370328,96
FUN_00370328,0x00370328,0x003703C0,152
FUN_003703c0,0x003703C0,0x00370458,152
FUN_00370458,0x00370458,0x003704A4,76
FUN_003704f8,0x003704F8,0x003705AC,180
FUN_003705b0,0x003705B0,0x0037061C,104
FUN_00370620,0x00370620,0x0037068C,104
FUN_00370690,0x00370690,0x003706FC,104
FUN_00370700,0x00370700,0x0037076C,104
FUN_00370770,0x00370770,0x00370798,40
FUN_00370798,0x00370798,0x003707C0,40
FUN_003707c0,0x003707C0,0x003707E8,40
FUN_003707e8,0x003707E8,0x00370810,40
FUN_00370810,0x00370810,0x00370838,40
FUN_00370838,0x00370838,0x00370860,40
FUN_00370860,0x00370860,0x00370888,40
FUN_00370888,0x00370888,0x003708B0,40
FUN_003708b0,0x003708B0,0x003708D8,40
FUN_003708d8,0x003708D8,0x00370900,40
FUN_00370908,0x00370908,0x00370930,40
FUN_00370930,0x00370930,0x00370958,40
FUN_00370958,0x00370958,0x00370980,40
FUN_00370980,0x00370980,0x003709A8,40
FUN_003709a8,0x003709A8,0x003709D0,40
FUN_003709d0,0x003709D0,0x003709F8,40
FUN_003709f8,0x003709F8,0x00370A20,40
FUN_00370a20,0x00370A20,0x00370A48,40
FUN_00370a48,0x00370A48,0x00370A70,40
cPxFileInterface_StartFileLoading,0x00370A70,0x00370A98,40
cPxFileInterface_FileLoadStatus,0x00370A98,0x00370AC0,40
FUN_00370ac0,0x00370AC0,0x00370AE8,40
cPxFileInterface_CloseFileHandle,0x00370AE8,0x00370B10,40
FUN_00370b10,0x00370B10,0x00370B38,40
FUN_00370b38,0x00370B38,0x00370B60,40
FUN_00370b60,0x00370B60,0x00370B70,16
FUN_00370b70,0x00370B70,0x00370BA8,56
FUN_00370ba8,0x00370BA8,0x00370CA4,252
FUN_00370e10,0x00370E10,0x00371188,888
FUN_00371188,0x00371188,0x0037163C,1204
FUN_00371640,0x00371640,0x00371B30,1264
FUN_00371ce8,0x00371CE8,0x003721D8,1264
FUN_003721d8,0x003721D8,0x003723F0,536
FUN_003723f0,0x003723F0,0x00372494,164
FUN_00372498,0x00372498,0x003724A8,16
FUN_003724a8,0x003724A8,0x0037250C,100
FUN_00372510,0x00372510,0x00372554,68
FUN_00372608,0x00372608,0x00372648,64
FUN_00372648,0x00372648,0x0037265C,20
FUN_003726b8,0x003726B8,0x003726FC,68
FUN_00372700,0x00372700,0x00372728,40
FUN_00372728,0x00372728,0x00372748,32
FUN_00372748,0x00372748,0x00372768,32
FUN_00372768,0x00372768,0x00372788,32
FUN_00372788,0x00372788,0x003727A8,32
FUN_003727e8,0x003727E8,0x00372808,32
FUN_00372808,0x00372808,0x00372840,56
FUN_00372840,0x00372840,0x003728C0,128
FUN_003728c0,0x003728C0,0x003728F0,48
FUN_003728f0,0x003728F0,0x00372938,72
FUN_00372938,0x00372938,0x00372970,56
FUN_003729b8,0x003729B8,0x00372A18,96
FUN_00372a68,0x00372A68,0x00372BB4,332
FUN_00372bb8,0x00372BB8,0x00372C18,96
FUN_00372c18,0x00372C18,0x00372C50,56
FUN_00372c50,0x00372C50,0x00372CD0,128
FUN_00372cd0,0x00372CD0,0x00372D00,48
FUN_00372d00,0x00372D00,0x00372D48,72
FUN_00372d48,0x00372D48,0x00372D80,56
FUN_00372d80,0x00372D80,0x00372DB0,48
FUN_00372db0,0x00372DB0,0x00372DE0,48
FUN_00372de0,0x00372DE0,0x00372E08,40
FUN_00372e28,0x00372E28,0x00372E70,72
FUN_00372e70,0x00372E70,0x00372EBC,76
FUN_00372ec0,0x00372EC0,0x00372EE8,40
FUN_00372ee8,0x00372EE8,0x00373270,904
FUN_00373270,0x00373270,0x0037368C,1052
FUN_00373690,0x00373690,0x003738D0,576
FUN_003738d0,0x003738D0,0x00373AF4,548
FUN_00373af8,0x00373AF8,0x00373EB8,960
FUN_00373eb8,0x00373EB8,0x00373F34,124
FUN_00373f38,0x00373F38,0x00373F88,80
FUN_00373f88,0x00373F88,0x00373FC4,60
FUN_00373fc8,0x00373FC8,0x00374030,104
FUN_00374030,0x00374030,0x003740EC,152
FUN_003740f0,0x003740F0,0x0037414C,92
FUN_00374150,0x00374150,0x003741F4,164
FUN_00374228,0x00374228,0x00374338,272
FUN_00374338,0x00374338,0x0037441C,228
FUN_00374488,0x00374488,0x00374570,232
FUN_00374570,0x00374570,0x003746AC,316
FUN_003746b0,0x003746B0,0x00374780,208
FUN_00374780,0x00374780,0x00374850,208
FUN_00374850,0x00374850,0x00374874,36
FUN_00374878,0x00374878,0x00374888,16
FUN_00374888,0x00374888,0x003748BC,52
FUN_003748c0,0x003748C0,0x00374998,216
FUN_00374998,0x00374998,0x00374A68,208
FUN_00374a68,0x00374A68,0x00374A9C,52
FUN_00374aa0,0x00374AA0,0x00374AB8,24
FUN_00374ab8,0x00374AB8,0x00374AC8,16
FUN_00374ac8,0x00374AC8,0x00374ADC,20
FUN_00374ae0,0x00374AE0,0x00374B50,112
FUN_00374cf8,0x00374CF8,0x00374D28,48
FUN_00374d28,0x00374D28,0x00374D6C,68
FUN_00374d70,0x00374D70,0x00374E74,260
FUN_00374f98,0x00374F98,0x00375040,168
FUN_00375040,0x00375040,0x00375158,280
FUN_00375340,0x00375340,0x003753F8,184
FUN_00375418,0x00375418,0x00375468,80
FUN_00375468,0x00375468,0x00375494,44
FUN_00375498,0x00375498,0x003754A4,12
FUN_003754a8,0x003754A8,0x003754B4,12
FUN_003754b8,0x003754B8,0x003754C4,12
FUN_003754c8,0x003754C8,0x0037550C,68
FUN_00375540,0x00375540,0x00375590,80
FUN_00375590,0x00375590,0x00375630,160
FUN_00375648,0x00375648,0x0037569C,84
FUN_003756a0,0x003756A0,0x0037586C,460
FUN_00375870,0x00375870,0x00375A7C,524
FUN_00375a80,0x00375A80,0x00376804,3460
FUN_00376808,0x00376808,0x0037695C,340
FUN_00376960,0x00376960,0x003769A4,68
FUN_003769a8,0x003769A8,0x00376AE0,312
FUN_00376ae0,0x00376AE0,0x00376B30,80
FUN_00376b30,0x00376B30,0x00376B68,56
FUN_00376b68,0x00376B68,0x00376C10,168
FUN_00376c10,0x00376C10,0x00376C50,64
FUN_00376c50,0x00376C50,0x00376C68,24
FUN_00376c68,0x00376C68,0x00376CA0,56
FUN_00376df0,0x00376DF0,0x00376E18,40
FUN_00376e18,0x00376E18,0x00376EDC,196
FUN_00376ee0,0x00376EE0,0x00377270,912
FUN_00377270,0x00377270,0x0037751C,684
FUN_00377520,0x00377520,0x00377688,320
FUN_00377688,0x00377688,0x003778C0,528
FUN_003778c0,0x003778C0,0x00377914,84
FUN_00377988,0x00377988,0x00377A18,144
FUN_00377a18,0x00377A18,0x00377A74,92
FUN_00377a78,0x00377A78,0x00377AE4,108
FUN_00377ae8,0x00377AE8,0x00377BDC,244
FUN_00377be0,0x00377BE0,0x00377CA4,196
FUN_00377ca8,0x00377CA8,0x00377CD4,44
FUN_00377cd8,0x00377CD8,0x00377CFC,36
FUN_00377d00,0x00377D00,0x00377D14,20
FUN_00377d18,0x00377D18,0x00377D38,32
FUN_00377d48,0x00377D48,0x00377D54,12
FUN_00377da8,0x00377DA8,0x00377DF8,80
FUN_00377df8,0x00377DF8,0x00377E54,92
FUN_00377e58,0x00377E58,0x00377E68,16
FUN_00377e68,0x00377E68,0x00377E98,48
FUN_00377e98,0x00377E98,0x00377F68,208
FUN_00377f68,0x00377F68,0x00377F8C,36
FUN_00377f90,0x00377F90,0x00377FD0,64
FUN_00377fd0,0x00377FD0,0x00378050,128
FUN_00378050,0x00378050,0x00378084,52
FUN_00378088,0x00378088,0x0037809C,20
FUN_003780c8,0x003780C8,0x00378138,112
FUN_00378138,0x00378138,0x00378168,48
FUN_00378168,0x00378168,0x003781F4,140
FUN_003781f8,0x003781F8,0x00378228,48
FUN_00378258,0x00378258,0x00378300,168
FUN_00378300,0x00378300,0x00378394,148
FUN_00378398,0x00378398,0x003783C0,40
FUN_003783c0,0x003783C0,0x003783E8,40
FUN_003783e8,0x003783E8,0x00378418,48
FUN_00378418,0x00378418,0x00378450,56
FUN_00378450,0x00378450,0x0037849C,76
FUN_003784a0,0x003784A0,0x003784DC,60
FUN_003784e0,0x003784E0,0x00378640,352
FUN_00378640,0x00378640,0x0037868C,76
FUN_00378690,0x00378690,0x0037876C,220
FUN_003787a0,0x003787A0,0x003787B8,24
FUN_003787e8,0x003787E8,0x00378818,48
FUN_00378818,0x00378818,0x003788B4,156
FUN_003788b8,0x003788B8,0x00378920,104
FUN_00378920,0x00378920,0x00378980,96
FUN_00378980,0x00378980,0x00378A08,132
FUN_00378a08,0x00378A08,0x00378A30,40
Async_DataLoad,0x00378A30,0x00378E30,1024
FUN_00378e30,0x00378E30,0x00378E54,36
FUN_00378e98,0x00378E98,0x00378EA8,16
FUN_00378ea8,0x00378EA8,0x00378F98,240
FUN_00378f98,0x00378F98,0x00378FA8,16
FUN_00378fa8,0x00378FA8,0x00378FF8,80
FUN_00379008,0x00379008,0x00379078,112
FUN_00379078,0x00379078,0x00379168,240
FUN_00379168,0x00379168,0x00379184,28
FUN_00379188,0x00379188,0x003791BC,52
FUN_003791c0,0x003791C0,0x003791D4,20
FUN_003791d8,0x003791D8,0x0037928C,180
FUN_003792f0,0x003792F0,0x003794C8,472
FUN_003794c8,0x003794C8,0x00379508,64
FUN_00379508,0x00379508,0x00379574,108
FUN_003796c8,0x003796C8,0x00379738,112
FUN_00379738,0x00379738,0x00379914,476
FUN_00379918,0x00379918,0x00379984,108
FUN_00379988,0x00379988,0x003799A8,32
FUN_003799a8,0x003799A8,0x00379A10,104
FUN_00379a10,0x00379A10,0x00379AA4,148
FUN_00379aa8,0x00379AA8,0x00379D04,604
FUN_00379d08,0x00379D08,0x0037A004,764
FUN_0037a008,0x0037A008,0x0037A068,96
FUN_0037a068,0x0037A068,0x0037A0C8,96
FUN_0037a0c8,0x0037A0C8,0x0037A170,168
FUN_0037a170,0x0037A170,0x0037A1DC,108
FUN_0037a1e0,0x0037A1E0,0x0037A248,104
FUN_0037a248,0x0037A248,0x0037A2BC,116
FUN_0037a2c0,0x0037A2C0,0x0037A334,116
FUN_0037a338,0x0037A338,0x0037A3B8,128
FUN_0037a3b8,0x0037A3B8,0x0037A42C,116
FUN_0037a430,0x0037A430,0x0037A45C,44
FUN_0037a460,0x0037A460,0x0037A4A4,68
FUN_0037a4a8,0x0037A4A8,0x0037A4E8,64
FUN_0037a4e8,0x0037A4E8,0x0037A554,108
FUN_0037a558,0x0037A558,0x0037A5D4,124
FUN_0037a5d8,0x0037A5D8,0x0037A604,44
FUN_0037a608,0x0037A608,0x0037A660,88
FUN_0037a660,0x0037A660,0x0037A6D4,116
FUN_0037a6d8,0x0037A6D8,0x0037A748,112
FUN_0037a748,0x0037A748,0x0037A754,12
FUN_0037a768,0x0037A768,0x0037A77C,20
FUN_0037a780,0x0037A780,0x0037A78C,12
FUN_0037a790,0x0037A790,0x0037A79C,12
FUN_0037a7a0,0x0037A7A0,0x0037A7AC,12
FUN_0037a7b0,0x0037A7B0,0x0037A7BC,12
FUN_0037a7d0,0x0037A7D0,0x0037A81C,76
FUN_0037a868,0x0037A868,0x0037A8B8,80
FUN_0037a918,0x0037A918,0x0037A924,12
FUN_0037a938,0x0037A938,0x0037A954,28
FUN_0037a958,0x0037A958,0x0037A964,12
FUN_0037a968,0x0037A968,0x0037A974,12
FUN_0037aa10,0x0037AA10,0x0037AA8C,124
FUN_0037aa90,0x0037AA90,0x0037AAB8,40
FUN_0037aab8,0x0037AAB8,0x0037AAE0,40
FUN_0037aae0,0x0037AAE0,0x0037AB08,40
FUN_0037ab08,0x0037AB08,0x0037AB30,40
FUN_0037ab30,0x0037AB30,0x0037AB58,40
FUN_0037ab58,0x0037AB58,0x0037AB80,40
FUN_0037ab80,0x0037AB80,0x0037ABA8,40
FUN_0037aba8,0x0037ABA8,0x0037ABF0,72
FUN_0037abf0,0x0037ABF0,0x0037AC18,40
FUN_0037ac18,0x0037AC18,0x0037AC40,40
FUN_0037ac40,0x0037AC40,0x0037AC68,40
FUN_0037ac68,0x0037AC68,0x0037ACD8,112
FUN_0037acd8,0x0037ACD8,0x0037AD00,40
FUN_0037ad00,0x0037AD00,0x0037AD70,112
FUN_0037ad70,0x0037AD70,0x0037AD98,40
FUN_0037ad98,0x0037AD98,0x0037ADC0,40
FUN_0037adc0,0x0037ADC0,0x0037ADE8,40
FUN_0037ade8,0x0037ADE8,0x0037AE10,40
FUN_0037ae10,0x0037AE10,0x0037AE38,40
FUN_0037ae38,0x0037AE38,0x0037AE60,40
FUN_0037ae60,0x0037AE60,0x0037AE88,40
FUN_0037ae88,0x0037AE88,0x0037AEB0,40
FUN_0037aeb0,0x0037AEB0,0x0037AED8,40
FUN_0037aed8,0x0037AED8,0x0037AF00,40
FUN_0037af00,0x0037AF00,0x0037AF28,40
FUN_0037af28,0x0037AF28,0x0037AF50,40
FUN_0037af50,0x0037AF50,0x0037AF78,40
FUN_0037af78,0x0037AF78,0x0037AFA0,40
FUN_0037afa0,0x0037AFA0,0x0037AFC8,40
FUN_0037afc8,0x0037AFC8,0x0037AFF0,40
FUN_0037aff0,0x0037AFF0,0x0037B018,40
FUN_0037b018,0x0037B018,0x0037B040,40
FUN_0037b040,0x0037B040,0x0037B068,40
FUN_0037b068,0x0037B068,0x0037B134,204
FUN_0037b138,0x0037B138,0x0037B218,224
FUN_0037b218,0x0037B218,0x0037B310,248
FUN_0037b310,0x0037B310,0x0037B3B8,168
FUN_0037b3b8,0x0037B3B8,0x0037B3D8,32
FUN_0037b3d8,0x0037B3D8,0x0037B49C,196
FUN_0037b4a0,0x0037B4A0,0x0037B4DC,60
FUN_0037b4e0,0x0037B4E0,0x0037B4F0,16
FUN_0037b4f0,0x0037B4F0,0x0037B518,40
FUN_0037b518,0x0037B518,0x0037B540,40
FUN_0037b540,0x0037B540,0x0037B568,40
FUN_0037b568,0x0037B568,0x0037B590,40
FUN_0037b590,0x0037B590,0x0037B5B8,40
FUN_0037b5b8,0x0037B5B8,0x0037B600,72
FUN_0037b600,0x0037B600,0x0037B628,40
FUN_0037b628,0x0037B628,0x0037B650,40
FUN_0037b650,0x0037B650,0x0037B678,40
FUN_0037b678,0x0037B678,0x0037B6A0,40
FUN_0037b6a0,0x0037B6A0,0x0037B6C8,40
FUN_0037b6c8,0x0037B6C8,0x0037B6F0,40
FUN_0037b6f0,0x0037B6F0,0x0037B718,40
FUN_0037b718,0x0037B718,0x0037B740,40
FUN_0037b740,0x0037B740,0x0037B768,40
FUN_0037b768,0x0037B768,0x0037B790,40
FUN_0037b790,0x0037B790,0x0037B7B8,40
FUN_0037b7b8,0x0037B7B8,0x0037B7E0,40
FUN_0037b7e0,0x0037B7E0,0x0037B808,40
FUN_0037b808,0x0037B808,0x0037B830,40
FUN_0037b830,0x0037B830,0x0037B858,40
FUN_0037b858,0x0037B858,0x0037B888,48
FUN_0037b888,0x0037B888,0x0037B8B0,40
FUN_0037b8b0,0x0037B8B0,0x0037B8D8,40
FUN_0037b8d8,0x0037B8D8,0x0037B984,136
FUN_0037b988,0x0037B988,0x0037BA1C,112
FUN_0037ba20,0x0037BA20,0x0037BA74,84
FUN_0037ba78,0x0037BA78,0x0037BA9C,36
FUN_0037baa0,0x0037BAA0,0x0037BAC4,36
FUN_0037bbd8,0x0037BBD8,0x0037BC60,136
FUN_0037bc60,0x0037BC60,0x0037BCF8,152
FUN_0037bcf8,0x0037BCF8,0x0037BD38,64
FUN_0037bd38,0x0037BD38,0x0037BD90,88
FUN_0037bd90,0x0037BD90,0x0037BDD0,64
FUN_0037bdd0,0x0037BDD0,0x0037BE28,88
FUN_0037be28,0x0037BE28,0x0037BE90,104
FUN_0037be90,0x0037BE90,0x0037BEEC,92
FUN_0037bef0,0x0037BEF0,0x0037BFA4,180
FUN_0037bfa8,0x0037BFA8,0x0037BFEC,68
FUN_0037bff0,0x0037BFF0,0x0037C058,104
FUN_0037c058,0x0037C058,0x0037C080,40
FUN_0037c080,0x0037C080,0x0037C0A8,40
FUN_0037c0a8,0x0037C0A8,0x0037C194,236
FUN_0037c198,0x0037C198,0x0037C3C8,556
FUN_0037c3c8,0x0037C3C8,0x0037C3E4,28
FUN_0037c3e8,0x0037C3E8,0x0037C420,56
FUN_0037c420,0x0037C420,0x0037C48C,108
FUN_0037c4e0,0x0037C4E0,0x0037C5B0,208
FUN_0037c5b0,0x0037C5B0,0x0037C7A4,500
FUN_0037c7a8,0x0037C7A8,0x0037CA50,680
FUN_0037ca50,0x0037CA50,0x0037CFBC,1388
FUN_0037cfc0,0x0037CFC0,0x0037D138,376
FUN_0037d138,0x0037D138,0x0037D50C,980
FUN_0037d510,0x0037D510,0x0037D6D4,452
FUN_0037d6d8,0x0037D6D8,0x0037D868,400
FUN_0037d990,0x0037D990,0x0037D9EC,92
FUN_0037d9f0,0x0037D9F0,0x0037DA10,32
FUN_0037da68,0x0037DA68,0x0037DB64,252
FUN_0037db68,0x0037DB68,0x0037DBDC,116
FUN_0037dbe0,0x0037DBE0,0x0037DC04,36
FUN_0037dc08,0x0037DC08,0x0037DCEC,228
FUN_0037dcf0,0x0037DCF0,0x0037DCF8,8
FUN_0037dcf8,0x0037DCF8,0x0037DD18,32
FUN_0037dd18,0x0037DD18,0x0037DF08,496
FUN_0037df08,0x0037DF08,0x0037E158,592
FUN_0037e158,0x0037E158,0x0037E208,176
FUN_0037e208,0x0037E208,0x0037E5C8,960
FUN_0037e5c8,0x0037E5C8,0x0037E768,416
FUN_0037e768,0x0037E768,0x0037E9D0,616
FUN_0037e9d0,0x0037E9D0,0x0037ECB8,744
FUN_0037ecb8,0x0037ECB8,0x0037EE88,464
FUN_0037ee88,0x0037EE88,0x0037F420,1432
FUN_0037f420,0x0037F420,0x0037F42C,12
FUN_0037f430,0x0037F430,0x0037F500,208
FUN_0037f500,0x0037F500,0x0037F52C,44
FUN_0037f530,0x0037F530,0x0037F53C,12
FUN_0037f550,0x0037F550,0x0037F55C,12
FUN_0037f560,0x0037F560,0x0037F604,164
FUN_0037f608,0x0037F608,0x0037F67C,116
FUN_0037f680,0x0037F680,0x0037F8FC,636
FUN_0037f900,0x0037F900,0x0037F96C,108
FUN_0037f970,0x0037F970,0x0037F9B0,64
FUN_0037f9c0,0x0037F9C0,0x0037F9D0,16
FUN_0037f9d0,0x0037F9D0,0x0037FA38,104
FUN_0037fa38,0x0037FA38,0x0037FA44,12
FUN_0037fa48,0x0037FA48,0x0037FA8C,68
FUN_0037fa90,0x0037FA90,0x0037FA9C,12
FUN_0037fab0,0x0037FAB0,0x0037FABC,12
FUN_0037fac0,0x0037FAC0,0x0037FB90,208
FUN_0037fb90,0x0037FB90,0x0037FC30,160
FUN_0037fc30,0x0037FC30,0x0037FCA0,112
FUN_0037fca0,0x0037FCA0,0x0037FCD8,56
FUN_0037fcd8,0x0037FCD8,0x00380024,840
FUN_00380028,0x00380028,0x00380094,108
FUN_003800b8,0x003800B8,0x00380148,144
FUN_00380148,0x00380148,0x00380170,40
FUN_00380170,0x00380170,0x003804C8,856
FUN_003804c8,0x003804C8,0x00381534,4204
FUN_00381538,0x00381538,0x003815E4,172
FUN_003816f8,0x003816F8,0x00381768,112
FUN_00381840,0x00381840,0x003818D4,148
FUN_003818d8,0x003818D8,0x00381944,108
FUN_00381968,0x00381968,0x003820D0,1896
FUN_00382200,0x00382200,0x0038225C,92
FUN_00382270,0x00382270,0x00382278,8
FUN_00382278,0x00382278,0x00382280,8
FUN_00382280,0x00382280,0x00382288,8
FUN_00382288,0x00382288,0x00382418,400
FUN_00382418,0x00382418,0x00382528,272
FUN_00382528,0x00382528,0x00382564,60
FUN_00382568,0x00382568,0x003826D8,368
FUN_003826d8,0x003826D8,0x0038277C,164
FUN_00382780,0x00382780,0x003827D4,84
FUN_003827d8,0x003827D8,0x00382820,72
FUN_00382820,0x00382820,0x00382898,120
FUN_00382898,0x00382898,0x00382938,160
FUN_00382938,0x00382938,0x003829C0,136
FUN_003829c0,0x003829C0,0x00382A70,176
FUN_00382a70,0x00382A70,0x00382AF4,132
FUN_00382b00,0x00382B00,0x00382E88,904
FUN_00382e90,0x00382E90,0x00382F30,160
FUN_00382f30,0x00382F30,0x00382F40,16
FUN_00382f40,0x00382F40,0x003832B4,884
FUN_003832b8,0x003832B8,0x00383374,188
FUN_00383378,0x00383378,0x0038355C,484
FUN_00383560,0x00383560,0x00383664,260
FUN_00383668,0x00383668,0x00383750,232
FUN_00383750,0x00383750,0x003839E8,664
FUN_003839e8,0x003839E8,0x00383A44,92
FUN_00383a48,0x00383A48,0x00383C2C,484
FUN_00383c30,0x00383C30,0x00383DAC,380
FUN_00383db0,0x00383DB0,0x00383E50,160
FUN_00383e50,0x00383E50,0x00383E8C,60
FUN_00383e90,0x00383E90,0x00384070,480
FUN_00384070,0x00384070,0x0038408C,28
FUN_00384090,0x00384090,0x00384158,200
FUN_00384158,0x00384158,0x003841C8,112
FUN_003841d0,0x003841D0,0x003841F8,40
FUN_003841f8,0x003841F8,0x0038422C,52
FUN_00384230,0x00384230,0x00384258,40
FUN_00384258,0x00384258,0x00384334,220
FUN_00384338,0x00384338,0x00384510,472
FUN_00384518,0x00384518,0x00384580,104
FUN_00384580,0x00384580,0x003845F4,116
FUN_00384600,0x00384600,0x0038467C,124
FUN_00384680,0x00384680,0x003846B8,56
FUN_003846c0,0x003846C0,0x00384758,152
FUN_00384768,0x00384768,0x0038477C,20
FUN_00384780,0x00384780,0x003847E0,96
FUN_003847e0,0x003847E0,0x00384820,64
FUN_00384848,0x00384848,0x0038485C,20
FUN_00384860,0x00384860,0x003848C0,96
FUN_003848c0,0x003848C0,0x00384908,72
FUN_00384918,0x00384918,0x0038493C,36
FUN_00384950,0x00384950,0x00384974,36
FUN_00384988,0x00384988,0x00384998,16
FUN_00384998,0x00384998,0x003849A8,16
FUN_003849a8,0x003849A8,0x00384A00,88
FUN_00384a00,0x00384A00,0x00384A14,20
FUN_00384a18,0x00384A18,0x00384AA8,144
FUN_00384aa8,0x00384AA8,0x00384B1C,116
FUN_00384b20,0x00384B20,0x00384BB8,152
FUN_00384bb8,0x00384BB8,0x00384C2C,116
FUN_00384c30,0x00384C30,0x00384C44,20
FUN_00384c48,0x00384C48,0x00384C60,24
FUN_00384c60,0x00384C60,0x00384D04,164
FUN_00384d08,0x00384D08,0x00384D30,40
FUN_00384d30,0x00384D30,0x00384D54,36
FUN_00384d58,0x00384D58,0x00384D68,16
FUN_00384d68,0x00384D68,0x00384D78,16
FUN_00384d78,0x00384D78,0x00384DD0,88
FUN_00384dd0,0x00384DD0,0x00384DE4,20
FUN_00384de8,0x00384DE8,0x00384E40,88
FUN_00384e40,0x00384E40,0x00384EB0,112
FUN_00384eb0,0x00384EB0,0x00384F48,152
FUN_00384f48,0x00384F48,0x00384FA0,88
FUN_00384fa0,0x00384FA0,0x00384FF8,88
FUN_00384ff8,0x00384FF8,0x00385088,144
FUN_00385088,0x00385088,0x003850D8,80
FUN_003850d8,0x003850D8,0x00385130,88
FUN_00385130,0x00385130,0x0038515C,44
FUN_00385160,0x00385160,0x00385178,24
FUN_00385178,0x00385178,0x0038521C,164
FUN_00385220,0x00385220,0x0038529C,120
FUN_003852a0,0x003852A0,0x003852B4,20
FUN_003852b8,0x003852B8,0x003852CC,20
FUN_003852d0,0x003852D0,0x003852E4,20
FUN_003852e8,0x003852E8,0x00385338,80
FUN_00385338,0x00385338,0x00385360,40
FUN_00385360,0x00385360,0x00385390,48
FUN_003853b0,0x003853B0,0x003853EC,60
FUN_003853f0,0x003853F0,0x00385434,68
FUN_00385458,0x00385458,0x00385470,24
FUN_00385470,0x00385470,0x0038549C,44
FUN_003854a0,0x003854A0,0x003854AC,12
FUN_003854b8,0x003854B8,0x003854C8,16
FUN_003854c8,0x003854C8,0x0038553C,116
FUN_00385540,0x00385540,0x003855E4,164
FUN_003855e8,0x003855E8,0x00385690,168
FUN_00385690,0x00385690,0x00385738,168
FUN_00385738,0x00385738,0x00385788,80
FUN_00385790,0x00385790,0x00385850,192
FUN_00385850,0x00385850,0x003858B8,104
FUN_003858c0,0x003858C0,0x00385904,68
FUN_00385a88,0x00385A88,0x00385B6C,228
FUN_00385b70,0x00385B70,0x00385C10,160
FUN_00385c10,0x00385C10,0x00385C64,84
FUN_00385c68,0x00385C68,0x00385CE0,120
FUN_00385ce0,0x00385CE0,0x00385FDC,764
FUN_00385fe0,0x00385FE0,0x00385FFC,28
FUN_00386000,0x00386000,0x00386158,344
FUN_00386158,0x00386158,0x003861F0,152
FUN_003861f0,0x003861F0,0x00386290,160
FUN_00386290,0x00386290,0x003862FC,108
FUN_00386300,0x00386300,0x00386458,344
FUN_00386458,0x00386458,0x00386740,744
FUN_00386740,0x00386740,0x00386810,208
FUN_00386818,0x00386818,0x003868D4,188
FUN_003868d8,0x003868D8,0x00386B00,548
FUN_00386b18,0x00386B18,0x00386C40,296
FUN_00386c40,0x00386C40,0x00386C74,52
FUN_00386c78,0x00386C78,0x00386D34,188
FUN_00386de8,0x00386DE8,0x00386EFC,276
FUN_00386f00,0x00386F00,0x00387078,376
FUN_00387078,0x00387078,0x0038713C,196
FUN_00387198,0x00387198,0x00387314,380
FUN_00387318,0x00387318,0x00387464,332
FUN_00387470,0x00387470,0x0038753C,204
FUN_00387548,0x00387548,0x00387604,188
FUN_00387610,0x00387610,0x003876DC,204
FUN_003879b0,0x003879B0,0x00387A30,128
FUN_00387a30,0x00387A30,0x00387A6C,60
FUN_00387a70,0x00387A70,0x00387AC0,80
FUN_00387ac0,0x00387AC0,0x00387B18,88
FUN_00387b50,0x00387B50,0x00387BEC,156
FUN_00387bf0,0x00387BF0,0x00387C50,96
FUN_00387c50,0x00387C50,0x00387C6C,28
FUN_00387c70,0x00387C70,0x00387C8C,28
FUN_00387ce0,0x00387CE0,0x00387D00,32
FUN_00387d00,0x00387D00,0x00387D20,32
FUN_00387d40,0x00387D40,0x00387FF8,696
FUN_00387ff8,0x00387FF8,0x00388078,128
FUN_00388078,0x00388078,0x003880B4,60
FUN_003880b8,0x003880B8,0x00388134,124
FUN_00388138,0x00388138,0x003881B8,128
FUN_003881d0,0x003881D0,0x0038826C,156
FUN_00388270,0x00388270,0x003882D0,96
FUN_003882d0,0x003882D0,0x003882EC,28
FUN_003882f0,0x003882F0,0x0038830C,28
FUN_00388388,0x00388388,0x003883A8,32
FUN_003883a8,0x003883A8,0x003883C8,32
FUN_003883c8,0x003883C8,0x00388604,572
FUN_00388608,0x00388608,0x003886FC,244
FUN_00388700,0x00388700,0x00388740,64
FUN_00388740,0x00388740,0x0038877C,60
FUN_00388780,0x00388780,0x00388794,20
FUN_00388798,0x00388798,0x00388818,128
FUN_00388818,0x00388818,0x00388890,120
FUN_00388890,0x00388890,0x00388910,128
FUN_00388910,0x00388910,0x00388968,88
FUN_00388968,0x00388968,0x003889E8,128
FUN_003889e8,0x003889E8,0x00388A40,88
FUN_00388a40,0x00388A40,0x00388A5C,28
FUN_00388a60,0x00388A60,0x00388ABC,92
FUN_00388ac0,0x00388AC0,0x00388B0C,76
FUN_00388b10,0x00388B10,0x00388B98,136
FUN_00388ba8,0x00388BA8,0x00388BC8,32
FUN_00388bc8,0x00388BC8,0x00388BE8,32
FUN_00388be8,0x00388BE8,0x0038919C,1460
FUN_003891a0,0x003891A0,0x00389348,424
FUN_00389348,0x00389348,0x00389478,304
FUN_00389478,0x00389478,0x003895A4,300
FUN_003895a8,0x003895A8,0x0038975C,436
FUN_00389760,0x00389760,0x00389CD4,1396
FUN_00389cd8,0x00389CD8,0x00389E5C,388
FUN_00389e60,0x00389E60,0x00389F3C,220
FUN_00389f40,0x00389F40,0x00389F7C,60
FUN_0038a060,0x0038A060,0x0038A0FC,156
FUN_0038a100,0x0038A100,0x0038A160,96
FUN_0038a160,0x0038A160,0x0038A17C,28
FUN_0038a180,0x0038A180,0x0038A19C,28
FUN_0038a1a0,0x0038A1A0,0x0038A1E4,68
FUN_0038a1f8,0x0038A1F8,0x0038A218,32
FUN_0038a218,0x0038A218,0x0038A238,32
FUN_0038a3a8,0x0038A3A8,0x0038A450,168
FUN_0038a450,0x0038A450,0x0038A4C0,112
FUN_0038a4c0,0x0038A4C0,0x0038A51C,92
FUN_0038a520,0x0038A520,0x0038A564,68
FUN_0038a568,0x0038A568,0x0038A5A8,64
FUN_0038a5a8,0x0038A5A8,0x0038A5D4,44
FUN_0038a5d8,0x0038A5D8,0x0038A604,44
FUN_0038a610,0x0038A610,0x0038A6AC,156
FUN_0038a6b0,0x0038A6B0,0x0038A710,96
FUN_0038a710,0x0038A710,0x0038A72C,28
FUN_0038a730,0x0038A730,0x0038A74C,28
FUN_0038a7c8,0x0038A7C8,0x0038A7E8,32
FUN_0038a7e8,0x0038A7E8,0x0038A808,32
FUN_0038a808,0x0038A808,0x0038A93C,308
FUN_0038a940,0x0038A940,0x0038AA74,308
FUN_0038aa80,0x0038AA80,0x0038AB78,248
FUN_0038ab78,0x0038AB78,0x0038AC70,248
FUN_0038ac70,0x0038AC70,0x0038AD68,248
FUN_0038ad68,0x0038AD68,0x0038AE48,224
FUN_0038aeb8,0x0038AEB8,0x0038AF28,112
FUN_0038af28,0x0038AF28,0x0038AF8C,100
FUN_0038b048,0x0038B048,0x0038B208,448
FUN_0038b360,0x0038B360,0x0038B538,472
FUN_0038b538,0x0038B538,0x0038B78C,596
FUN_0038b790,0x0038B790,0x0038BB14,900
FUN_0038bb98,0x0038BB98,0x0038BBCC,52
FUN_0038bcf8,0x0038BCF8,0x0038BD48,80
FUN_0038bec8,0x0038BEC8,0x0038BF84,188
FUN_0038bf88,0x0038BF88,0x0038BFD8,80
FUN_0038c030,0x0038C030,0x0038C200,464
FUN_0038c200,0x0038C200,0x0038C3C0,448
FUN_0038c478,0x0038C478,0x0038C480,8
FUN_0038c518,0x0038C518,0x0038C520,8
FUN_0038c520,0x0038C520,0x0038C588,104
FUN_0038c588,0x0038C588,0x0038C5E4,92
FUN_0038c5e8,0x0038C5E8,0x0038C654,108
FUN_0038c658,0x0038C658,0x0038C6D8,128
FUN_0038c6d8,0x0038C6D8,0x0038C75C,132
FUN_0038c7e0,0x0038C7E0,0x0038C884,164
FUN_0038c988,0x0038C988,0x0038CB48,448
FUN_0038cd78,0x0038CD78,0x0038CF88,528
FUN_0038cf88,0x0038CF88,0x0038D30C,900
FUN_0038d4e0,0x0038D4E0,0x0038D700,544
FUN_0038d700,0x0038D700,0x0038D734,52
FUN_0038d740,0x0038D740,0x0038D944,516
FUN_0038d958,0x0038D958,0x0038DAA8,336
FUN_0038daa8,0x0038DAA8,0x0038DAF8,80
FUN_0038daf8,0x0038DAF8,0x0038DBD0,216
FUN_0038dbd0,0x0038DBD0,0x0038DC48,120
FUN_0038dc48,0x0038DC48,0x0038DCA8,96
FUN_0038dca8,0x0038DCA8,0x0038DCE8,64
FUN_0038dce8,0x0038DCE8,0x0038DD70,136
FUN_0038dd80,0x0038DD80,0x0038DDA0,32
FUN_0038dda0,0x0038DDA0,0x0038DDC0,32
FUN_0038ddc0,0x0038DDC0,0x0038DE64,164
FUN_0038de68,0x0038DE68,0x0038E040,472
FUN_0038e040,0x0038E040,0x0038E138,248
FUN_0038e138,0x0038E138,0x0038E288,336
FUN_0038e288,0x0038E288,0x0038E2D0,72
FUN_0038e2d0,0x0038E2D0,0x0038E390,192
FUN_0038e398,0x0038E398,0x0038E460,200
FUN_0038e460,0x0038E460,0x0038E528,200
FUN_0038e580,0x0038E580,0x0038E610,144
FUN_0038e610,0x0038E610,0x0038E670,96
FUN_0038e670,0x0038E670,0x0038E68C,28
FUN_0038e690,0x0038E690,0x0038E6AC,28
FUN_0038e6b0,0x0038E6B0,0x0038E6F4,68
FUN_0038e708,0x0038E708,0x0038E728,32
FUN_0038e728,0x0038E728,0x0038E748,32
FUN_0038e748,0x0038E748,0x0038F0F0,2472
FUN_0038f0f0,0x0038F0F0,0x0038F2B8,456
FUN_0038f2b8,0x0038F2B8,0x0038F43C,388
FUN_0038f440,0x0038F440,0x0038F690,592
FUN_0038f690,0x0038F690,0x0038F964,724
FUN_0038f968,0x0038F968,0x0038FB34,460
FUN_0038fb40,0x0038FB40,0x0038FC5C,284
FUN_0038fc60,0x0038FC60,0x0038FE04,420
FUN_0038fe08,0x0038FE08,0x00390128,800
FUN_00390128,0x00390128,0x003903A0,632
FUN_003903a0,0x003903A0,0x003907D4,1076
FUN_003907d8,0x003907D8,0x00390988,432
FUN_00390988,0x00390988,0x00390ED8,1360
FUN_00390ee0,0x00390EE0,0x00391024,324
FUN_00391028,0x00391028,0x00391110,232
FUN_00391110,0x00391110,0x003912DC,460
FUN_003912e0,0x003912E0,0x00391560,640
FUN_00391568,0x00391568,0x003917DC,628
FUN_003917e0,0x003917E0,0x00392400,3104
FUN_00392400,0x00392400,0x003924FC,252
FUN_00392500,0x00392500,0x00392618,280
FUN_00392618,0x00392618,0x003929E0,964
FUN_003929e0,0x003929E0,0x00392E18,1080
FUN_00392e18,0x00392E18,0x00392EEC,212
FUN_00392ef0,0x00392EF0,0x00393340,1104
FUN_00393340,0x00393340,0x00393914,1492
FUN_00393918,0x00393918,0x003941A0,2184
FUN_003941a0,0x003941A0,0x003942C4,292
FUN_003942d8,0x003942D8,0x003943F4,284
FUN_003943f8,0x003943F8,0x00394638,576
FUN_00394638,0x00394638,0x003949F4,956
FUN_003949f8,0x003949F8,0x00394B54,348
FUN_00394b58,0x00394B58,0x00394BA0,72
FUN_00394ba0,0x00394BA0,0x00394C4C,172
FUN_00394c50,0x00394C50,0x00394CA4,84
FUN_00394ca8,0x00394CA8,0x00394CB0,8
FUN_00394cc0,0x00394CC0,0x00394D40,128
FUN_00394d40,0x00394D40,0x00394D98,88
FUN_00394d98,0x00394D98,0x00394E18,128
FUN_00394e18,0x00394E18,0x00394E70,88
FUN_00394e70,0x00394E70,0x00394EF0,128
FUN_00394ef0,0x00394EF0,0x00394F48,88
FUN_00394f48,0x00394F48,0x00394F50,8
FUN_00394f50,0x00394F50,0x00394F80,48
FUN_00394f88,0x00394F88,0x00395010,136
FUN_00395010,0x00395010,0x003950A0,144
FUN_003950a0,0x003950A0,0x003951B0,272
FUN_003951b0,0x003951B0,0x00395244,148
FUN_00395250,0x00395250,0x0039528C,60
FUN_00395290,0x00395290,0x00395364,212
FUN_00395368,0x00395368,0x00395468,256
FUN_00395468,0x00395468,0x003954DC,116
FUN_00395640,0x00395640,0x003956E4,164
FUN_003956e8,0x003956E8,0x0039574C,100
FUN_00395750,0x00395750,0x0039576C,28
FUN_00395770,0x00395770,0x0039578C,28
FUN_003957a8,0x003957A8,0x003957C8,32
FUN_003957c8,0x003957C8,0x003957E8,32
FUN_003957e8,0x003957E8,0x00395988,416
FUN_00395988,0x00395988,0x00395ADC,340
FUN_00395ae0,0x00395AE0,0x00395B94,180
FUN_00395b98,0x00395B98,0x00395C58,192
FUN_00395c58,0x00395C58,0x00395D08,176
FUN_00395d08,0x00395D08,0x00395D90,136
FUN_00395da0,0x00395DA0,0x00395DC0,32
FUN_00395dc0,0x00395DC0,0x00395DE0,32
FUN_00395de0,0x00395DE0,0x00395E70,144
FUN_00395e70,0x00395E70,0x00395F60,240
FUN_00395f60,0x00395F60,0x00396168,520
FUN_00396168,0x00396168,0x00396370,520
FUN_00396370,0x00396370,0x003964A0,304
FUN_003964a0,0x003964A0,0x00396590,240
FUN_00396590,0x00396590,0x00396680,240
FUN_00396680,0x00396680,0x00396770,240
FUN_00396770,0x00396770,0x00396860,240
FUN_00396860,0x00396860,0x00396950,240
FUN_00396950,0x00396950,0x00396A40,240
FUN_00396a40,0x00396A40,0x00396B30,240
FUN_00396b30,0x00396B30,0x00396C28,248
FUN_00396c28,0x00396C28,0x00396D20,248
FUN_00396d20,0x00396D20,0x00396E18,248
FUN_00396e18,0x00396E18,0x00396F1C,260
FUN_00396f20,0x00396F20,0x00397024,260
FUN_00397028,0x00397028,0x0039712C,260
FUN_00397130,0x00397130,0x003971B8,136
FUN_003971e0,0x003971E0,0x00397200,32
FUN_00397200,0x00397200,0x00397250,80
FUN_00397250,0x00397250,0x00397384,308
FUN_00397408,0x00397408,0x003974AC,164
FUN_003974b0,0x003974B0,0x003974D0,32
FUN_003974d0,0x003974D0,0x0039757C,172
FUN_00397580,0x00397580,0x00397614,148
FUN_00397618,0x00397618,0x003979E0,968
FUN_003979e0,0x003979E0,0x00397AD4,244
FUN_00397bf0,0x00397BF0,0x00397CC0,208
FUN_00397cc0,0x00397CC0,0x00397CE0,32
FUN_00397ce0,0x00397CE0,0x00397DA4,196
FUN_00397da8,0x00397DA8,0x00397EC0,280
FUN_00397ec0,0x00397EC0,0x00397F3C,124
FUN_00397f40,0x00397F40,0x00397F4C,12
FUN_00397f50,0x00397F50,0x00397F6C,28
FUN_00397f78,0x00397F78,0x00397FAC,52
FUN_00397fb0,0x00397FB0,0x00398044,148
FUN_00398048,0x00398048,0x003980DC,148
FUN_003980e8,0x003980E8,0x00398170,136
FUN_00398180,0x00398180,0x003981A0,32
FUN_003981a0,0x003981A0,0x003981C0,32
FUN_003981c0,0x003981C0,0x0039823C,124
FUN_00398250,0x00398250,0x00398270,32
FUN_00398270,0x00398270,0x00398290,32
FUN_00398290,0x00398290,0x0039856C,732
FUN_00398570,0x00398570,0x0039871C,428
FUN_00398720,0x00398720,0x0039882C,268
FUN_003988a8,0x003988A8,0x003988DC,52
FUN_00398908,0x00398908,0x00398984,124
FUN_003989b0,0x003989B0,0x003989D0,32
FUN_003989d0,0x003989D0,0x00398A20,80
FUN_00398a30,0x00398A30,0x00398A50,32
FUN_00398a50,0x00398A50,0x00398A70,32
FUN_00398a70,0x00398A70,0x00398B00,144
FUN_00398b00,0x00398B00,0x00398B60,96
FUN_00398b90,0x00398B90,0x00398BB0,32
FUN_00398bb0,0x00398BB0,0x00398BD0,32
FUN_00398bd0,0x00398BD0,0x00398C4C,124
FUN_00398c78,0x00398C78,0x00398C98,32
FUN_00398ca8,0x00398CA8,0x00399034,908
FUN_00399038,0x00399038,0x003991D4,412
FUN_00399290,0x00399290,0x00399334,164
FUN_00399338,0x00399338,0x003993B4,124
FUN_003993c8,0x003993C8,0x003993E8,32
FUN_003993e8,0x003993E8,0x00399408,32
FUN_00399408,0x00399408,0x003994E0,216
FUN_003994e0,0x003994E0,0x003996F8,536
FUN_003996f8,0x003996F8,0x00399818,288
FUN_00399818,0x00399818,0x00399C3C,1060
FUN_00399c40,0x00399C40,0x0039A03C,1020
FUN_0039a040,0x0039A040,0x0039A38C,844
FUN_0039a390,0x0039A390,0x0039AA3C,1708
FUN_0039aa40,0x0039AA40,0x0039AF44,1284
FUN_0039af48,0x0039AF48,0x0039B1FC,692
FUN_0039b200,0x0039B200,0x0039B9B8,1976
FUN_0039b9b8,0x0039B9B8,0x0039BD64,940
FUN_0039bd70,0x0039BD70,0x0039BE9C,300
FUN_0039bea0,0x0039BEA0,0x0039C04C,428
FUN_0039c050,0x0039C050,0x0039C128,216
FUN_0039c128,0x0039C128,0x0039C1F4,204
FUN_0039c1f8,0x0039C1F8,0x0039C2C8,208
FUN_0039c2c8,0x0039C2C8,0x0039C350,136
FUN_0039c350,0x0039C350,0x0039C3F4,164
FUN_0039c3f8,0x0039C3F8,0x0039C42C,52
FUN_0039c430,0x0039C430,0x0039C7CC,924
FUN_0039c7d0,0x0039C7D0,0x0039CD20,1360
FUN_0039cd20,0x0039CD20,0x0039CE48,296
FUN_0039ce48,0x0039CE48,0x0039CE8C,68
FUN_0039cea0,0x0039CEA0,0x0039CEAC,12
FUN_0039cec0,0x0039CEC0,0x0039CEE0,32
FUN_0039cee0,0x0039CEE0,0x0039CF00,32
FUN_0039cf08,0x0039CF08,0x0039CF18,16
FUN_0039cf18,0x0039CF18,0x0039CF5C,68
FUN_0039cf60,0x0039CF60,0x0039CFDC,124
FUN_0039cfe0,0x0039CFE0,0x0039D5A8,1480
FUN_0039d5a8,0x0039D5A8,0x0039D6E8,320
FUN_0039d6e8,0x0039D6E8,0x0039DB74,1164
FUN_0039db78,0x0039DB78,0x0039DD1C,420
FUN_0039dd20,0x0039DD20,0x0039DF54,564
FUN_0039df58,0x0039DF58,0x0039E184,556
FUN_0039e188,0x0039E188,0x0039E888,1792
FUN_0039e888,0x0039E888,0x0039ECD8,1104
FUN_0039ecd8,0x0039ECD8,0x0039F2A4,1484
FUN_0039f2a8,0x0039F2A8,0x0039F8A4,1532
FUN_0039f8a8,0x0039F8A8,0x0039F9E0,312
FUN_003a0538,0x003A0538,0x003A0A14,1244
FUN_003a0a18,0x003A0A18,0x003A0CF4,732
FUN_003a0cf8,0x003A0CF8,0x003A11F0,1272
FUN_003a11f0,0x003A11F0,0x003A1598,936
FUN_003a1598,0x003A1598,0x003A1DD8,2108
FUN_003a1dd8,0x003A1DD8,0x003A2A48,3180
FUN_003a2a48,0x003A2A48,0x003A2AB8,112
FUN_003a2ab8,0x003A2AB8,0x003A2B58,160
FUN_003a2b58,0x003A2B58,0x003A2BF8,160
FUN_003a2cc0,0x003A2CC0,0x003A2CE8,40
FUN_003a2cf0,0x003A2CF0,0x003A2EB4,452
FUN_003a2eb8,0x003A2EB8,0x003A3060,424
FUN_003a3068,0x003A3068,0x003A320C,420
FUN_003a3210,0x003A3210,0x003A33A8,408
FUN_003a33a8,0x003A33A8,0x003A3574,460
FUN_003a3578,0x003A3578,0x003A3854,732
FUN_003a3858,0x003A3858,0x003A3B14,700
FUN_003a3b30,0x003A3B30,0x003A3B38,8
FUN_003a3b38,0x003A3B38,0x003A3BF8,192
FUN_003a3c00,0x003A3C00,0x003A3D28,296
FUN_003a3d28,0x003A3D28,0x003A3FC0,664
FUN_003a3fc0,0x003A3FC0,0x003A401C,92
FUN_003a4020,0x003A4020,0x003A4070,80
FUN_003a4070,0x003A4070,0x003A40C8,88
FUN_003a40c8,0x003A40C8,0x003A4144,124
FUN_003a4158,0x003A4158,0x003A4178,32
FUN_003a4178,0x003A4178,0x003A4198,32
FUN_003a4198,0x003A4198,0x003A4228,144
FUN_003a4228,0x003A4228,0x003A42B8,144
FUN_003a42e8,0x003A42E8,0x003A4308,32
FUN_003a4308,0x003A4308,0x003A4328,32
FUN_003a4328,0x003A4328,0x003A441C,244
FUN_003a4420,0x003A4420,0x003A442C,12
FUN_003a4430,0x003A4430,0x003A443C,12
FUN_003a4440,0x003A4440,0x003A44C8,136
FUN_003a44d8,0x003A44D8,0x003A44F8,32
FUN_003a44f8,0x003A44F8,0x003A4518,32
FUN_003a4518,0x003A4518,0x003A457C,100
FUN_003a4580,0x003A4580,0x003A45F4,116
FUN_003a4800,0x003A4800,0x003A4838,56
FUN_003a4840,0x003A4840,0x003A48C4,132
FUN_003a49c8,0x003A49C8,0x003A4A64,156
FUN_003a4a68,0x003A4A68,0x003A4AC8,96
FUN_003a4ac8,0x003A4AC8,0x003A4AE4,28
FUN_003a4ae8,0x003A4AE8,0x003A4B04,28
FUN_003a4b60,0x003A4B60,0x003A4B80,32
FUN_003a4b80,0x003A4B80,0x003A4BA0,32
FUN_003a4ba0,0x003A4BA0,0x003A4BFC,92
FUN_003a4c00,0x003A4C00,0x003A4C40,64
FUN_003a4c40,0x003A4C40,0x003A4C6C,44
FUN_003a4c78,0x003A4C78,0x003A4CA4,44
FUN_003a4ca8,0x003A4CA8,0x003A4CF4,76
FUN_003a4cf8,0x003A4CF8,0x003A4D94,156
FUN_003a4d98,0x003A4D98,0x003A4DF8,96
FUN_003a4df8,0x003A4DF8,0x003A4E14,28
FUN_003a4e18,0x003A4E18,0x003A4E34,28
FUN_003a4e70,0x003A4E70,0x003A4E90,32
FUN_003a4e90,0x003A4E90,0x003A4EB0,32
FUN_003a4eb0,0x003A4EB0,0x003A502C,380
FUN_003a5030,0x003A5030,0x003A54C8,1176
FUN_003a54c8,0x003A54C8,0x003A5508,64
FUN_003a5508,0x003A5508,0x003A5558,80
FUN_003a5558,0x003A5558,0x003A55AC,84
FUN_003a55b0,0x003A55B0,0x003A55EC,60
FUN_003a5768,0x003A5768,0x003A5804,156
FUN_003a5808,0x003A5808,0x003A5868,96
FUN_003a5868,0x003A5868,0x003A5884,28
FUN_003a5888,0x003A5888,0x003A58A4,28
FUN_003a5920,0x003A5920,0x003A5940,32
FUN_003a5940,0x003A5940,0x003A5960,32
FUN_003a5960,0x003A5960,0x003A5998,56
FUN_003a5998,0x003A5998,0x003A5A0C,116
FUN_003a5a10,0x003A5A10,0x003A5AA4,148
FUN_003a5ab0,0x003A5AB0,0x003A5B38,136
FUN_003a5b48,0x003A5B48,0x003A5B68,32
FUN_003a5b68,0x003A5B68,0x003A5B88,32
FUN_003a5b88,0x003A5B88,0x003A5CE8,352
FUN_003a5ce8,0x003A5CE8,0x003A5E40,344
FUN_003a5e40,0x003A5E40,0x003A6044,516
FUN_003a6048,0x003A6048,0x003A6224,476
FUN_003a6580,0x003A6580,0x003A66C4,324
FUN_003a6768,0x003A6768,0x003A6804,156
FUN_003a6808,0x003A6808,0x003A6868,96
FUN_003a6868,0x003A6868,0x003A6884,28
FUN_003a6888,0x003A6888,0x003A68A4,28
FUN_003a68f0,0x003A68F0,0x003A690C,28
FUN_003a6920,0x003A6920,0x003A6940,32
FUN_003a6940,0x003A6940,0x003A6960,32
FUN_003a6960,0x003A6960,0x003A6A80,288
FUN_003a6a80,0x003A6A80,0x003A6B84,260
FUN_003a6b88,0x003A6B88,0x003A6BEC,100
FUN_003a6bf0,0x003A6BF0,0x003A6C7C,140
FUN_003a6c80,0x003A6C80,0x003A6CF8,120
FUN_003a6cf8,0x003A6CF8,0x003A6DE4,236
FUN_003a6df0,0x003A6DF0,0x003A6ED4,224
FUN_003a6f60,0x003A6F60,0x003A6FFC,156
FUN_003a7000,0x003A7000,0x003A7060,96
FUN_003a7060,0x003A7060,0x003A707C,28
FUN_003a7080,0x003A7080,0x003A709C,28
FUN_003a70d8,0x003A70D8,0x003A70F4,28
FUN_003a7108,0x003A7108,0x003A7128,32
FUN_003a7128,0x003A7128,0x003A7148,32
FUN_003a7148,0x003A7148,0x003A7334,492
FUN_003a7338,0x003A7338,0x003A7704,972
FUN_003a7708,0x003A7708,0x003A7848,320
FUN_003a79e0,0x003A79E0,0x003A7CD8,760
FUN_003a7cd8,0x003A7CD8,0x003A7D74,156
FUN_003a7de8,0x003A7DE8,0x003A7EFC,276
FUN_003a8018,0x003A8018,0x003A80B4,156
FUN_003a80b8,0x003A80B8,0x003A8108,80
FUN_003a8108,0x003A8108,0x003A8124,28
FUN_003a8128,0x003A8128,0x003A8144,28
FUN_003a8148,0x003A8148,0x003A8164,28
FUN_003a8178,0x003A8178,0x003A8198,32
FUN_003a8198,0x003A8198,0x003A81B8,32
FUN_003a81b8,0x003A81B8,0x003A8234,124
FUN_003a8238,0x003A8238,0x003A829C,100
FUN_003a82a0,0x003A82A0,0x003A835C,188
FUN_003a8360,0x003A8360,0x003A8398,56
FUN_003a83a0,0x003A83A0,0x003A83CC,44
FUN_003a83d0,0x003A83D0,0x003A83FC,44
FUN_003a8400,0x003A8400,0x003A8434,52
FUN_003a8438,0x003A8438,0x003A8464,44
FUN_003a8468,0x003A8468,0x003A8498,48
FUN_003a8498,0x003A8498,0x003A84CC,52
FUN_003a84d0,0x003A84D0,0x003A856C,156
FUN_003a8570,0x003A8570,0x003A85D0,96
FUN_003a85d0,0x003A85D0,0x003A85EC,28
FUN_003a85f0,0x003A85F0,0x003A860C,28
FUN_003a8648,0x003A8648,0x003A8668,32
FUN_003a8668,0x003A8668,0x003A8688,32
FUN_003a8688,0x003A8688,0x003A86F8,112
FUN_003a86f8,0x003A86F8,0x003A8700,8
FUN_003a8708,0x003A8708,0x003A8718,16
FUN_003a8718,0x003A8718,0x003A8720,8
FUN_003a8720,0x003A8720,0x003A8728,8
FUN_003a8728,0x003A8728,0x003A88F8,464
FUN_003a8920,0x003A8920,0x003A899C,124
FUN_003a89b0,0x003A89B0,0x003A89D0,32
FUN_003a89d0,0x003A89D0,0x003A89F0,32
FUN_003a89f0,0x003A89F0,0x003A8B44,340
FUN_003a8b48,0x003A8B48,0x003A8B7C,52
FUN_003a8b80,0x003A8B80,0x003A8BA4,36
FUN_003a8ba8,0x003A8BA8,0x003A8BC4,28
FUN_003a8bc8,0x003A8BC8,0x003A8BD0,8
FUN_003a8c80,0x003A8C80,0x003A8D10,144
FUN_003a8d10,0x003A8D10,0x003A8D70,96
FUN_003a8d70,0x003A8D70,0x003A8D8C,28
FUN_003a8d90,0x003A8D90,0x003A8DAC,28
FUN_003a8de8,0x003A8DE8,0x003A8E08,32
FUN_003a8e08,0x003A8E08,0x003A8E28,32
FUN_003a8e28,0x003A8E28,0x003A8EA4,124
FUN_003a8ed0,0x003A8ED0,0x003A8EF0,32
FUN_003a8ef0,0x003A8EF0,0x003A8F54,100
FUN_003a8f58,0x003A8F58,0x003A8FB0,88
FUN_003a8fb0,0x003A8FB0,0x003A9084,212
FUN_003a9088,0x003A9088,0x003A919C,276
FUN_003a91a0,0x003A91A0,0x003A92E4,324
FUN_003a92e8,0x003A92E8,0x003A9390,168
FUN_003a9390,0x003A9390,0x003A93E8,88
FUN_003a93f0,0x003A93F0,0x003A9458,104
FUN_003a9498,0x003A9498,0x003A9534,156
FUN_003a9538,0x003A9538,0x003A9588,80
FUN_003a9588,0x003A9588,0x003A95A4,28
FUN_003a95a8,0x003A95A8,0x003A95C4,28
FUN_003a95e0,0x003A95E0,0x003A9600,32
FUN_003a9600,0x003A9600,0x003A9620,32
FUN_003a9620,0x003A9620,0x003A96D8,184
FUN_003a9968,0x003A9968,0x003A99B0,72
FUN_003a9ac8,0x003A9AC8,0x003A9B68,160
FUN_003a9b68,0x003A9B68,0x003A9C04,156
FUN_003a9c08,0x003A9C08,0x003A9C24,28
FUN_003a9c28,0x003A9C28,0x003A9C44,28
FUN_003a9c90,0x003A9C90,0x003A9CB0,32
FUN_003a9cb0,0x003A9CB0,0x003A9CD0,32
FUN_003a9cd8,0x003A9CD8,0x003A9DA4,204
FUN_003a9da8,0x003A9DA8,0x003A9F30,392
FUN_003a9f30,0x003A9F30,0x003AA0E8,440
FUN_003aa0e8,0x003AA0E8,0x003AA2A0,440
FUN_003aa2a0,0x003AA2A0,0x003AA460,448
FUN_003aa460,0x003AA460,0x003AA624,452
FUN_003aa628,0x003AA628,0x003AA67C,84
FUN_003aa680,0x003AA680,0x003AA720,160
FUN_003aa720,0x003AA720,0x003AAABC,924
FUN_003aaac0,0x003AAAC0,0x003AAF84,1220
FUN_003aaf88,0x003AAF88,0x003AB168,480
FUN_003ab168,0x003AB168,0x003AC160,4088
FUN_003ac160,0x003AC160,0x003AC648,1256
FUN_003ac648,0x003AC648,0x003AC734,236
FUN_003ac738,0x003AC738,0x003ACF20,2024
FUN_003acf20,0x003ACF20,0x003AD760,2112
FUN_003ad760,0x003AD760,0x003ADA40,736
FUN_003ada40,0x003ADA40,0x003ADFBC,1404
FUN_003adfc0,0x003ADFC0,0x003AE1A4,484
FUN_003ae1a8,0x003AE1A8,0x003AE3A0,504
FUN_003ae3a0,0x003AE3A0,0x003AE414,116
FUN_003ae418,0x003AE418,0x003AE4E4,204
FUN_003ae4e8,0x003AE4E8,0x003AE528,64
FUN_003ae528,0x003AE528,0x003AE5C0,152
FUN_003ae5c0,0x003AE5C0,0x003AE5F8,56
FUN_003ae5f8,0x003AE5F8,0x003AE714,284
FUN_003ae718,0x003AE718,0x003AE840,296
FUN_003ae840,0x003AE840,0x003AEAB8,632
FUN_003aeab8,0x003AEAB8,0x003AED4C,660
FUN_003aed50,0x003AED50,0x003AEF8C,572
FUN_003aef90,0x003AEF90,0x003AF208,632
FUN_003af208,0x003AF208,0x003AF428,544
FUN_003af428,0x003AF428,0x003AF510,232
FUN_003af510,0x003AF510,0x003AF65C,332
FUN_003af668,0x003AF668,0x003AF70C,164
FUN_003af710,0x003AF710,0x003AF788,120
FUN_003af788,0x003AF788,0x003B00F8,2416
FUN_003b00f8,0x003B00F8,0x003B0A0C,2324
FUN_003b0a10,0x003B0A10,0x003B0BD8,456
FUN_003b0bd8,0x003B0BD8,0x003B0DB0,472
FUN_003b0db0,0x003B0DB0,0x003B1090,736
FUN_003b1090,0x003B1090,0x003B1258,456
FUN_003b1258,0x003B1258,0x003B14EC,660
FUN_003b14f0,0x003B14F0,0x003B16C0,464
FUN_003b16c0,0x003B16C0,0x003B1960,672
FUN_003b1960,0x003B1960,0x003B19A8,72
FUN_003b19a8,0x003B19A8,0x003B1A4C,164
FUN_003b1a50,0x003B1A50,0x003B1AF8,168
FUN_003b1af8,0x003B1AF8,0x003B1B94,156
FUN_003b1b98,0x003B1B98,0x003B1C2C,148
FUN_003b1c30,0x003B1C30,0x003B1CE4,180
FUN_003b1ce8,0x003B1CE8,0x003B1DD8,240
FUN_003b1dd8,0x003B1DD8,0x003B1F94,444
FUN_003b1fa0,0x003B1FA0,0x003B2088,232
FUN_003b2088,0x003B2088,0x003B271C,1684
FUN_003b2b28,0x003B2B28,0x003B2F28,1024
FUN_003b2f28,0x003B2F28,0x003B316C,580
FUN_003b3170,0x003B3170,0x003B31EC,124
FUN_003b31f0,0x003B31F0,0x003B3244,84
FUN_003b3248,0x003B3248,0x003B32E0,152
FUN_003b3308,0x003B3308,0x003B3D8C,2688
FUN_003b3d90,0x003B3D90,0x003B4824,2704
FUN_003b4828,0x003B4828,0x003B5270,2628
FUN_003b5270,0x003B5270,0x003B5CC8,2644
FUN_003b5cc8,0x003B5CC8,0x003B5D6C,164
FUN_003b5d70,0x003B5D70,0x003B5E20,176
FUN_003b5e20,0x003B5E20,0x003B5EC4,164
FUN_003b5ec8,0x003B5EC8,0x003B5F60,152
FUN_003b5f60,0x003B5F60,0x003B6C68,3336
FUN_003b6c68,0x003B6C68,0x003B6D0C,164
FUN_003b6d10,0x003B6D10,0x003B6D50,64
FUN_003b6d50,0x003B6D50,0x003B6D90,64
FUN_003b6d90,0x003B6D90,0x003B6DD0,64
FUN_003b6dd0,0x003B6DD0,0x003B6E10,64
FUN_003b6e10,0x003B6E10,0x003B6E50,64
FUN_003b6e50,0x003B6E50,0x003B6E90,64
FUN_003b6f18,0x003B6F18,0x003B6F94,124
FUN_003b6f98,0x003B6F98,0x003B6FC0,40
FUN_003b6fc0,0x003B6FC0,0x003B70D8,280
FUN_003b70d8,0x003B70D8,0x003B71FC,292
FUN_003b7200,0x003B7200,0x003B72A4,164
FUN_003b72a8,0x003B72A8,0x003B72FC,84
FUN_003b7300,0x003B7300,0x003B73BC,188
FUN_003b73c0,0x003B73C0,0x003B7414,84
FUN_003b7418,0x003B7418,0x003B74D4,188
FUN_003b74d8,0x003B74D8,0x003B752C,84
FUN_003b7530,0x003B7530,0x003B75FC,204
FUN_003b7600,0x003B7600,0x003B7654,84
FUN_003b7658,0x003B7658,0x003B76AC,84
FUN_003b76b0,0x003B76B0,0x003B7DB8,1800
FUN_003b7db8,0x003B7DB8,0x003B7E5C,164
FUN_003b7e60,0x003B7E60,0x003B7EC0,96
FUN_003b7ec0,0x003B7EC0,0x003B7F3C,124
FUN_003b7f40,0x003B7F40,0x003B7F74,52
FUN_003b7f78,0x003B7F78,0x003B7FB8,64
FUN_003b7fb8,0x003B7FB8,0x003B7FFC,68
FUN_003b8000,0x003B8000,0x003B8044,68
FUN_003b8048,0x003B8048,0x003B808C,68
FUN_003b8090,0x003B8090,0x003B80D4,68
FUN_003b80d8,0x003B80D8,0x003B811C,68
FUN_003b8120,0x003B8120,0x003B84E0,960
FUN_003b84e0,0x003B84E0,0x003B8740,608
FUN_003b8740,0x003B8740,0x003B89E0,672
FUN_003b89e8,0x003B89E8,0x003B8A54,108
FUN_003b8a58,0x003B8A58,0x003B8B74,284
FUN_003b8b78,0x003B8B78,0x003B8CEC,372
FUN_003b8cf0,0x003B8CF0,0x003B8E28,312
FUN_003b8e28,0x003B8E28,0x003B9038,528
FUN_003b9038,0x003B9038,0x003B9278,576
FUN_003b9278,0x003B9278,0x003B9538,704
FUN_003b9538,0x003B9538,0x003B98AC,884
FUN_003b98b0,0x003B98B0,0x003B9930,128
FUN_003b9930,0x003B9930,0x003B9984,84
FUN_003b9988,0x003B9988,0x003B99D0,72
FUN_003b99d0,0x003B99D0,0x003B9B08,312
FUN_003b9b08,0x003B9B08,0x003B9C54,332
FUN_003b9c58,0x003B9C58,0x003BA054,1020
FUN_003ba058,0x003BA058,0x003BA568,1296
FUN_003ba568,0x003BA568,0x003BA914,940
FUN_003ba918,0x003BA918,0x003BA9BC,164
FUN_003ba9c0,0x003BA9C0,0x003BAA80,192
FUN_003bab00,0x003BAB00,0x003BAEE8,1000
FUN_003baee8,0x003BAEE8,0x003BB318,1072
FUN_003bb318,0x003BB318,0x003BB510,504
FUN_003bb510,0x003BB510,0x003BB5B4,164
FUN_003bb5b8,0x003BB5B8,0x003BB648,144
FUN_003bb648,0x003BB648,0x003BB6F4,172
FUN_003bb6f8,0x003BB6F8,0x003BB790,152
FUN_003bb790,0x003BB790,0x003BB860,208
FUN_003bb860,0x003BB860,0x003BB930,208
FUN_003bb930,0x003BB930,0x003BBA10,224
FUN_003bba10,0x003BBA10,0x003BBAFC,236
FUN_003bbb00,0x003BBB00,0x003BBC04,260
FUN_003bbc08,0x003BBC08,0x003BBD00,248
FUN_003bbd00,0x003BBD00,0x003BBF3C,572
FUN_003bbf40,0x003BBF40,0x003BC17C,572
FUN_003bc180,0x003BC180,0x003BC224,164
FUN_003bc228,0x003BC228,0x003BC2C4,156
FUN_003bc2d8,0x003BC2D8,0x003BC534,604
FUN_003bc538,0x003BC538,0x003BC6A4,364
FUN_003bc6a8,0x003BC6A8,0x003BC814,364
FUN_003bc818,0x003BC818,0x003BC9AC,404
FUN_003bc9b0,0x003BC9B0,0x003BCB20,368
FUN_003bcb20,0x003BCB20,0x003BCCC0,416
FUN_003bccc0,0x003BCCC0,0x003BCE2C,364
FUN_003bce30,0x003BCE30,0x003BCFCC,412
FUN_003bcfd0,0x003BCFD0,0x003BD074,164
FUN_003bd078,0x003BD078,0x003BD108,144
FUN_003bd108,0x003BD108,0x003BD1B4,172
FUN_003bd1b8,0x003BD1B8,0x003BD250,152
FUN_003bd250,0x003BD250,0x003BD508,696
FUN_003bd508,0x003BD508,0x003BD7D0,712
FUN_003bd7d0,0x003BD7D0,0x003BD9D4,516
FUN_003bd9d8,0x003BD9D8,0x003BDBEC,532
FUN_003bdbf0,0x003BDBF0,0x003BDC94,164
FUN_003bdc98,0x003BDC98,0x003BDD60,200
FUN_003bdd60,0x003BDD60,0x003BDE1C,188
FUN_003bde20,0x003BDE20,0x003BDEB8,152
FUN_003bdeb8,0x003BDEB8,0x003BE10C,596
FUN_003be118,0x003BE118,0x003BE18C,116
FUN_003be190,0x003BE190,0x003BE230,160
FUN_003be238,0x003BE238,0x003BE260,40
FUN_003be260,0x003BE260,0x003BE290,48
FUN_003be2b0,0x003BE2B0,0x003BE510,608
FUN_003be510,0x003BE510,0x003BE674,356
FUN_003be678,0x003BE678,0x003BE7DC,356
FUN_003be7e0,0x003BE7E0,0x003BE9E8,520
FUN_003be9e8,0x003BE9E8,0x003BEB58,368
FUN_003beb58,0x003BEB58,0x003BED64,524
FUN_003bed68,0x003BED68,0x003BEECC,356
FUN_003beed0,0x003BEED0,0x003BF0E4,532
FUN_003bf0e8,0x003BF0E8,0x003BF18C,164
FUN_003bf190,0x003BF190,0x003BF220,144
FUN_003bf220,0x003BF220,0x003BF2CC,172
FUN_003bf2d0,0x003BF2D0,0x003BF368,152
FUN_003bf368,0x003BF368,0x003BF774,1036
FUN_003bf778,0x003BF778,0x003BFA94,796
FUN_003bfa98,0x003BFA98,0x003BFDB4,796
FUN_003bfdb8,0x003BFDB8,0x003BFF78,448
FUN_003bff78,0x003BFF78,0x003C001C,164
FUN_003c0020,0x003C0020,0x003C0094,116
FUN_003c0098,0x003C0098,0x003C010C,116
FUN_003c0110,0x003C0110,0x003C0178,104
FUN_003c0178,0x003C0178,0x003C01A0,40
FUN_003c01a0,0x003C01A0,0x003C04AC,780
FUN_003c04b0,0x003C04B0,0x003C07BC,780
FUN_003c07c0,0x003C07C0,0x003C09A0,480
FUN_003c09a0,0x003C09A0,0x003C0A44,164
FUN_003c0a48,0x003C0A48,0x003C0ABC,116
FUN_003c0ac0,0x003C0AC0,0x003C0B34,116
FUN_003c0b38,0x003C0B38,0x003C0BA0,104
FUN_003c0ba0,0x003C0BA0,0x003C0BC8,40
FUN_003c0bc8,0x003C0BC8,0x003C0EBC,756
FUN_003c0ec0,0x003C0EC0,0x003C1070,432
FUN_003c1070,0x003C1070,0x003C1220,432
FUN_003c1220,0x003C1220,0x003C1330,272
FUN_003c1330,0x003C1330,0x003C1444,276
FUN_003c1448,0x003C1448,0x003C149C,84
FUN_003c14a0,0x003C14A0,0x003C1514,116
FUN_003c1518,0x003C1518,0x003C158C,116
FUN_003c1590,0x003C1590,0x003C1794,516
FUN_003c1798,0x003C1798,0x003C19B8,544
FUN_003c19b8,0x003C19B8,0x003C1B30,376
FUN_003c1b30,0x003C1B30,0x003C1CCC,412
FUN_003c1cd0,0x003C1CD0,0x003C1D74,164
FUN_003c1d78,0x003C1D78,0x003C1E20,168
FUN_003c1e20,0x003C1E20,0x003C1EBC,156
FUN_003c1ec0,0x003C1EC0,0x003C1F28,104
FUN_003c1f28,0x003C1F28,0x003C1F44,28
FUN_003c1f48,0x003C1F48,0x003C1FD4,140
FUN_003c1fd8,0x003C1FD8,0x003C2068,144
FUN_003c2068,0x003C2068,0x003C20A0,56
FUN_003c20a0,0x003C20A0,0x003C2204,356
FUN_003c2208,0x003C2208,0x003C2300,248
FUN_003c2300,0x003C2300,0x003C23E8,232
FUN_003c23e8,0x003C23E8,0x003C24D0,232
FUN_003c24d0,0x003C24D0,0x003C2574,164
FUN_003c2578,0x003C2578,0x003C2608,144
FUN_003c2608,0x003C2608,0x003C265C,84
FUN_003c2660,0x003C2660,0x003C2720,192
FUN_003c2720,0x003C2720,0x003C27F0,208
FUN_003c27f0,0x003C27F0,0x003C28B0,192
FUN_003c28b0,0x003C28B0,0x003C2970,192
FUN_003c2970,0x003C2970,0x003C2BA0,560
FUN_003c2ba0,0x003C2BA0,0x003C2CE8,328
FUN_003c2ce8,0x003C2CE8,0x003C2F48,608
FUN_003c2f48,0x003C2F48,0x003C317C,564
FUN_003c3180,0x003C3180,0x003C3394,532
FUN_003c3398,0x003C3398,0x003C34E0,328
FUN_003c34e0,0x003C34E0,0x003C3584,164
FUN_003c3588,0x003C3588,0x003C3618,144
FUN_003c3618,0x003C3618,0x003C36C4,172
FUN_003c36c8,0x003C36C8,0x003C36F0,40
FUN_003c36f0,0x003C36F0,0x003C36F8,8
FUN_003c36f8,0x003C36F8,0x003C3720,40
FUN_003c3720,0x003C3720,0x003C3728,8
FUN_003c3730,0x003C3730,0x003C38B4,388
FUN_003c38b8,0x003C38B8,0x003C3A60,424
FUN_003c3a60,0x003C3A60,0x003C3C60,512
FUN_003c3c60,0x003C3C60,0x003C40C4,1124
FUN_003c40c8,0x003C40C8,0x003C4FD4,3852
FUN_003c4fd8,0x003C4FD8,0x003C5C14,3132
FUN_003c5c18,0x003C5C18,0x003C5F00,744
FUN_003c5f00,0x003C5F00,0x003C5F78,120
FUN_003c5f78,0x003C5F78,0x003C612C,436
FUN_003c6130,0x003C6130,0x003C629C,364
FUN_003c62a0,0x003C62A0,0x003C6508,616
FUN_003c6508,0x003C6508,0x003C65A4,156
FUN_003c65a8,0x003C65A8,0x003C65CC,36
FUN_003c65d0,0x003C65D0,0x003C6600,48
FUN_003c6600,0x003C6600,0x003C6638,56
FUN_003c6638,0x003C6638,0x003C6668,48
FUN_003c6668,0x003C6668,0x003C66B4,76
FUN_003c66b8,0x003C66B8,0x003C6704,76
FUN_003c6708,0x003C6708,0x003C675C,84
FUN_003c6770,0x003C6770,0x003C68B8,328
FUN_003c68b8,0x003C68B8,0x003C69F8,320
FUN_003c69f8,0x003C69F8,0x003C6A88,144
FUN_003c6ab8,0x003C6AB8,0x003C6AE8,48
FUN_003c6ae8,0x003C6AE8,0x003C6C38,336
FUN_003c7058,0x003C7058,0x003C70D0,120
FUN_003c70e0,0x003C70E0,0x003C7130,80
FUN_003c7130,0x003C7130,0x003C7428,760
FUN_003c7428,0x003C7428,0x003C76AC,644
FUN_003c76b0,0x003C76B0,0x003C7DB4,1796
FUN_003c7db8,0x003C7DB8,0x003C7FEC,564
FUN_003c7ff0,0x003C7FF0,0x003C81AC,444
FUN_003c81b0,0x003C81B0,0x003C8700,1356
FUN_003c8700,0x003C8700,0x003C88FC,508
FUN_003c8900,0x003C8900,0x003C892C,44
FUN_003c8988,0x003C8988,0x003C89F8,112
FUN_003c89f8,0x003C89F8,0x003C99F4,4092
FUN_003c99f8,0x003C99F8,0x003C9B7C,388
FUN_003c9b80,0x003C9B80,0x003CA9D4,3668
FUN_003ca9d8,0x003CA9D8,0x003CAB0C,308
FUN_003cab10,0x003CAB10,0x003CAC3C,300
FUN_003cac40,0x003CAC40,0x003CB6B8,2680
FUN_003cb6b8,0x003CB6B8,0x003CB7D8,288
FUN_003cb7d8,0x003CB7D8,0x003CB8E8,272
FUN_003cb8e8,0x003CB8E8,0x003CC154,2156
FUN_003cc158,0x003CC158,0x003CC1D8,128
FUN_003cc1d8,0x003CC1D8,0x003CC2C8,240
FUN_003cc2c8,0x003CC2C8,0x003CC538,624
FUN_003cc538,0x003CC538,0x003CC778,576
FUN_003cc778,0x003CC778,0x003CC838,192
FUN_003cc838,0x003CC838,0x003CC914,220
FUN_003cc918,0x003CC918,0x003CCA1C,260
FUN_003cca20,0x003CCA20,0x003CCB44,292
FUN_003ccb48,0x003CCB48,0x003CCE94,844
FUN_003ccfd0,0x003CCFD0,0x003CD008,56
FUN_003cd008,0x003CD008,0x003CD090,136
FUN_003cd0a0,0x003CD0A0,0x003CD0C0,32
FUN_003cd0c0,0x003CD0C0,0x003CD0E0,32
FUN_003cd0e0,0x003CD0E0,0x003CD33C,604
FUN_003cd4c8,0x003CD4C8,0x003CD728,608
FUN_003cd728,0x003CD728,0x003CD7B4,140
FUN_003cd7b8,0x003CD7B8,0x003CD834,124
FUN_003cd860,0x003CD860,0x003CD880,32
FUN_003cd880,0x003CD880,0x003CD980,256
FUN_003cd980,0x003CD980,0x003CDAC0,320
FUN_003cdac0,0x003CDAC0,0x003CDBC8,264
FUN_003cdbc8,0x003CDBC8,0x003CDD58,400
FUN_003cdd58,0x003CDD58,0x003CDE44,236
FUN_003cde48,0x003CDE48,0x003CEB0C,3268
FUN_003ceb10,0x003CEB10,0x003CEC0C,252
FUN_003cec10,0x003CEC10,0x003CEC54,68
FUN_003cec58,0x003CEC58,0x003CECC0,104
FUN_003cecc0,0x003CECC0,0x003CED58,152
FUN_003ced58,0x003CED58,0x003CED78,32
FUN_003ced78,0x003CED78,0x003CEF60,488
FUN_003cef60,0x003CEF60,0x003CF038,216
FUN_003cf038,0x003CF038,0x003CF1E8,432
FUN_003cf1e8,0x003CF1E8,0x003CF368,384
FUN_003cf368,0x003CF368,0x003CF500,408
FUN_003cf500,0x003CF500,0x003CF544,68
FUN_003cf548,0x003CF548,0x003CF630,232
FUN_003cf630,0x003CF630,0x003CF6FC,204
FUN_003cf700,0x003CF700,0x003CF790,144
FUN_003cf790,0x003CF790,0x003CF7B0,32
FUN_003cf7b0,0x003CF7B0,0x003CF90C,348
FUN_003cf910,0x003CF910,0x003CF978,104
FUN_003cf978,0x003CF978,0x003CF9C8,80
FUN_003cf9d0,0x003CF9D0,0x003CFA24,84
FUN_003cfa28,0x003CFA28,0x003CFAC4,156
FUN_003cfac8,0x003CFAC8,0x003CFBAC,228
FUN_003cfbb0,0x003CFBB0,0x003CFCD0,288
FUN_003cfcd0,0x003CFCD0,0x003CFDAC,220
FUN_003cfdb0,0x003CFDB0,0x003CFE4C,156
FUN_003cfe50,0x003CFE50,0x003CFEFC,172
FUN_003cff00,0x003CFF00,0x003D01B4,692
FUN_003d01b8,0x003D01B8,0x003D02E4,300
FUN_003d02e8,0x003D02E8,0x003D08CC,1504
FUN_003d08d0,0x003D08D0,0x003D0A04,308
FUN_003d0a08,0x003D0A08,0x003D1080,1656
FUN_003d1080,0x003D1080,0x003D1B00,2688
FUN_003d1b00,0x003D1B00,0x003D1CD4,468
FUN_003d1cd8,0x003D1CD8,0x003D1E08,304
FUN_003d1e08,0x003D1E08,0x003D1F9C,404
FUN_003d1fa0,0x003D1FA0,0x003D20F4,340
FUN_003d20f8,0x003D20F8,0x003D2540,1096
FUN_003d2540,0x003D2540,0x003D3030,2800
FUN_003d3030,0x003D3030,0x003D3074,68
FUN_003d3078,0x003D3078,0x003D30C8,80
FUN_003d30e8,0x003D30E8,0x003D3180,152
FUN_003d3180,0x003D3180,0x003D31DC,92
FUN_003d31e0,0x003D31E0,0x003D3244,100
FUN_003d3248,0x003D3248,0x003D3368,288
FUN_003d3368,0x003D3368,0x003D33EC,132
FUN_003d33f0,0x003D33F0,0x003D347C,140
FUN_003d3480,0x003D3480,0x003D34A0,32
FUN_003d34b8,0x003D34B8,0x003D3528,112
FUN_003d3528,0x003D3528,0x003D35AC,132
FUN_003d35b0,0x003D35B0,0x003D3640,144
FUN_003d3650,0x003D3650,0x003D36DC,140
FUN_003d36e0,0x003D36E0,0x003D37C8,232
FUN_003d37d8,0x003D37D8,0x003D3F00,1832
FUN_003d3f08,0x003D3F08,0x003D4DC4,3312
FUN_003d4dc8,0x003D4DC8,0x003D4DD0,8
FUN_003d4dd0,0x003D4DD0,0x003D4DF8,40
FUN_003d4df8,0x003D4DF8,0x003D4E34,60
FUN_003d4e40,0x003D4E40,0x003D4E60,32
FUN_003d4e60,0x003D4E60,0x003D4F80,288
FUN_003d4f80,0x003D4F80,0x003D50BC,316
FUN_003d50c0,0x003D50C0,0x003D5CE8,3112
FUN_003d5ce8,0x003D5CE8,0x003D5E60,376
FUN_003d5e60,0x003D5E60,0x003D6038,472
FUN_003d6038,0x003D6038,0x003D6958,2336
FUN_003d6958,0x003D6958,0x003D6DA8,1104
FUN_003d6da8,0x003D6DA8,0x003D6E0C,100
FUN_003d6e10,0x003D6E10,0x003D6E88,120
FUN_003d6e88,0x003D6E88,0x003D6E98,16
FUN_003d6e98,0x003D6E98,0x003D6EB4,28
FUN_003d6eb8,0x003D6EB8,0x003D6EC4,12
FUN_003d6ec8,0x003D6EC8,0x003D6ED0,8
FUN_003d6ed0,0x003D6ED0,0x003D6F50,128
FUN_003d6f50,0x003D6F50,0x003D6FD8,136
FUN_003d6fd8,0x003D6FD8,0x003D7050,120
FUN_003d7050,0x003D7050,0x003D70C8,120
FUN_003d70c8,0x003D70C8,0x003D7164,156
FUN_003d7168,0x003D7168,0x003D71C8,96
FUN_003d71c8,0x003D71C8,0x003D71E4,28
FUN_003d71e8,0x003D71E8,0x003D7204,28
FUN_003d7290,0x003D7290,0x003D72B0,32
FUN_003d72b0,0x003D72B0,0x003D72D0,32
FUN_003d72d0,0x003D72D0,0x003D7368,152
FUN_003d7370,0x003D7370,0x003D7B00,1936
FUN_003d7b00,0x003D7B00,0x003D7BA4,164
FUN_003d7ba8,0x003D7BA8,0x003D7D44,412
FUN_003d7d50,0x003D7D50,0x003D84CC,1916
FUN_003d84d8,0x003D84D8,0x003D86BC,484
FUN_003d86c0,0x003D86C0,0x003D87C8,264
FUN_003d87c8,0x003D87C8,0x003D8E44,1660
FUN_003d8e48,0x003D8E48,0x003D8F18,208
FUN_003d8f18,0x003D8F18,0x003D8FE8,208
FUN_003d8fe8,0x003D8FE8,0x003D9064,124
FUN_003d9068,0x003D9068,0x003D9510,1192
FUN_003d9510,0x003D9510,0x003D9844,820
FUN_003d9848,0x003D9848,0x003D9D08,1216
FUN_003d9d08,0x003D9D08,0x003D9E7C,372
FUN_003d9e80,0x003D9E80,0x003D9F50,208
FUN_003d9f50,0x003D9F50,0x003DA008,184
FUN_003da008,0x003DA008,0x003DA1F8,496
FUN_003da1f8,0x003DA1F8,0x003DA324,300
FUN_003da328,0x003DA328,0x003DA5D8,688
FUN_003da5d8,0x003DA5D8,0x003DA7DC,516
FUN_003da7e0,0x003DA7E0,0x003DA8F0,272
FUN_003da8f0,0x003DA8F0,0x003DAA78,392
FUN_003daa78,0x003DAA78,0x003DAB54,220
FUN_003dab58,0x003DAB58,0x003DACA8,336
FUN_003daca8,0x003DACA8,0x003DAD24,124
FUN_003dad28,0x003DAD28,0x003DAD70,72
FUN_003dad70,0x003DAD70,0x003DAE14,164
FUN_003dae20,0x003DAE20,0x003DAE68,72
FUN_003daef0,0x003DAEF0,0x003DAF10,32
FUN_003daf20,0x003DAF20,0x003DAF68,72
FUN_003daff0,0x003DAFF0,0x003DB010,32
FUN_003db010,0x003DB010,0x003DB12C,284
FUN_003db130,0x003DB130,0x003DB4C0,912
FUN_003db4c0,0x003DB4C0,0x003DB7F8,824
FUN_003db818,0x003DB818,0x003DB934,284
FUN_003db938,0x003DB938,0x003DBAC0,392
FUN_003dbac0,0x003DBAC0,0x003DBD00,576
FUN_003dbd00,0x003DBD00,0x003DBD24,36
FUN_003dbd38,0x003DBD38,0x003DBD54,28
FUN_003dbd58,0x003DBD58,0x003DBD8C,52
FUN_003dbd90,0x003DBD90,0x003DBF34,420
FUN_003dbf38,0x003DBF38,0x003DC25C,800
FUN_003dc260,0x003DC260,0x003DC268,8
FUN_003dc268,0x003DC268,0x003DC270,8
FUN_003dc278,0x003DC278,0x003DC498,544
FUN_003dc498,0x003DC498,0x003DC858,952
FUN_003dc858,0x003DC858,0x003DC9B0,344
FUN_003dc9b0,0x003DC9B0,0x003DF6E4,11560
FUN_003df6e8,0x003DF6E8,0x003DF860,376
FUN_003df860,0x003DF860,0x003E055C,3324
FUN_003e0560,0x003E0560,0x003E0698,312
FUN_003e0698,0x003E0698,0x003E0BD0,1332
FUN_003e0bd8,0x003E0BD8,0x003E0C34,92
FUN_003e0c40,0x003E0C40,0x003E0CE4,164
FUN_003e0ce8,0x003E0CE8,0x003E0DF0,264
FUN_003e0df0,0x003E0DF0,0x003E0E4C,92
FUN_003e0e50,0x003E0E50,0x003E0EB4,100
FUN_003e0eb8,0x003E0EB8,0x003E1114,604
FUN_003e1118,0x003E1118,0x003E1214,252
FUN_003e1218,0x003E1218,0x003E1348,304
FUN_003e1348,0x003E1348,0x003E14E0,408
FUN_003e14e0,0x003E14E0,0x003E15CC,236
FUN_003e15d0,0x003E15D0,0x003E17D4,516
FUN_003e17e8,0x003E17E8,0x003E18CC,228
FUN_003e18d0,0x003E18D0,0x003E1914,68
FUN_003e1918,0x003E1918,0x003E1C48,812
FUN_003e1c48,0x003E1C48,0x003E1DF4,428
FUN_003e1df8,0x003E1DF8,0x003E1F4C,340
FUN_003e1f50,0x003E1F50,0x003E2104,432
FUN_003e2108,0x003E2108,0x003E2260,344
FUN_003e2260,0x003E2260,0x003E23DC,380
FUN_003e23e0,0x003E23E0,0x003E2690,688
FUN_003e2690,0x003E2690,0x003E2A1C,908
FUN_003e2a20,0x003E2A20,0x003E2D78,856
FUN_003e2d78,0x003E2D78,0x003E2E80,264
FUN_003e2e80,0x003E2E80,0x003E2F78,248
FUN_003e2f78,0x003E2F78,0x003E31EC,620
FUN_003e31f0,0x003E31F0,0x003E324C,92
FUN_003e3250,0x003E3250,0x003E32B0,96
FUN_003e32b0,0x003E32B0,0x003E33C0,272
FUN_003e33c0,0x003E33C0,0x003E3488,200
FUN_003e3488,0x003E3488,0x003E35E0,344
FUN_003e35e0,0x003E35E0,0x003E3678,152
FUN_003e3678,0x003E3678,0x003E3730,184
FUN_003e3730,0x003E3730,0x003E3794,100
FUN_003e3798,0x003E3798,0x003E37E8,80
FUN_003e37e8,0x003E37E8,0x003E3B50,872
FUN_003e3b50,0x003E3B50,0x003E3F90,1088
FUN_003e3f90,0x003E3F90,0x003E44A8,1304
FUN_003e44a8,0x003E44A8,0x003E4A34,1420
FUN_003e4a38,0x003E4A38,0x003E54F0,2744
FUN_003e54f0,0x003E54F0,0x003E5628,312
FUN_003e5628,0x003E5628,0x003E5C08,1504
FUN_003e5c10,0x003E5C10,0x003E5DF4,484
FUN_003e5df8,0x003E5DF8,0x003E5F84,396
FUN_003e5f88,0x003E5F88,0x003E636C,996
FUN_003e6370,0x003E6370,0x003E6670,768
FUN_003e6670,0x003E6670,0x003E6C28,1464
FUN_003e6c28,0x003E6C28,0x003E700C,996
FUN_003e7010,0x003E7010,0x003E7408,1016
FUN_003e7408,0x003E7408,0x003E75BC,436
FUN_003e75c0,0x003E75C0,0x003E7A5C,1180
FUN_003e7a60,0x003E7A60,0x003E7C38,472
FUN_003e7c38,0x003E7C38,0x003E7E34,508
FUN_003e7e38,0x003E7E38,0x003E7F4C,276
FUN_003e7f50,0x003E7F50,0x003E8264,784
FUN_003e8268,0x003E8268,0x003E83BC,340
FUN_003e83c0,0x003E83C0,0x003E85E0,544
FUN_003e85e0,0x003E85E0,0x003E87E8,520
FUN_003e87e8,0x003E87E8,0x003E89A4,444
FUN_003e89b0,0x003E89B0,0x003E8F04,1360
FUN_003e8f08,0x003E8F08,0x003E9228,800
FUN_003e9228,0x003E9228,0x003E93AC,388
FUN_003e93b0,0x003E93B0,0x003E94B8,264
FUN_003e94b8,0x003E94B8,0x003E951C,100
FUN_003e9520,0x003E9520,0x003E95C4,164
FUN_003e95d0,0x003E95D0,0x003E9698,200
FUN_003e9698,0x003E9698,0x003E9718,128
FUN_003e9718,0x003E9718,0x003E9768,80
FUN_003e9770,0x003E9770,0x003E980C,156
FUN_003e9810,0x003E9810,0x003E98F8,232
FUN_003e98f8,0x003E98F8,0x003E993C,68
FUN_003e9940,0x003E9940,0x003E997C,60
FUN_003e9980,0x003E9980,0x003E9A20,156
FUN_003e9a20,0x003E9A20,0x003E9B08,232
FUN_003e9b08,0x003E9B08,0x003E9B88,128
FUN_003e9b88,0x003E9B88,0x003E9C10,136
FUN_003e9c10,0x003E9C10,0x003E9CE4,212
FUN_003e9ce8,0x003E9CE8,0x003E9D50,104
FUN_003e9d50,0x003E9D50,0x003E9E4C,252
FUN_003e9e50,0x003E9E50,0x003E9E98,72
FUN_003e9e98,0x003E9E98,0x003E9F64,204
FUN_003e9f70,0x003E9F70,0x003EA20C,668
FUN_003ea210,0x003EA210,0x003EA748,1336
FUN_003ea748,0x003EA748,0x003EA9DC,660
FUN_003ea9e0,0x003EA9E0,0x003EAC10,560
FUN_003eac10,0x003EAC10,0x003EB098,1160
FUN_003eb098,0x003EB098,0x003EB4E8,1104
FUN_003eb4e8,0x003EB4E8,0x003EB7FC,788
FUN_003eb800,0x003EB800,0x003EBCB0,1200
FUN_003ebcb0,0x003EBCB0,0x003EBF6C,700
FUN_003ebf70,0x003EBF70,0x003EC238,712
FUN_003ec238,0x003EC238,0x003EC4E8,688
FUN_003ec4e8,0x003EC4E8,0x003ED100,3096
FUN_003ed100,0x003ED100,0x003ED144,68
FUN_003ed148,0x003ED148,0x003ED1A4,92
FUN_003ed1b0,0x003ED1B0,0x003ED338,392
FUN_003ed338,0x003ED338,0x003ED450,280
FUN_003ed450,0x003ED450,0x003ED63C,492
FUN_003ed640,0x003ED640,0x003ED77C,316
FUN_003ed780,0x003ED780,0x003ED8C8,328
FUN_003ed8c8,0x003ED8C8,0x003EDA18,336
FUN_003eda18,0x003EDA18,0x003EDB4C,308
FUN_003edb50,0x003EDB50,0x003EDCD8,392
FUN_003edcd8,0x003EDCD8,0x003EDE94,444
FUN_003ede98,0x003EDE98,0x003EDFCC,308
FUN_003edfd0,0x003EDFD0,0x003EE064,148
FUN_003ee068,0x003EE068,0x003EE17C,276
FUN_003ee180,0x003EE180,0x003EE218,152
FUN_003ee218,0x003EE218,0x003EE2FC,228
FUN_003ee300,0x003EE300,0x003EE384,132
FUN_003ee388,0x003EE388,0x003EE41C,148
FUN_003ee420,0x003EE420,0x003EE4C0,160
FUN_003ee4c0,0x003EE4C0,0x003EE538,120
FUN_003ee538,0x003EE538,0x003EE61C,228
FUN_003ee620,0x003EE620,0x003EE730,268
FUN_003ee730,0x003EE730,0x003EE7E0,176
FUN_003ee7e8,0x003EE7E8,0x003EE864,124
FUN_003ee868,0x003EE868,0x003EE8FC,148
FUN_003ee900,0x003EE900,0x003EE98C,140
FUN_003ee990,0x003EE990,0x003EEA24,148
FUN_003eea28,0x003EEA28,0x003EEA7C,84
FUN_003eea80,0x003EEA80,0x003EEABC,60
FUN_003eeac0,0x003EEAC0,0x003EEB2C,108
FUN_003eeb30,0x003EEB30,0x003EEB78,72
FUN_003eeb78,0x003EEB78,0x003EEC60,232
FUN_003eec60,0x003EEC60,0x003EEDC0,352
FUN_003eedc0,0x003EEDC0,0x003EEEA8,232
FUN_003eeea8,0x003EEEA8,0x003EEF9C,244
FUN_003eefa0,0x003EEFA0,0x003EF07C,220
FUN_003ef080,0x003EF080,0x003EF378,760
FUN_003ef378,0x003EF378,0x003EF804,1164
FUN_003ef808,0x003EF808,0x003EFCEC,1252
FUN_003efcf0,0x003EFCF0,0x003F00D4,996
FUN_003f00d8,0x003F00D8,0x003F02D4,508
FUN_003f02d8,0x003F02D8,0x003F057C,676
FUN_003f0580,0x003F0580,0x003F09EC,1132
FUN_003f09f0,0x003F09F0,0x003F0D8C,924
FUN_003f0d90,0x003F0D90,0x003F119C,1036
FUN_003f11a0,0x003F11A0,0x003F1504,868
FUN_003f1508,0x003F1508,0x003F1AD0,1480
FUN_003f1ad0,0x003F1AD0,0x003F1C0C,316
FUN_003f1c10,0x003F1C10,0x003F1F48,824
FUN_003f1f48,0x003F1F48,0x003F21CC,644
FUN_003f21d0,0x003F21D0,0x003F2354,388
FUN_003f2358,0x003F2358,0x003F238C,52
FUN_003f2390,0x003F2390,0x003F2398,8
FUN_003f2398,0x003F2398,0x003F24A4,268
FUN_003f24a8,0x003F24A8,0x003F252C,132
FUN_003f2530,0x003F2530,0x003F25A4,116
FUN_003f25a8,0x003F25A8,0x003F25F0,72
FUN_003f25f0,0x003F25F0,0x003F27B4,452
FUN_003f27b8,0x003F27B8,0x003F27E0,40
FUN_003f27e0,0x003F27E0,0x003F27E8,8
FUN_003f27e8,0x003F27E8,0x003F27F0,8
FUN_003f27f0,0x003F27F0,0x003F27F8,8
FUN_003f2818,0x003F2818,0x003F2A88,624
FUN_003f2a90,0x003F2A90,0x003F2E9C,1036
FUN_003f2ea0,0x003F2EA0,0x003F33B0,1296
FUN_003f33b0,0x003F33B0,0x003F378C,988
FUN_003f3790,0x003F3790,0x003F3B8C,1020
FUN_003f3b90,0x003F3B90,0x003F3DEC,604
FUN_003f3df0,0x003F3DF0,0x003F40F4,772
FUN_003f40f8,0x003F40F8,0x003F426C,372
FUN_003f4270,0x003F4270,0x003F464C,988
FUN_003f4650,0x003F4650,0x003F4D68,1816
FUN_003f4d68,0x003F4D68,0x003F5394,1580
FUN_003f5398,0x003F5398,0x003F5454,188
FUN_003f5458,0x003F5458,0x003F5560,264
FUN_003f5560,0x003F5560,0x003F56E0,384
FUN_003f56e0,0x003F56E0,0x003F5700,32
FUN_003f5700,0x003F5700,0x003F57F0,240
FUN_003f57f0,0x003F57F0,0x003F59B4,452
FUN_003f59b8,0x003F59B8,0x003F5BC0,520
FUN_003f5bc0,0x003F5BC0,0x003F5D30,368
FUN_003f5d30,0x003F5D30,0x003F6308,1496
FUN_003f6308,0x003F6308,0x003F6460,344
FUN_003f6460,0x003F6460,0x003F6750,752
FUN_003f6750,0x003F6750,0x003F6958,520
FUN_003f6958,0x003F6958,0x003F6B10,440
FUN_003f6b10,0x003F6B10,0x003F6C74,356
FUN_003f6c78,0x003F6C78,0x003F6D88,272
FUN_003f6d88,0x003F6D88,0x003F7084,764
FUN_003f7088,0x003F7088,0x003F7344,700
FUN_003f7348,0x003F7348,0x003F7930,1512
FUN_003f7930,0x003F7930,0x003F7AEC,444
FUN_003f7af0,0x003F7AF0,0x003F7EF8,1032
FUN_003f7ef8,0x003F7EF8,0x003F7FF8,256
FUN_003f7ff8,0x003F7FF8,0x003F81C8,464
FUN_003f81c8,0x003F81C8,0x003F82C0,248
FUN_003f82c0,0x003F82C0,0x003F8514,596
FUN_003f8518,0x003F8518,0x003F892C,1044
FUN_003f8930,0x003F8930,0x003F8D0C,988
FUN_003f8d10,0x003F8D10,0x003F8E60,336
FUN_003f8e60,0x003F8E60,0x003F9378,1304
FUN_003f9378,0x003F9378,0x003F9428,176
FUN_003f9428,0x003F9428,0x003F94A0,120
FUN_003f94a0,0x003F94A0,0x003F95B8,280
FUN_003f95b8,0x003F95B8,0x003F95F0,56
FUN_003f95f0,0x003F95F0,0x003F9640,80
FUN_003f9640,0x003F9640,0x003F96FC,188
FUN_003f9700,0x003F9700,0x003F978C,140
FUN_003f9790,0x003F9790,0x003F97EC,92
FUN_003f97f0,0x003F97F0,0x003F9818,40
FUN_003f9818,0x003F9818,0x003F98BC,164
FUN_003f98c0,0x003F98C0,0x003F9920,96
FUN_003f9920,0x003F9920,0x003F9A10,240
FUN_003f9a10,0x003F9A10,0x003F9AFC,236
FUN_003f9b00,0x003F9B00,0x003F9C80,384
FUN_003f9c80,0x003F9C80,0x003F9CE0,96
FUN_003f9ce0,0x003F9CE0,0x003F9D18,56
FUN_003f9d18,0x003F9D18,0x003F9D9C,132
FUN_003f9da0,0x003F9DA0,0x003F9E84,228
FUN_003f9e88,0x003F9E88,0x003F9F34,172
FUN_003f9f38,0x003F9F38,0x003FA07C,324
FUN_003fa080,0x003FA080,0x003FA33C,700
FUN_003fa340,0x003FA340,0x003FA5B0,624
FUN_003fa5b0,0x003FA5B0,0x003FAC28,1656
FUN_003fac28,0x003FAC28,0x003FAE98,620
FUN_003fae98,0x003FAE98,0x003FB2D0,1080
FUN_003fb2d8,0x003FB2D8,0x003FB4E0,520
FUN_003fb4e0,0x003FB4E0,0x003FB744,612
FUN_003fb748,0x003FB748,0x003FB9E4,668
FUN_003fb9e8,0x003FB9E8,0x003FC2E4,2300
FUN_003fc2e8,0x003FC2E8,0x003FD12C,3652
FUN_003fd130,0x003FD130,0x003FD338,520
FUN_003fd338,0x003FD338,0x003FD684,844
FUN_003fd688,0x003FD688,0x003FD880,504
FUN_003fd880,0x003FD880,0x003FDB90,784
FUN_003fdb90,0x003FDB90,0x003FDDA4,528
FUN_003fdda8,0x003FDDA8,0x003FDF00,344
FUN_003fdf00,0x003FDF00,0x003FE1EC,748
FUN_003fe1f0,0x003FE1F0,0x003FE3A0,432
FUN_003fe3a0,0x003FE3A0,0x003FE780,992
FUN_003fe780,0x003FE780,0x003FE9F4,628
FUN_003fe9f8,0x003FE9F8,0x003FED6C,884
FUN_003fed70,0x003FED70,0x003FEF5C,492
FUN_003fef60,0x003FEF60,0x003FF244,740
FUN_003ff248,0x003FF248,0x003FF514,716
FUN_003ff518,0x003FF518,0x003FF6B8,416
FUN_003ff6b8,0x003FF6B8,0x003FFEF0,2104
FUN_003ffef0,0x003FFEF0,0x00400200,784
FUN_00400200,0x00400200,0x00400868,1640
FUN_00400870,0x00400870,0x00400CE8,1144
FUN_00400ce8,0x00400CE8,0x00400F84,668
FUN_00400f88,0x00400F88,0x004012F4,876
FUN_004012f8,0x004012F8,0x004015C0,712
FUN_004015c0,0x004015C0,0x00401744,388
FUN_00401748,0x00401748,0x00401924,476
FUN_00401928,0x00401928,0x00401DB8,1164
FUN_00401db8,0x00401DB8,0x0040247C,1732
FUN_00402488,0x00402488,0x004025DC,340
FUN_004026c0,0x004026C0,0x00402704,68
FUN_00402708,0x00402708,0x004028B0,424
FUN_004028b0,0x004028B0,0x00402974,196
FUN_00402978,0x00402978,0x00402AD4,348
FUN_00402ad8,0x00402AD8,0x00402B34,92
FUN_00402b38,0x00402B38,0x00402C40,264
FUN_00402c40,0x00402C40,0x00402CE4,164
FUN_00402ce8,0x00402CE8,0x00402E40,344
FUN_00402e40,0x00402E40,0x00402F1C,220
FUN_00402f20,0x00402F20,0x00403054,308
FUN_00403058,0x00403058,0x0040319C,324
FUN_004031a0,0x004031A0,0x00403228,136
FUN_00403228,0x00403228,0x004032DC,180
FUN_004032e0,0x004032E0,0x00403424,324
FUN_00403428,0x00403428,0x00403508,224
FUN_00403508,0x00403508,0x004035B4,172
FUN_004035b8,0x004035B8,0x00403674,188
FUN_00403678,0x00403678,0x00403850,472
FUN_00403850,0x00403850,0x00403AE4,660
FUN_00403ae8,0x00403AE8,0x00403DBC,724
FUN_00403dc0,0x00403DC0,0x00404004,580
FUN_00404010,0x00404010,0x004042D8,712
FUN_004042d8,0x004042D8,0x004043F4,284
FUN_004043f8,0x004043F8,0x00404598,416
FUN_00404598,0x00404598,0x00404888,752
FUN_00404888,0x00404888,0x00404BC4,828
FUN_00404bc8,0x00404BC8,0x00404E1C,596
FUN_00404e20,0x00404E20,0x00405158,820
FUN_00405158,0x00405158,0x004053C4,620
FUN_004053c8,0x004053C8,0x004055F4,556
FUN_004055f8,0x004055F8,0x004057E0,488
FUN_004057e0,0x004057E0,0x004059C0,480
FUN_004059c0,0x004059C0,0x00405B50,400
FUN_00405b50,0x00405B50,0x00405DFC,680
FUN_00405e00,0x00405E00,0x00406098,664
FUN_00406098,0x00406098,0x00406204,364
FUN_00406208,0x00406208,0x004064AC,676
FUN_004064b0,0x004064B0,0x004066F0,576
FUN_004066f0,0x004066F0,0x004069D8,744
FUN_004069d8,0x004069D8,0x00406C0C,564
FUN_00406c10,0x00406C10,0x0040710C,1276
FUN_00407110,0x00407110,0x00407278,360
FUN_00407278,0x00407278,0x004073D4,348
FUN_004073d8,0x004073D8,0x00407870,1176
FUN_00407870,0x00407870,0x004079EC,380
FUN_004079f0,0x004079F0,0x00407BEC,504
FUN_00407bf0,0x00407BF0,0x00407D68,376
FUN_00407d68,0x00407D68,0x00407F8C,548
FUN_00407f90,0x00407F90,0x0040813C,428
FUN_00408140,0x00408140,0x00408354,532
FUN_00408358,0x00408358,0x004084CC,372
FUN_004084d0,0x004084D0,0x00408790,704
FUN_00408790,0x00408790,0x00408A78,744
FUN_00408a78,0x00408A78,0x00408C60,488
FUN_00408c60,0x00408C60,0x00408D94,308
FUN_00408d98,0x00408D98,0x00408F14,380
FUN_00408f18,0x00408F18,0x00409048,304
FUN_004090b0,0x004090B0,0x00409144,144
FUN_00409148,0x00409148,0x0040927C,308
FUN_00409280,0x00409280,0x0040935C,220
FUN_00409360,0x00409360,0x00409450,240
FUN_00409450,0x00409450,0x004094B0,96
FUN_004094b0,0x004094B0,0x0040951C,108
FUN_00409520,0x00409520,0x004095A8,136
FUN_004095a8,0x004095A8,0x00409608,96
FUN_00409608,0x00409608,0x004096D4,204
FUN_004096d8,0x004096D8,0x00409744,108
FUN_00409750,0x00409750,0x0040986C,284
FUN_00409870,0x00409870,0x004099F0,384
FUN_004099f0,0x004099F0,0x00409A1C,44
FUN_00409a20,0x00409A20,0x00409AD8,184
FUN_00409af8,0x00409AF8,0x00409BF8,256
FUN_00409bf8,0x00409BF8,0x00409C90,152
FUN_00409c90,0x00409C90,0x00409D34,164
FUN_00409d38,0x00409D38,0x00409D6C,52
FUN_00409d70,0x00409D70,0x00409DC8,88
FUN_00409dc8,0x00409DC8,0x00409F00,312
FUN_00409f00,0x00409F00,0x00409FE4,228
FUN_00409fe8,0x00409FE8,0x0040A0BC,212
FUN_0040a0d8,0x0040A0D8,0x0040A160,136
FUN_0040a160,0x0040A160,0x0040A194,52
FUN_0040a1a8,0x0040A1A8,0x0040A1DC,52
FUN_0040a1e0,0x0040A1E0,0x0040A3A8,456
FUN_0040a3b0,0x0040A3B0,0x0040A3F0,64
FUN_0040a3f0,0x0040A3F0,0x0040A458,104
FUN_0040a480,0x0040A480,0x0040A54C,204
FUN_0040a558,0x0040A558,0x0040A5F8,160
FUN_0040a620,0x0040A620,0x0040A670,80
FUN_0040a678,0x0040A678,0x0040A680,8
FUN_0040a680,0x0040A680,0x0040A6AC,44
FUN_0040a6b0,0x0040A6B0,0x0040A700,80
FUN_0040a700,0x0040A700,0x0040A724,36
FUN_0040a728,0x0040A728,0x0040A764,60
FUN_0040a778,0x0040A778,0x0040A80C,148
FUN_0040a810,0x0040A810,0x0040A834,36
FUN_0040a838,0x0040A838,0x0040A858,32
FUN_0040a860,0x0040A860,0x0040AA38,468
FUN_0040aa38,0x0040AA38,0x0040AB44,268
FUN_0040ab48,0x0040AB48,0x0040AC44,252
FUN_0040ac48,0x0040AC48,0x0040AD90,328
FUN_0040ad90,0x0040AD90,0x0040B298,1288
FUN_0040b298,0x0040B298,0x0040B59C,772
FUN_0040b5a0,0x0040B5A0,0x0040B9D0,1068
FUN_0040b9d0,0x0040B9D0,0x0040BCF4,804
FUN_0040bcf8,0x0040BCF8,0x0040C584,2176
FUN_0040c588,0x0040C588,0x0040C784,508
FUN_0040c788,0x0040C788,0x0040C7AC,36
FUN_0040c7b0,0x0040C7B0,0x0040C820,112
FUN_0040c820,0x0040C820,0x0040C860,64
FUN_0040c860,0x0040C860,0x0040C8C0,96
FUN_0040c908,0x0040C908,0x0040CD80,1116
FUN_0040cd80,0x0040CD80,0x0040D07C,764
FUN_0040d080,0x0040D080,0x0040D2FC,556
FUN_0040d300,0x0040D300,0x0040D504,436
FUN_0040d508,0x0040D508,0x0040DAA0,1052
FUN_0040daa0,0x0040DAA0,0x0040DC1C,380
FUN_0040dc20,0x0040DC20,0x0040DCD4,112
FUN_0040dcd8,0x0040DCD8,0x0040DD24,76
FUN_0040dd28,0x0040DD28,0x0040DDE0,184
FUN_0040de18,0x0040DE18,0x0040DE80,104
FUN_0040de80,0x0040DE80,0x0040DEE0,96
FUN_0040dee0,0x0040DEE0,0x0040DF70,144
FUN_0040df70,0x0040DF70,0x0040DFD4,100
FUN_0040dfd8,0x0040DFD8,0x0040E090,184
FUN_0040e0f8,0x0040E0F8,0x0040E108,16
FUN_0040e108,0x0040E108,0x0040E130,40
FUN_0040e130,0x0040E130,0x0040E1AC,124
FUN_0040e1b0,0x0040E1B0,0x0040E1FC,76
FUN_0040e200,0x0040E200,0x0040E228,40
FUN_0040e228,0x0040E228,0x0040E300,216
FUN_0040e300,0x0040E300,0x0040E390,144
FUN_0040e390,0x0040E390,0x0040E3B8,40
FUN_0040e3b8,0x0040E3B8,0x0040E478,192
FUN_0040e478,0x0040E478,0x0040E49C,36
FUN_0040e4a0,0x0040E4A0,0x0040E510,112
FUN_0040e510,0x0040E510,0x0040E550,64
FUN_0040e550,0x0040E550,0x0040E5D8,136
FUN_0040e5d8,0x0040E5D8,0x0040E64C,116
FUN_0040e650,0x0040E650,0x0040E6C0,112
FUN_0040e6c0,0x0040E6C0,0x0040E730,112
FUN_0040e730,0x0040E730,0x0040E7A0,112
FUN_0040e7a0,0x0040E7A0,0x0040E81C,124
FUN_0040e820,0x0040E820,0x0040E890,112
FUN_0040e890,0x0040E890,0x0040E900,112
FUN_0040e900,0x0040E900,0x0040E93C,60
FUN_0040e940,0x0040E940,0x0040E964,36
FUN_0040e968,0x0040E968,0x0040E994,44
FUN_0040e998,0x0040E998,0x0040E9BC,36
FUN_0040e9c0,0x0040E9C0,0x0040EA40,128
FUN_0040ea40,0x0040EA40,0x0040EA90,80
FUN_0040ea90,0x0040EA90,0x0040EAC4,52
FUN_0040eac8,0x0040EAC8,0x0040EB50,108
FUN_0040eb50,0x0040EB50,0x0040EBB0,96
FUN_0040ebb0,0x0040EBB0,0x0040EDA0,496
FUN_0040eda0,0x0040EDA0,0x0040EF2C,396
FUN_0040ef30,0x0040EF30,0x0040F0CC,412
FUN_0040f0d0,0x0040F0D0,0x0040F234,356
FUN_0040f238,0x0040F238,0x0040F248,16
FUN_0040f258,0x0040F258,0x0040F288,48
FUN_0040f288,0x0040F288,0x0040F328,160
FUN_0040f328,0x0040F328,0x0040F360,56
FUN_0040f360,0x0040F360,0x0040F40C,172
FUN_0040f410,0x0040F410,0x0040F4D4,196
FUN_0040f4d8,0x0040F4D8,0x0040F5EC,276
FUN_0040f5f0,0x0040F5F0,0x0040F620,48
FUN_0040f620,0x0040F620,0x0040F650,48
FUN_0040f6d8,0x0040F6D8,0x0040F710,56
FUN_0040f710,0x0040F710,0x0040F7E0,208
FUN_0040f7e0,0x0040F7E0,0x0040F8A0,192
FUN_0040f8a0,0x0040F8A0,0x0040F954,112
FUN_0040f958,0x0040F958,0x0040F9A4,76
FUN_0040f9c0,0x0040F9C0,0x0040F9E8,40
FUN_0040f9e8,0x0040F9E8,0x0040FAF0,264
FUN_0040faf0,0x0040FAF0,0x0040FCBC,460
FUN_0040fcc0,0x0040FCC0,0x0040FE64,416
FUN_0040fe68,0x0040FE68,0x0040FF7C,276
FUN_0040ff80,0x0040FF80,0x00410154,468
FUN_00410158,0x00410158,0x00410350,504
FUN_00410350,0x00410350,0x00410364,20
FUN_00410368,0x00410368,0x004103B8,80
FUN_004103b8,0x004103B8,0x004105B8,440
FUN_004105b8,0x004105B8,0x004106F4,244
FUN_004106f8,0x004106F8,0x004109C0,712
FUN_004109c0,0x004109C0,0x00410A30,112
FUN_00410a30,0x00410A30,0x00410AF8,200
FUN_00410af8,0x00410AF8,0x00410B58,96
FUN_00410b58,0x00410B58,0x00410B90,56
FUN_00410b90,0x00410B90,0x00410BC8,56
FUN_00410bc8,0x00410BC8,0x00410DCC,408
FUN_00410dd0,0x00410DD0,0x00410E1C,76
FUN_00410e20,0x00410E20,0x00410E48,40
FUN_00410e48,0x00410E48,0x00410EE8,160
FUN_00410ee8,0x00410EE8,0x00411064,380
FUN_00411068,0x00411068,0x004111CC,356
FUN_004111d0,0x004111D0,0x004114AC,652
FUN_004114d0,0x004114D0,0x004115A4,212
FUN_004115a8,0x004115A8,0x00411600,88
FUN_00411618,0x00411618,0x00411664,76
FUN_00411668,0x00411668,0x0041169C,52
FUN_004116a0,0x004116A0,0x0041172C,140
FUN_00411730,0x00411730,0x0041182C,248
FUN_00411830,0x00411830,0x00411874,68
FUN_00411878,0x00411878,0x004118AC,52
FUN_004118b0,0x004118B0,0x00411924,116
FUN_00411928,0x00411928,0x0041195C,52
FUN_00411960,0x00411960,0x0041196C,12
FUN_00411970,0x00411970,0x004119AC,60
FUN_004119b0,0x004119B0,0x004119E0,48
FUN_004119e0,0x004119E0,0x00411A10,48
FUN_00411a50,0x00411A50,0x00411B14,128
FUN_00411b58,0x00411B58,0x00411C08,176
FUN_00411c08,0x00411C08,0x00411C28,32
FUN_00411c48,0x00411C48,0x00411C70,40
FUN_00411c70,0x00411C70,0x00411C98,40
FUN_00411c98,0x00411C98,0x00411D28,144
FUN_00411d28,0x00411D28,0x00411EC8,416
FUN_00411ec8,0x00411EC8,0x00412068,416
FUN_00412068,0x00412068,0x00412120,184
FUN_00412138,0x00412138,0x00412160,40
FUN_00412160,0x00412160,0x00412188,40
FUN_00412188,0x00412188,0x004121B0,40
FUN_004121b0,0x004121B0,0x0041225C,168
FUN_00412268,0x00412268,0x004122B0,68
FUN_004122c0,0x004122C0,0x00412348,136
FUN_00412348,0x00412348,0x004123C4,124
FUN_004123d8,0x004123D8,0x00412684,664
FUN_00412688,0x00412688,0x004126C8,64
FUN_004126d0,0x004126D0,0x00412708,56
FUN_00412708,0x00412708,0x00412B44,1060
FUN_00412b48,0x00412B48,0x00412BA0,88
FUN_00412ba0,0x00412BA0,0x00412C34,144
FUN_00412c38,0x00412C38,0x00412CE8,172
FUN_00412ce8,0x00412CE8,0x00412D30,72
FUN_00412d30,0x00412D30,0x00412DD0,160
FUN_00412dd0,0x00412DD0,0x00412E50,128
FUN_00412e50,0x00412E50,0x00412F10,192
FUN_00412f10,0x00412F10,0x00412FE4,212
FUN_00412fe8,0x00412FE8,0x00413088,160
FUN_00413088,0x00413088,0x004130F8,112
FUN_004130f8,0x004130F8,0x00413124,44
FUN_00413128,0x00413128,0x004131DC,180
FUN_004131e0,0x004131E0,0x00413204,36
FUN_00413208,0x00413208,0x00413268,96
FUN_00413268,0x00413268,0x00413368,252
FUN_00413368,0x00413368,0x004133F4,136
FUN_004133f8,0x004133F8,0x00413450,88
FUN_00413450,0x00413450,0x00413464,20
FUN_00413468,0x00413468,0x004135F4,396
FUN_004135f8,0x004135F8,0x00413650,88
FUN_00413650,0x00413650,0x0041368C,56
FUN_00413690,0x00413690,0x0041377C,232
FUN_00413788,0x00413788,0x00413850,200
FUN_00413850,0x00413850,0x00413874,36
FUN_00413878,0x00413878,0x004138D8,96
FUN_004138d8,0x004138D8,0x00413930,88
FUN_00413930,0x00413930,0x00413A44,264
FUN_00413a48,0x00413A48,0x00413A80,56
FUN_00413a80,0x00413A80,0x00413AC0,64
FUN_00413ac0,0x00413AC0,0x00413B40,128
FUN_00413b48,0x00413B48,0x00413B80,56
FUN_00413b80,0x00413B80,0x00413BB0,48
FUN_00413bb0,0x00413BB0,0x00413BE8,56
FUN_00413be8,0x00413BE8,0x00413C18,48
FUN_00413c18,0x00413C18,0x00413C90,120
FUN_00413c98,0x00413C98,0x00413D24,140
FUN_00413d28,0x00413D28,0x00413EB4,396
FUN_00413eb8,0x00413EB8,0x00413EF0,56
FUN_00413ef0,0x00413EF0,0x00413F08,24
FUN_00413f28,0x00413F28,0x00413F60,56
FUN_00413f60,0x00413F60,0x00413F74,20
FUN_00413f78,0x00413F78,0x00413F8C,20
FUN_00413f90,0x00413F90,0x00413FA4,20
FUN_00413fd0,0x00413FD0,0x00413FE8,24
FUN_00413fe8,0x00413FE8,0x00414008,32
FUN_00414008,0x00414008,0x00414028,32
FUN_00414028,0x00414028,0x00414048,32
FUN_00414048,0x00414048,0x004141B8,368
FUN_004141c0,0x004141C0,0x004142E8,296
FUN_00414348,0x00414348,0x0041436C,36
FUN_00414370,0x00414370,0x00414384,20
FUN_00414410,0x00414410,0x00414480,112
FUN_00414480,0x00414480,0x00414564,224
FUN_00414568,0x00414568,0x00414590,40
FUN_00414590,0x00414590,0x004145A8,24
FUN_004145a8,0x004145A8,0x00414600,88
FUN_00414600,0x00414600,0x00414704,260
FUN_004147f8,0x004147F8,0x00414930,312
FUN_00414938,0x00414938,0x00414988,80
FUN_00414988,0x00414988,0x004149D8,80
FUN_004149d8,0x004149D8,0x004149EC,20
FUN_004149f0,0x004149F0,0x00414A54,100
FUN_00414a58,0x00414A58,0x00414AB8,96
FUN_00414ab8,0x00414AB8,0x00414B5C,164
FUN_00414b60,0x00414B60,0x00414BE8,136
FUN_00414be8,0x00414BE8,0x00414C70,136
FUN_00414c70,0x00414C70,0x00414D08,152
FUN_00414d08,0x00414D08,0x00414D14,12
FUN_00414d18,0x00414D18,0x00414D28,16
FUN_00414d28,0x00414D28,0x00414D3C,20
FUN_00414d40,0x00414D40,0x00414ED0,400
FUN_00414ed0,0x00414ED0,0x00414F20,80
FUN_00414f20,0x00414F20,0x00414FB4,144
FUN_00414fc0,0x00414FC0,0x0041508C,200
FUN_00415090,0x00415090,0x0041515C,200
FUN_00415160,0x00415160,0x00415290,300
FUN_00415298,0x00415298,0x00415364,200
FUN_00415368,0x00415368,0x0041537C,20
FUN_00415380,0x00415380,0x00415394,20
FUN_004153a0,0x004153A0,0x004154C8,292
FUN_004154c8,0x004154C8,0x004154DC,20
FUN_004154e0,0x004154E0,0x004154F4,20
FUN_004154f8,0x004154F8,0x00415580,132
FUN_00415580,0x00415580,0x004155FC,124
FUN_00415600,0x00415600,0x00415624,36
FUN_00415628,0x00415628,0x0041565C,52
FUN_004156b0,0x004156B0,0x004156E0,48
FUN_004156e0,0x004156E0,0x00415710,48
FUN_00415728,0x00415728,0x00415758,48
FUN_00415758,0x00415758,0x004157D0,120
FUN_004157d0,0x004157D0,0x00415850,128
FUN_00415850,0x00415850,0x00415864,20
FUN_00415890,0x00415890,0x004158A4,20
FUN_004158a8,0x004158A8,0x004158BC,20
FUN_004158c0,0x004158C0,0x004158D8,24
FUN_004158d8,0x004158D8,0x004158F0,24
FUN_004158f0,0x004158F0,0x00415904,20
FUN_00415908,0x00415908,0x0041591C,20
FUN_00415928,0x00415928,0x0041593C,20
FUN_00415940,0x00415940,0x00415954,20
FUN_00415958,0x00415958,0x00415960,8
FUN_00415960,0x00415960,0x00415974,20
FUN_00415978,0x00415978,0x004159B0,56
FUN_004159c0,0x004159C0,0x004159D4,20
FUN_004159d8,0x004159D8,0x004159EC,20
FUN_004159f8,0x004159F8,0x00415A0C,20
FUN_00415a10,0x00415A10,0x00415A24,20
FUN_00415a30,0x00415A30,0x00415A44,20
FUN_00415a50,0x00415A50,0x00415A64,20
FUN_00415a68,0x00415A68,0x00415A7C,20
FUN_00415a80,0x00415A80,0x00415A94,20
FUN_00415a98,0x00415A98,0x00415AAC,20
FUN_00415ab0,0x00415AB0,0x00415AC4,20
FUN_00415ac8,0x00415AC8,0x00415ADC,20
FUN_00415b08,0x00415B08,0x00415B1C,20
FUN_00415b30,0x00415B30,0x00415B38,8
FUN_00415b38,0x00415B38,0x00415B58,32
FUN_00415b68,0x00415B68,0x00415BBC,84
FUN_00415bc0,0x00415BC0,0x00415C08,72
FUN_00415c08,0x00415C08,0x00415C44,60
FUN_00415c48,0x00415C48,0x00415DC4,380
FUN_00415dc8,0x00415DC8,0x00415E28,96
FUN_00415e28,0x00415E28,0x00415E30,8
FUN_00415e30,0x00415E30,0x00415E70,64
FUN_00415e70,0x00415E70,0x00415EB0,64
FUN_00415eb0,0x00415EB0,0x00415EDC,44
FUN_00415ee0,0x00415EE0,0x00415F0C,44
FUN_00415f10,0x00415F10,0x00415F3C,44
FUN_00415f40,0x00415F40,0x00416248,756
FUN_00416248,0x00416248,0x0042AFE8,288
FUN_00416368,0x00416368,0x004166CC,856
FUN_004166d0,0x004166D0,0x00416894,452
FUN_00416898,0x00416898,0x00416924,140
FUN_00416928,0x00416928,0x004169D8,172
FUN_004169d8,0x004169D8,0x00416A7C,156
FUN_00416a80,0x00416A80,0x00416BCC,332
FUN_00416bd0,0x00416BD0,0x00416D0C,316
FUN_00416d10,0x00416D10,0x00416D70,96
FUN_00416d70,0x00416D70,0x00416D78,8
FUN_00416d78,0x00416D78,0x00416D80,8
FUN_00416d80,0x00416D80,0x00416D88,8
FUN_00416da0,0x00416DA0,0x00416DAC,12
FUN_00416db0,0x00416DB0,0x00416DB8,8
FUN_00416db8,0x00416DB8,0x00416DC0,8
FUN_00416dc0,0x00416DC0,0x00416DC8,8
FUN_00416dc8,0x00416DC8,0x00416DE0,24
FUN_00416de0,0x00416DE0,0x0042AFF8,32
FUN_00416df8,0x00416DF8,0x00416E10,24
FUN_00416e10,0x00416E10,0x00416E28,24
FUN_00416e28,0x00416E28,0x0042B0B0,32
FUN_00416e40,0x00416E40,0x00416E58,24
FUN_00416e58,0x00416E58,0x0042B0C0,32
FUN_00416e70,0x00416E70,0x0042B0C8,32
FUN_00416e88,0x00416E88,0x00416EB4,44
FUN_00416eb8,0x00416EB8,0x0042B0E8,32
FUN_00416ed0,0x00416ED0,0x0042B0F0,32
FUN_00416ee8,0x00416EE8,0x00416F40,84
FUN_00416f40,0x00416F40,0x00416FA4,100
FUN_00416fa8,0x00416FA8,0x00416FB0,8
FUN_00416fb0,0x00416FB0,0x00416FC8,24
FUN_00416fc8,0x00416FC8,0x00416FE0,24
FUN_00416ff0,0x00416FF0,0x00417038,72
FUN_00417038,0x00417038,0x00417084,72
FUN_00417088,0x00417088,0x00417190,264
FUN_00417190,0x00417190,0x00417264,212
FUN_00417268,0x00417268,0x00417338,208
FUN_00417338,0x00417338,0x00417380,72
FUN_00417380,0x00417380,0x004173C4,68
FUN_004173c8,0x004173C8,0x004173F4,44
FUN_004173f8,0x004173F8,0x00417450,84
FUN_00417450,0x00417450,0x004174BC,108
FUN_004174c0,0x004174C0,0x00417534,116
FUN_00417538,0x00417538,0x004175A4,108
FUN_004175a8,0x004175A8,0x004175E0,56
FUN_004175e0,0x004175E0,0x0041760C,44
FUN_00417610,0x00417610,0x00417650,64
FUN_00417650,0x00417650,0x0041767C,44
FUN_00417680,0x00417680,0x004176CC,76
FUN_004176d0,0x004176D0,0x00417708,56
FUN_00417708,0x00417708,0x00417710,8
FUN_00417710,0x00417710,0x00417758,72
FUN_00417758,0x00417758,0x00417774,28
FUN_00417778,0x00417778,0x004177B0,56
FUN_004177b0,0x004177B0,0x004177C8,24
FUN_004177c8,0x004177C8,0x00417800,56
FUN_00417800,0x00417800,0x00417838,56
FUN_00417838,0x00417838,0x00417878,64
FUN_00417878,0x00417878,0x004178C0,72
FUN_004178c0,0x004178C0,0x00417904,68
FUN_00417908,0x00417908,0x00417934,44
FUN_00417938,0x00417938,0x004179A0,100
FUN_004179a0,0x004179A0,0x004179CC,44
FUN_004179d0,0x004179D0,0x00417A20,80
FUN_00417a20,0x00417A20,0x00417A6C,76
FUN_00417a70,0x00417A70,0x00417A7C,12
FUN_00417a80,0x00417A80,0x00417ABC,60
FUN_00417ac0,0x00417AC0,0x00417AD8,24
FUN_00417ad8,0x00417AD8,0x00417AF0,24
FUN_00417af0,0x00417AF0,0x00417F14,1040
FUN_00417f18,0x00417F18,0x0041814C,556
FUN_00418150,0x00418150,0x00418174,36
FUN_00418178,0x00418178,0x004181F4,124
FUN_004181f8,0x004181F8,0x0041821C,36
FUN_00418220,0x00418220,0x00418234,20
FUN_00418240,0x00418240,0x00418298,88
FUN_00418298,0x00418298,0x004182A8,16
FUN_004182a8,0x004182A8,0x004182F0,72
FUN_004182f0,0x004182F0,0x004182FC,12
FUN_00418300,0x00418300,0x00418338,56
FUN_00418338,0x00418338,0x00418340,8
FUN_00418340,0x00418340,0x00418378,56
FUN_00418378,0x00418378,0x00418380,8
FUN_00418380,0x00418380,0x004183B8,56
FUN_004183b8,0x004183B8,0x004183CC,20
FUN_004183d0,0x004183D0,0x0041840C,60
FUN_00418410,0x00418410,0x00418418,8
FUN_00418430,0x00418430,0x0041846C,60
FUN_00418470,0x00418470,0x004184F0,128
FUN_00418528,0x00418528,0x00418554,44
FUN_00418558,0x00418558,0x004185E0,136
FUN_004185e0,0x004185E0,0x004185F4,20
FUN_004185f8,0x004185F8,0x0041860C,20
FUN_00418610,0x00418610,0x00418624,20
FUN_00418628,0x00418628,0x0041863C,20
FUN_00418640,0x00418640,0x00418654,20
FUN_00418670,0x00418670,0x00418770,252
FUN_00418770,0x00418770,0x004187CC,88
FUN_00418840,0x00418840,0x00418878,56
FUN_004188a8,0x004188A8,0x00418900,88
FUN_00418900,0x00418900,0x00418C18,792
FUN_00418c18,0x00418C18,0x00418C60,72
FUN_00418c60,0x00418C60,0x00418CB4,84
FUN_00418cb8,0x00418CB8,0x00418CE0,40
FUN_00418ce0,0x00418CE0,0x00418D08,40
FUN_00418d08,0x00418D08,0x00418D30,40
FUN_00418d30,0x00418D30,0x00418D5C,44
FUN_00418d60,0x00418D60,0x00418F34,464
FUN_00418f38,0x00418F38,0x00418F5C,36
FUN_00418f60,0x00418F60,0x00418FC0,96
FUN_00418fd0,0x00418FD0,0x004190C4,240
FUN_004190c8,0x004190C8,0x00419194,204
FUN_00419198,0x00419198,0x004191D4,60
FUN_004191d8,0x004191D8,0x0041925C,132
FUN_00419268,0x00419268,0x00419308,160
FUN_00419308,0x00419308,0x00419334,44
FUN_00419338,0x00419338,0x004193F8,188
FUN_004193f8,0x004193F8,0x00419430,56
FUN_00419430,0x00419430,0x00419460,48
FUN_00419478,0x00419478,0x004195A4,292
FUN_004195a8,0x004195A8,0x004195C0,24
FUN_004195c0,0x004195C0,0x0041960C,76
FUN_00419610,0x00419610,0x00419904,744
FUN_00419908,0x00419908,0x00419940,56
FUN_00419940,0x00419940,0x0041998C,76
FUN_00419990,0x00419990,0x004199C8,56
FUN_004199c8,0x004199C8,0x00419A14,76
FUN_00419a18,0x00419A18,0x00419A50,56
FUN_00419a50,0x00419A50,0x00419A9C,76
FUN_00419ab0,0x00419AB0,0x00419AFC,76
FUN_00419b00,0x00419B00,0x00419C14,268
FUN_00419c18,0x00419C18,0x00419C60,72
FUN_00419c60,0x00419C60,0x00419C9C,56
FUN_00419ca8,0x00419CA8,0x00419D2C,128
FUN_00419d30,0x00419D30,0x00419D60,48
FUN_00419d60,0x00419D60,0x00419D9C,60
FUN_00419da0,0x00419DA0,0x00419E10,108
FUN_00419e10,0x00419E10,0x00419E48,56
FUN_00419e48,0x00419E48,0x00419E78,48
FUN_00419e90,0x00419E90,0x00419E98,8
FUN_00419e98,0x00419E98,0x00419EC4,44
FUN_00419ec8,0x00419EC8,0x00419EDC,20
FUN_00419ee0,0x00419EE0,0x00419F1C,60
FUN_00419f20,0x00419F20,0x00419F58,56
FUN_00419f70,0x00419F70,0x00419FAC,60
FUN_00419fb0,0x00419FB0,0x0041A008,84
FUN_0041a008,0x0041A008,0x0041A070,104
FUN_0041a080,0x0041A080,0x0041A0BC,60
FUN_0041a0c0,0x0041A0C0,0x0041A0C8,8
FUN_0041a0c8,0x0041A0C8,0x0041A0EC,36
FUN_0041a0f0,0x0041A0F0,0x0041A1DC,236
FUN_0041a1f0,0x0041A1F0,0x0041A228,56
FUN_0041a228,0x0041A228,0x0041A258,48
FUN_0041a268,0x0041A268,0x0041A2A4,60
FUN_0041a2a8,0x0041A2A8,0x0041A3AC,252
FUN_0041a3b8,0x0041A3B8,0x0041A3F4,60
FUN_0041a3f8,0x0041A3F8,0x0041A524,296
FUN_0041a528,0x0041A528,0x0041A560,56
FUN_0041a560,0x0041A560,0x0041A590,48
FUN_0041a5a8,0x0041A5A8,0x0041A5B0,8
FUN_0041a5b0,0x0041A5B0,0x0041A5B8,8
FUN_0041a5b8,0x0041A5B8,0x0041A5E4,44
FUN_0041a5e8,0x0041A5E8,0x0041A600,24
FUN_0041a608,0x0041A608,0x0041A650,72
FUN_0041a650,0x0041A650,0x0041A734,228
FUN_0041a738,0x0041A738,0x0041A774,60
FUN_0041a778,0x0041A778,0x0041A780,8
FUN_0041a780,0x0041A780,0x0041A7BC,60
FUN_0041a7c0,0x0041A7C0,0x0041A7F4,56
FUN_0041a808,0x0041A808,0x0041A8A0,148
FUN_0041a8a0,0x0041A8A0,0x0041A8E0,64
FUN_0041a8e0,0x0041A8E0,0x0041A938,88
FUN_0041a938,0x0041A938,0x0041AADC,420
FUN_0041aae0,0x0041AAE0,0x0041AB98,184
FUN_0041abb8,0x0041ABB8,0x0041AC04,76
FUN_0041ac08,0x0041AC08,0x0041AD00,248
FUN_0041ad08,0x0041AD08,0x0041ADBC,180
FUN_0041adc0,0x0041ADC0,0x0041ADFC,60
FUN_0041ae00,0x0041AE00,0x0041AE20,32
FUN_0041ae28,0x0041AE28,0x0041AE74,76
FUN_0041ae78,0x0041AE78,0x0041AF54,216
FUN_0041af58,0x0041AF58,0x0041AFA4,76
FUN_0041afa8,0x0041AFA8,0x0041B118,364
FUN_0041b1e0,0x0041B1E0,0x0041B378,404
FUN_0041b378,0x0041B378,0x0041B41C,160
FUN_0041b420,0x0041B420,0x0041B488,100
FUN_0041b488,0x0041B488,0x0041B76C,732
FUN_0041b770,0x0041B770,0x0041BB7C,1028
FUN_0041bb88,0x0041BB88,0x0041BD0C,388
FUN_0041bd10,0x0041BD10,0x0041BDF8,232
FUN_0041bdf8,0x0041BDF8,0x0041BFFC,516
FUN_0041c000,0x0041C000,0x0041C008,8
FUN_0041c098,0x0041C098,0x0041C130,144
FUN_0041c130,0x0041C130,0x0041C15C,44
FUN_0041c160,0x0041C160,0x0041C224,320
FUN_0041c230,0x0041C230,0x0041C258,40
FUN_0041c258,0x0041C258,0x0041C274,28
FUN_0041c278,0x0041C278,0x0041C2D0,88
FUN_0041c2d0,0x0041C2D0,0x0041C2FC,44
FUN_0041c300,0x0041C300,0x0041C32C,44
FUN_0041c330,0x0041C330,0x0041C350,32
FUN_0041c350,0x0041C350,0x0041C388,56
FUN_0041c388,0x0041C388,0x0041C3A8,32
FUN_0041c3a8,0x0041C3A8,0x0041C3E4,60
FUN_0041c3e8,0x0041C3E8,0x0041C3FC,20
FUN_0041c400,0x0041C400,0x0041C44C,76
FUN_0041c450,0x0041C450,0x0041C464,20
FUN_0041c488,0x0041C488,0x0041C4B4,44
FUN_0041c4b8,0x0041C4B8,0x0041C4CC,20
FUN_0041c4d0,0x0041C4D0,0x0041C50C,60
FUN_0041c510,0x0041C510,0x0041C524,20
FUN_0041c530,0x0041C530,0x0041C568,56
FUN_0041c568,0x0041C568,0x0041C57C,20
FUN_0041c5a0,0x0041C5A0,0x0041C5DC,60
FUN_0041c5e0,0x0041C5E0,0x0041C5F4,20
FUN_0041c600,0x0041C600,0x0041C64C,76
FUN_0041c650,0x0041C650,0x0041C664,20
FUN_0041c670,0x0041C670,0x0041C6AC,60
FUN_0041c6b0,0x0041C6B0,0x0041C6C4,20
FUN_0041c6c8,0x0041C6C8,0x0041C704,60
FUN_0041c708,0x0041C708,0x00428608,28
FUN_0041c720,0x0041C720,0x0041C75C,60
FUN_0041c760,0x0041C760,0x00428610,28
FUN_0041c778,0x0041C778,0x0041C7B4,60
FUN_0041c7b8,0x0041C7B8,0x00428618,28
FUN_0041c7e8,0x0041C7E8,0x0041C824,60
FUN_0041c828,0x0041C828,0x00428620,28
FUN_0041c848,0x0041C848,0x0041C884,60
FUN_0041c888,0x0041C888,0x00428628,28
FUN_0041c8b8,0x0041C8B8,0x0041C8E4,44
FUN_0041c8e8,0x0041C8E8,0x0041C8FC,20
FUN_0041c900,0x0041C900,0x0041C92C,44
FUN_0041c930,0x0041C930,0x0041C944,20
FUN_0041c960,0x0041C960,0x0041C9A8,72
FUN_0041c9a8,0x0041C9A8,0x0041C9BC,20
FUN_0041ca00,0x0041CA00,0x0041CA24,36
FUN_0041ca28,0x0041CA28,0x0041CA50,40
FUN_0041ca50,0x0041CA50,0x0041CA74,36
FUN_0041ca78,0x0041CA78,0x00429E28,48
FUN_0041caa0,0x0041CAA0,0x0041CACC,44
FUN_0041cad0,0x0041CAD0,0x00429E58,64
FUN_0041cb08,0x0041CB08,0x0041CB34,44
FUN_0041cb38,0x0041CB38,0x00429E60,64
FUN_0041cb70,0x0041CB70,0x0041CB9C,44
FUN_0041cba0,0x0041CBA0,0x00429E68,64
FUN_0041cbf0,0x0041CBF0,0x0041CC1C,44
FUN_0041cc20,0x0041CC20,0x0041CC44,36
FUN_0041cc58,0x0041CC58,0x0041CCE8,140
FUN_0041cce8,0x0041CCE8,0x0041CDBC,212
FUN_0041cdc0,0x0041CDC0,0x0041CE58,152
FUN_0041ce58,0x0041CE58,0x0041CEB8,96
FUN_0041cec0,0x0041CEC0,0x0041CF84,192
FUN_0041cf88,0x0041CF88,0x0041D004,124
FUN_0041d008,0x0041D008,0x0041D014,12
FUN_0041d018,0x0041D018,0x0041D0C0,168
FUN_0041d0c0,0x0041D0C0,0x0041D1E8,292
FUN_0041d1e8,0x0041D1E8,0x0041D24C,100
FUN_0041d250,0x0041D250,0x0041D25C,12
FUN_0041d260,0x0041D260,0x0041D3A4,320
FUN_0041d3a8,0x0041D3A8,0x0041D40C,100
FUN_0041d410,0x0041D410,0x0041D484,108
FUN_0041d488,0x0041D488,0x0041D4F0,100
FUN_0041d4f0,0x0041D4F0,0x0041D558,100
FUN_0041d558,0x0041D558,0x0041D5C0,100
FUN_0041d5c8,0x0041D5C8,0x0041D624,92
FUN_0041d628,0x0041D628,0x0041D68C,100
FUN_0041d690,0x0041D690,0x0041D74C,180
FUN_0041d7a8,0x0041D7A8,0x0041D7D0,40
FUN_0041d7f8,0x0041D7F8,0x0041D848,80
FUN_0041d848,0x0041D848,0x0041D8E0,152
FUN_0041d8f0,0x0041D8F0,0x0041D920,48
FUN_0041d920,0x0041D920,0x0041D9A4,132
FUN_0041d9a8,0x0041D9A8,0x0041DA48,156
FUN_0041da48,0x0041DA48,0x0041DB34,236
FUN_0041db38,0x0041DB38,0x0041DBE8,176
FUN_0041dbe8,0x0041DBE8,0x0041DBF0,8
FUN_0041dbf0,0x0041DBF0,0x0041DC1C,44
FUN_0041dc20,0x0041DC20,0x0041DC48,40
FUN_0041dc48,0x0041DC48,0x0041DD14,204
FUN_0041dd18,0x0041DD18,0x0041DE24,268
FUN_0041de30,0x0041DE30,0x0041DE98,100
FUN_0041de98,0x0041DE98,0x0041DFA4,264
FUN_0041dfc8,0x0041DFC8,0x0041E1B0,484
FUN_0041e1b0,0x0041E1B0,0x0041E37C,456
FUN_0041e388,0x0041E388,0x0041E474,236
FUN_0041e488,0x0041E488,0x0041E4F0,104
FUN_0041e510,0x0041E510,0x0041E530,32
FUN_0041e550,0x0041E550,0x0041E584,48
FUN_0041e588,0x0041E588,0x0041E5BC,48
FUN_0041e5c8,0x0041E5C8,0x0041E680,184
FUN_0041e680,0x0041E680,0x0041E6F4,116
FUN_0041e6f8,0x0041E6F8,0x0041E75C,100
FUN_0041e760,0x0041E760,0x0041E7B4,84
FUN_0041e7b8,0x0041E7B8,0x0041E82C,116
FUN_0041e830,0x0041E830,0x0041E89C,108
FUN_0041e8a0,0x0041E8A0,0x0041E8EC,76
FUN_0041e908,0x0041E908,0x0041E978,112
FUN_0041e988,0x0041E988,0x0041EB20,400
FUN_0041eb20,0x0041EB20,0x0041EB84,100
FUN_0041eb88,0x0041EB88,0x0041EB94,12
FUN_0041eb98,0x0041EB98,0x0041EBA4,12
FUN_0041eba8,0x0041EBA8,0x0041ED18,368
FUN_0041ed18,0x0041ED18,0x0041EE08,232
FUN_0041ee08,0x0041EE08,0x0041EE80,120
FUN_0041ee80,0x0041EE80,0x0041EF88,264
FUN_0041ef88,0x0041EF88,0x0041EFE8,96
FUN_0041efe8,0x0041EFE8,0x0041F018,48
FUN_0041f018,0x0041F018,0x0041F048,48
FUN_0041f048,0x0041F048,0x0041F0A0,88
FUN_0041f0a0,0x0041F0A0,0x0041F164,184
FUN_0041f168,0x0041F168,0x0041F1E0,120
FUN_0041f1f8,0x0041F1F8,0x0041F270,120
FUN_0041f270,0x0041F270,0x0041F2F8,136
FUN_0041f2f8,0x0041F2F8,0x0041F3B8,188
FUN_0041f3f0,0x0041F3F0,0x0041F40C,28
FUN_0041f588,0x0041F588,0x0041F5E0,84
FUN_0041f5e0,0x0041F5E0,0x0041F674,144
FUN_0041f678,0x0041F678,0x0041F6B0,52
FUN_0041f6b0,0x0041F6B0,0x0041F854,412
FUN_0041f858,0x0041F858,0x0041F93C,228
FUN_0041f940,0x0041F940,0x0041F978,52
FUN_0041f980,0x0041F980,0x0041F9CC,72
FUN_0041f9d0,0x0041F9D0,0x0041F9DC,12
FUN_0041f9f0,0x0041F9F0,0x0041FA88,152
FUN_0041fac0,0x0041FAC0,0x0041FAD4,20
FUN_0041fba0,0x0041FBA0,0x0041FC44,164
FUN_0041fc48,0x0041FC48,0x0041FC7C,52
FUN_0041fc80,0x0041FC80,0x0041FCD4,84
FUN_0041fcd8,0x0041FCD8,0x0041FD6C,148
FUN_0041fd70,0x0041FD70,0x0041FF04,404
FUN_0041ff08,0x0041FF08,0x00420090,380
FUN_00420090,0x00420090,0x00420220,396
FUN_00420220,0x00420220,0x004202E8,196
FUN_004202e8,0x004202E8,0x0042030C,36
FUN_00420310,0x00420310,0x0042034C,60
FUN_00420350,0x00420350,0x00420410,192
FUN_00420410,0x00420410,0x004204EC,216
FUN_004204f0,0x004204F0,0x0042066C,368
FUN_00420678,0x00420678,0x00420698,32
FUN_00420698,0x00420698,0x00420760,196
FUN_00420770,0x00420770,0x004207E0,112
FUN_004207e0,0x004207E0,0x00420838,88
FUN_00420838,0x00420838,0x0042094C,276
FUN_00420950,0x00420950,0x00420968,24
FUN_00420968,0x00420968,0x004209BC,84
FUN_004209c0,0x004209C0,0x00420A54,148
FUN_00420a60,0x00420A60,0x00420BC0,352
FUN_00420bc0,0x00420BC0,0x00420C88,196
FUN_00420c90,0x00420C90,0x00420CDC,76
FUN_00420d08,0x00420D08,0x00420D14,12
FUN_00420d20,0x00420D20,0x00420D80,96
FUN_00420d80,0x00420D80,0x00420DB8,56
FUN_00420db8,0x00420DB8,0x00420EC0,264
FUN_00420ec0,0x00420EC0,0x00420EEC,44
FUN_00420ef0,0x00420EF0,0x00420F40,76
FUN_00420f40,0x00420F40,0x00420F7C,60
FUN_00420f80,0x00420F80,0x00420F88,8
FUN_00420f90,0x00420F90,0x00421008,120
FUN_00421008,0x00421008,0x004211A0,404
FUN_004211a0,0x004211A0,0x004211CC,44
FUN_004211d0,0x004211D0,0x00421210,64
FUN_00421218,0x00421218,0x00421244,44
FUN_00421248,0x00421248,0x004212CC,128
FUN_004212e0,0x004212E0,0x00421304,36
FUN_00421308,0x00421308,0x00421368,96
FUN_00421368,0x00421368,0x004213A0,56
FUN_004213a0,0x004213A0,0x004213D0,48
FUN_004213d0,0x004213D0,0x00421408,56
FUN_00421408,0x00421408,0x00421438,48
FUN_00421450,0x00421450,0x0042148C,60
FUN_00421490,0x00421490,0x004214F4,92
FUN_004214f8,0x004214F8,0x0042152C,52
FUN_00421538,0x00421538,0x00421540,8
FUN_00421540,0x00421540,0x00421548,8
FUN_00421548,0x00421548,0x0042155C,20
FUN_00421560,0x00421560,0x00421574,20
FUN_00421578,0x00421578,0x004215A0,40
FUN_004215a0,0x004215A0,0x0042162C,140
FUN_00421630,0x00421630,0x00421638,8
FUN_00421638,0x00421638,0x00421640,8
FUN_00421640,0x00421640,0x004216C0,128
FUN_004216c0,0x004216C0,0x0042177C,184
FUN_00421780,0x00421780,0x004218A8,296
FUN_004218a8,0x004218A8,0x0042196C,188
FUN_00421970,0x00421970,0x00421A74,260
FUN_00421a78,0x00421A78,0x00421B48,208
FUN_00421b48,0x00421B48,0x00421B5C,20
FUN_00421b60,0x00421B60,0x00421B74,20
FUN_00421b90,0x00421B90,0x00421BC0,48
FUN_00421bc0,0x00421BC0,0x00421BD4,20
FUN_00421bd8,0x00421BD8,0x00421CD0,248
FUN_00421cd0,0x00421CD0,0x00421CD8,8
FUN_00421cd8,0x00421CD8,0x00421D2C,84
FUN_00421d48,0x00421D48,0x00421D68,32
FUN_00421d68,0x00421D68,0x00421DC0,88
FUN_00421dc0,0x00421DC0,0x00421DDC,28
FUN_00421de0,0x00421DE0,0x00421E4C,108
FUN_00421e50,0x00421E50,0x00421EEC,144
FUN_00421ef0,0x00421EF0,0x00421F34,68
FUN_00421f38,0x00421F38,0x00421FF4,188
FUN_00421ff8,0x00421FF8,0x00422030,52
FUN_00422030,0x00422030,0x004221B8,380
FUN_004221b8,0x004221B8,0x00422204,72
FUN_00422240,0x00422240,0x00422278,52
FUN_00422278,0x00422278,0x004222F4,120
FUN_004222f8,0x004222F8,0x00422330,52
FUN_004223b8,0x004223B8,0x004224EC,304
FUN_004224f0,0x004224F0,0x00422518,40
FUN_00422518,0x00422518,0x004225C0,168
FUN_004225c0,0x004225C0,0x00422630,108
FUN_00422630,0x00422630,0x00422648,24
FUN_00422648,0x00422648,0x00422668,32
FUN_00422668,0x00422668,0x00422680,24
FUN_00422680,0x00422680,0x00422698,24
FUN_00422698,0x00422698,0x00422754,176
FUN_00422758,0x00422758,0x00422A50,736
FUN_00422a50,0x00422A50,0x00422B30,224
FUN_00422b30,0x00422B30,0x00422BA4,116
FUN_00422ba8,0x00422BA8,0x00422BB0,8
FUN_00422c10,0x00422C10,0x00422F7C,876
FUN_00422f80,0x00422F80,0x0042324C,704
FUN_00423258,0x00423258,0x00423334,216
FUN_00423338,0x00423338,0x00423394,92
FUN_00423398,0x00423398,0x00423408,112
FUN_00423408,0x00423408,0x00423470,104
FUN_00423470,0x00423470,0x004234BC,76
FUN_004234c0,0x004234C0,0x0042350C,76
FUN_00423510,0x00423510,0x0042359C,140
FUN_004235a0,0x004235A0,0x00423624,132
FUN_00423630,0x00423630,0x004236EC,188
FUN_004236f0,0x004236F0,0x00423A90,920
FUN_00423a90,0x00423A90,0x00423B78,232
FUN_00423b80,0x00423B80,0x00423C18,152
FUN_00423c18,0x00423C18,0x00423C44,44
FUN_00423c50,0x00423C50,0x00423C7C,44
FUN_00423c88,0x00423C88,0x00423CEC,100
FUN_00423cf0,0x00423CF0,0x00423D4C,92
FUN_00423d50,0x00423D50,0x00423F0C,440
FUN_00423f10,0x00423F10,0x00423FB4,164
FUN_00423fb8,0x00423FB8,0x00423FE4,44
FUN_00423fe8,0x00423FE8,0x00424060,120
FUN_00424060,0x00424060,0x004240A0,64
FUN_004240a0,0x004240A0,0x004240F0,80
FUN_004240f0,0x004240F0,0x0042411C,44
FUN_00424120,0x00424120,0x00424170,80
FUN_00424188,0x00424188,0x004241CC,68
FUN_004241d0,0x004241D0,0x00424214,68
FUN_00424238,0x00424238,0x00424250,24
FUN_00424250,0x00424250,0x00424268,24
FUN_00424268,0x00424268,0x0042429C,52
FUN_004242a0,0x004242A0,0x004242D0,48
FUN_004242d0,0x004242D0,0x004242E4,20
FUN_004242e8,0x004242E8,0x004242FC,20
FUN_00424320,0x00424320,0x00424364,68
FUN_00424368,0x00424368,0x00424394,44
FUN_00424398,0x00424398,0x004243E4,76
FUN_004243e8,0x004243E8,0x00424414,44
FUN_00424418,0x00424418,0x00424464,72
FUN_00424468,0x00424468,0x004244B0,72
FUN_004244b0,0x004244B0,0x00424578,200
FUN_00424578,0x00424578,0x004245A4,44
FUN_004245a8,0x004245A8,0x0042462C,124
FUN_00424630,0x00424630,0x00424668,56
FUN_00424668,0x00424668,0x004246BC,84
FUN_004246c0,0x004246C0,0x0042470C,76
FUN_00424710,0x00424710,0x00424770,92
FUN_00424770,0x00424770,0x0042479C,44
FUN_004247a0,0x004247A0,0x00424804,100
FUN_00424808,0x00424808,0x00424850,72
FUN_00424850,0x00424850,0x004248AC,92
FUN_004248b0,0x004248B0,0x0042498C,204
FUN_00424990,0x00424990,0x004249DC,76
FUN_004249e0,0x004249E0,0x00424A7C,156
FUN_00424a80,0x00424A80,0x00424ACC,76
FUN_00424ad0,0x00424AD0,0x00424BCC,252
FUN_00424bd0,0x00424BD0,0x00424C38,104
FUN_00424c38,0x00424C38,0x00424D08,196
FUN_00424d08,0x00424D08,0x00424D10,8
FUN_00424d10,0x00424D10,0x00424D2C,28
FUN_00424d30,0x00424D30,0x00424D74,68
FUN_00424d78,0x00424D78,0x00424DA4,44
FUN_00424da8,0x00424DA8,0x00424DF4,76
FUN_00424df8,0x00424DF8,0x00424E24,44
FUN_00424e28,0x00424E28,0x00424E74,72
FUN_00424e78,0x00424E78,0x00424ED0,88
FUN_00424ed0,0x00424ED0,0x00424F9C,204
FUN_00424fa0,0x00424FA0,0x00424FCC,44
FUN_00424fd0,0x00424FD0,0x00425054,124
FUN_00425070,0x00425070,0x0042509C,44
FUN_004250a0,0x004250A0,0x0042511C,124
FUN_00425120,0x00425120,0x0042516C,76
FUN_00425170,0x00425170,0x004251CC,92
FUN_004251d0,0x004251D0,0x0042536C,412
FUN_00425370,0x00425370,0x004253BC,76
FUN_004253c0,0x004253C0,0x0042553C,376
FUN_00425540,0x00425540,0x0042558C,76
FUN_00425590,0x00425590,0x0042576C,468
FUN_00425770,0x00425770,0x004257D8,104
FUN_004257d8,0x004257D8,0x004258D0,236
FUN_004258d0,0x004258D0,0x004258D8,8
FUN_004258d8,0x004258D8,0x004258E0,8
FUN_004258e0,0x004258E0,0x004258E8,8
FUN_004258e8,0x004258E8,0x00425900,24
FUN_00425900,0x00425900,0x0042591C,28
FUN_00425920,0x00425920,0x00425964,68
FUN_00425968,0x00425968,0x00425994,44
FUN_00425998,0x00425998,0x004259E4,76
FUN_004259e8,0x004259E8,0x00425A14,44
FUN_00425a18,0x00425A18,0x00425A64,72
FUN_00425a68,0x00425A68,0x00425AC0,88
FUN_00425ac0,0x00425AC0,0x00425BA4,228
FUN_00425ba8,0x00425BA8,0x00425BD4,44
FUN_00425bd8,0x00425BD8,0x00425C5C,124
FUN_00425c60,0x00425C60,0x00425C98,56
FUN_00425c98,0x00425C98,0x00425CEC,84
FUN_00425cf0,0x00425CF0,0x00425D3C,76
FUN_00425d40,0x00425D40,0x00425DA0,92
FUN_00425da0,0x00425DA0,0x00425DCC,44
FUN_00425dd0,0x00425DD0,0x00425EA8,216
FUN_00425ea8,0x00425EA8,0x00425EF0,72
FUN_00425ef0,0x00425EF0,0x00425FA4,176
FUN_00425fa8,0x00425FA8,0x00426004,92
FUN_00426008,0x00426008,0x00426158,332
FUN_00426158,0x00426158,0x004261A4,76
FUN_004261a8,0x004261A8,0x004262D0,296
FUN_004262d0,0x004262D0,0x0042631C,76
FUN_00426320,0x00426320,0x00426440,280
FUN_00426440,0x00426440,0x004264A8,104
FUN_004264a8,0x004264A8,0x00426570,196
FUN_00426578,0x00426578,0x004265D4,92
FUN_004265e0,0x004265E0,0x0042668C,172
FUN_00426698,0x00426698,0x004266CC,52
FUN_004266d0,0x004266D0,0x004267A0,208
FUN_004267a8,0x004267A8,0x004267FC,84
FUN_00426800,0x00426800,0x00426830,48
FUN_00426848,0x00426848,0x00426898,80
FUN_00426898,0x00426898,0x004268D4,56
FUN_004268d8,0x004268D8,0x00426974,152
FUN_00426a88,0x00426A88,0x00426A9C,20
FUN_00426aa0,0x00426AA0,0x00426C38,400
FUN_00426c38,0x00426C38,0x00426CB0,120
FUN_00426cb0,0x00426CB0,0x00426DA8,248
FUN_00426da8,0x00426DA8,0x00426DEC,68
FUN_00426df0,0x00426DF0,0x00426E50,96
FUN_00426e50,0x00426E50,0x00426EDC,140
FUN_00426ee0,0x00426EE0,0x00426EF8,24
FUN_00426ef8,0x00426EF8,0x00426F10,24
FUN_00426f10,0x00426F10,0x00426F28,24
FUN_00426f28,0x00426F28,0x00426F40,24
FUN_00426f40,0x00426F40,0x00426F58,24
FUN_00426f58,0x00426F58,0x00426F70,24
FUN_00426f70,0x00426F70,0x00426F88,24
FUN_00426f88,0x00426F88,0x00426FA0,24
FUN_00426fa0,0x00426FA0,0x00427048,168
FUN_00427048,0x00427048,0x00427098,80
FUN_004270a0,0x004270A0,0x00427108,104
FUN_00427108,0x00427108,0x004271C8,188
FUN_004271c8,0x004271C8,0x00427204,60
FUN_00427208,0x00427208,0x0042729C,140
FUN_004272a0,0x004272A0,0x0042730C,108
FUN_00427310,0x00427310,0x00427410,248
FUN_00427410,0x00427410,0x00427468,88
FUN_00427468,0x00427468,0x004274A4,60
FUN_004274a8,0x004274A8,0x004274E8,64
FUN_004274e8,0x004274E8,0x004274FC,20
FUN_00427500,0x00427500,0x00427514,20
FUN_00427518,0x00427518,0x004275DC,196
FUN_004275e8,0x004275E8,0x00427600,24
FUN_00427600,0x00427600,0x00427618,24
FUN_00427618,0x00427618,0x00427630,24
FUN_00427630,0x00427630,0x00427648,24
FUN_00427648,0x00427648,0x00427660,24
FUN_00427660,0x00427660,0x00427678,24
FUN_00427678,0x00427678,0x00427690,24
FUN_00427690,0x00427690,0x004276A8,24
FUN_004276a8,0x004276A8,0x00427750,168
FUN_00427750,0x00427750,0x00427790,64
FUN_00427790,0x00427790,0x004277E8,84
FUN_004277e8,0x004277E8,0x0042784C,96
FUN_00427858,0x00427858,0x0042786C,20
FUN_00427870,0x00427870,0x00427884,20
FUN_00427888,0x00427888,0x004278B8,48
FUN_004278b8,0x004278B8,0x004278E8,48
FUN_00427900,0x00427900,0x00427914,20
FUN_00427918,0x00427918,0x0042792C,20
FUN_00427938,0x00427938,0x00427940,8
FUN_00427940,0x00427940,0x00427948,8
FUN_00427948,0x00427948,0x004279AC,96
FUN_004279b0,0x004279B0,0x004279D4,36
FUN_004279d8,0x004279D8,0x00427EF0,1284
FUN_00427ef0,0x00427EF0,0x00427FC8,212
FUN_00427fc8,0x00427FC8,0x00427FD0,8
FUN_00427fd0,0x00427FD0,0x0042802C,88
FUN_00428030,0x00428030,0x0042807C,76
FUN_00428090,0x00428090,0x004281D4,324
FUN_004281d8,0x004281D8,0x00428290,180
FUN_00428290,0x00428290,0x004282D8,72
FUN_004282d8,0x004282D8,0x00428320,72
FUN_00428328,0x00428328,0x00428330,8
FUN_00428330,0x00428330,0x00428434,256
FUN_00428438,0x00428438,0x00428548,272
FUN_00428550,0x00428550,0x004285FC,168
FUN_00428628,0x00428628,0x00428738,260
FUN_00428738,0x00428738,0x0042881C,224
FUN_00428820,0x00428820,0x0042889C,120
FUN_004288b8,0x004288B8,0x00428928,112
FUN_00428928,0x00428928,0x00428940,24
FUN_00428940,0x00428940,0x0042894C,12
FUN_00428950,0x00428950,0x00428B14,448
FUN_00428b20,0x00428B20,0x00428C20,256
FUN_00428c20,0x00428C20,0x00428F14,752
FUN_00428f18,0x00428F18,0x00428FE8,196
FUN_00428fe8,0x00428FE8,0x00429098,176
FUN_00429098,0x00429098,0x0042913C,164
FUN_00429140,0x00429140,0x00429148,8
FUN_00429148,0x00429148,0x00429284,304
FUN_00429288,0x00429288,0x00429338,176
FUN_00429340,0x00429340,0x00429404,192
FUN_00429408,0x00429408,0x004294E0,216
FUN_004294e0,0x004294E0,0x00429548,104
FUN_00429548,0x00429548,0x00429578,48
FUN_00429588,0x00429588,0x0042965C,208
FUN_00429660,0x00429660,0x00429754,240
FUN_00429758,0x00429758,0x00429870,280
FUN_00429870,0x00429870,0x004298E4,116
FUN_004298e8,0x004298E8,0x00429B0C,544
FUN_00429b10,0x00429B10,0x00429B90,128
FUN_00429b90,0x00429B90,0x00429C30,160
FUN_00429c30,0x00429C30,0x00429C38,8
FUN_00429c38,0x00429C38,0x00429C6C,52
FUN_00429c70,0x00429C70,0x00429C7C,12
FUN_00429c80,0x00429C80,0x00429CC4,68
FUN_00429cc8,0x00429CC8,0x00429D2C,96
FUN_00429d30,0x00429D30,0x00429D54,36
FUN_00429d58,0x00429D58,0x00429DD8,124
FUN_00429dd8,0x00429DD8,0x00429E10,56
FUN_00429e10,0x00429E10,0x00429E1C,12
FUN_00429e28,0x00429E28,0x00429E30,8
FUN_00429e30,0x00429E30,0x00429E38,8
FUN_00429e38,0x00429E38,0x00429E50,24
FUN_00429e68,0x00429E68,0x00429E70,8
FUN_00429e70,0x00429E70,0x0042A07C,516
FUN_0042a080,0x0042A080,0x0042A0D8,88
FUN_0042a0d8,0x0042A0D8,0x0042A0E0,8
FUN_0042a0e0,0x0042A0E0,0x0042A12C,76
FUN_0042a130,0x0042A130,0x0042A180,80
FUN_0042a198,0x0042A198,0x0042A1E8,76
FUN_0042a1e8,0x0042A1E8,0x0042A384,412
FUN_0042a388,0x0042A388,0x0042A390,8
FUN_0042a398,0x0042A398,0x0042A3A0,8
FUN_0042a3a0,0x0042A3A0,0x0042A3D0,48
FUN_0042a3d0,0x0042A3D0,0x0042A3F0,32
FUN_0042a3f0,0x0042A3F0,0x0042A420,48
FUN_0042a420,0x0042A420,0x0042A44C,44
FUN_0042a450,0x0042A450,0x0042A500,176
FUN_0042a500,0x0042A500,0x0042A588,136
FUN_0042a588,0x0042A588,0x0042A5B8,48
FUN_0042a5b8,0x0042A5B8,0x0042A61C,100
FUN_0042a620,0x0042A620,0x0042A644,36
FUN_0042a648,0x0042A648,0x0042A678,48
FUN_0042a680,0x0042A680,0x0042A69C,28
FUN_0042a6a8,0x0042A6A8,0x0042A85C,436
FUN_0042a868,0x0042A868,0x0042A874,12
FUN_0042a878,0x0042A878,0x0042A884,12
FUN_0042a888,0x0042A888,0x0042A8C4,60
FUN_0042a920,0x0042A920,0x0042A958,56
FUN_0042a958,0x0042A958,0x0042AA74,284
FUN_0042aa78,0x0042AA78,0x0042AABC,68
FUN_0042aac0,0x0042AAC0,0x0042ADAC,736
FUN_0042adb0,0x0042ADB0,0x0042AE4C,156
FUN_0042ae50,0x0042AE50,0x0042AFC4,368
FUN_0042afc8,0x0042AFC8,0x0042AFD4,12
FUN_0042afe8,0x0042AFE8,0x0042AFF0,8
FUN_0042aff8,0x0042AFF8,0x0042B048,80
FUN_0042b048,0x0042B048,0x0042B0A8,96
FUN_0042b0b0,0x0042B0B0,0x0042B0B8,8
FUN_0042b0c8,0x0042B0C8,0x0042B0DC,20
FUN_0042b0f0,0x0042B0F0,0x0042B0F8,8
FUN_0042b0f8,0x0042B0F8,0x0042B100,8
FUN_0042b100,0x0042B100,0x0042B110,16
FUN_0042b110,0x0042B110,0x0042B150,64
FUN_0042b150,0x0042B150,0x0042B190,64
FUN_0042b1a8,0x0042B1A8,0x0042B2A8,252
FUN_0042b2a8,0x0042B2A8,0x0042B2B0,8
FUN_0042b2b0,0x0042B2B0,0x0042B32C,124
FUN_0042b330,0x0042B330,0x0042B348,24
FUN_0042b348,0x0042B348,0x0042B38C,68
FUN_0042b390,0x0042B390,0x0042B3D0,64
FUN_0042b3d0,0x0042B3D0,0x0042B3D8,8
FUN_0042b3d8,0x0042B3D8,0x0042B3E0,8
FUN_0042b3e8,0x0042B3E8,0x0042B434,76
FUN_0042b438,0x0042B438,0x0042B490,88
FUN_0042b490,0x0042B490,0x0042B4E4,84
FUN_0042b4e8,0x0042B4E8,0x0042B5EC,256
FUN_0042b5f0,0x0042B5F0,0x0042B61C,44
FUN_0042b620,0x0042B620,0x0042B68C,108
FUN_0042b690,0x0042B690,0x0042B6B0,32
FUN_0042b6b0,0x0042B6B0,0x0042B838,388
FUN_0042b838,0x0042B838,0x0042B988,332
FUN_0042b988,0x0042B988,0x0042BA70,224
FUN_0042ba70,0x0042BA70,0x0042BAD4,100
FUN_0042bad8,0x0042BAD8,0x0042BBF8,280
FUN_0042bbf8,0x0042BBF8,0x0042BCEC,244
FUN_0042bcf0,0x0042BCF0,0x0042BE64,368
FUN_0042be68,0x0042BE68,0x0042BE90,40
FUN_0042be90,0x0042BE90,0x0042C0C0,560
FUN_0042c0c0,0x0042C0C0,0x0042C1BC,248
FUN_0042c1c0,0x0042C1C0,0x0042C334,368
FUN_0042c338,0x0042C338,0x0042C4CC,400
FUN_0042c4d0,0x0042C4D0,0x0042C66C,408
FUN_0042c670,0x0042C670,0x0042C6D4,96
FUN_0042c6d8,0x0042C6D8,0x0042C730,80
FUN_0042c730,0x0042C730,0x0042C760,48
FUN_0042c760,0x0042C760,0x0042C78C,44
FUN_0042c790,0x0042C790,0x0042C7A4,20
FUN_0042c7a8,0x0042C7A8,0x0042C7BC,20
FUN_0042c7c0,0x0042C7C0,0x0042C7C8,8
FUN_0042c7c8,0x0042C7C8,0x0042C7D0,8
FUN_0042c7d0,0x0042C7D0,0x0042C92C,348
FUN_0042c930,0x0042C930,0x0042C9B0,124
FUN_0042c9b8,0x0042C9B8,0x0042CAB8,256
FUN_0042cab8,0x0042CAB8,0x0042CB38,128
FUN_0042cb38,0x0042CB38,0x0042CBB0,120
FUN_0042cbb0,0x0042CBB0,0x0042CCE4,308
FUN_0042cce8,0x0042CCE8,0x0042CF48,604
FUN_0042cf48,0x0042CF48,0x0042D164,536
FUN_0042d168,0x0042D168,0x0042D1C4,92
FUN_0042d1c8,0x0042D1C8,0x0042D21C,84
FUN_0042d220,0x0042D220,0x0042D258,56
FUN_0042d258,0x0042D258,0x0042D290,56
FUN_0042d298,0x0042D298,0x0042D2EC,84
FUN_0042d2f0,0x0042D2F0,0x0042D360,112
FUN_0042d360,0x0042D360,0x0042D464,256
FUN_0042d468,0x0042D468,0x0042D4F0,136
FUN_0042d4f0,0x0042D4F0,0x0042D50C,28
FUN_0042d510,0x0042D510,0x0042D5E8,216
FUN_0042d5e8,0x0042D5E8,0x0042D6AC,196
FUN_0042d6b0,0x0042D6B0,0x0042D6D4,36
FUN_0042d6d8,0x0042D6D8,0x0042D784,168
FUN_0042d7a8,0x0042D7A8,0x0042D838,140
FUN_0042d838,0x0042D838,0x0042D8D0,148
FUN_0042d8d0,0x0042D8D0,0x0042D928,88
FUN_0042d968,0x0042D968,0x0042D9A0,56
FUN_0042d9a0,0x0042D9A0,0x0042D9C4,36
FUN_0042d9d0,0x0042D9D0,0x0042DA9C,204
FUN_0042daa0,0x0042DAA0,0x0042DAC4,36
FUN_0042dac8,0x0042DAC8,0x0042DAEC,36
FUN_0042daf0,0x0042DAF0,0x0042DB14,36
FUN_0042db18,0x0042DB18,0x0042DB28,16
FUN_0042db28,0x0042DB28,0x0042DB44,28
FUN_0042db48,0x0042DB48,0x0042DB7C,52
FUN_0042db80,0x0042DB80,0x0042DB88,8
FUN_0042db88,0x0042DB88,0x0042DBB8,48
FUN_0042dbb8,0x0042DBB8,0x0042DBE8,48
FUN_0042dbe8,0x0042DBE8,0x0042DC18,48
FUN_0042dc18,0x0042DC18,0x0042DC34,28
FUN_0042dc38,0x0042DC38,0x0042DC5C,36
FUN_0042dc60,0x0042DC60,0x0042DC78,24
FUN_0042dc78,0x0042DC78,0x0042DC80,8
FUN_0042dc80,0x0042DC80,0x0042DC90,16
FUN_0042dc90,0x0042DC90,0x0042DD84,244
FUN_0042dd88,0x0042DD88,0x0042DECC,320
FUN_0042ded0,0x0042DED0,0x0042DEF8,40
FUN_0042def8,0x0042DEF8,0x0042DF68,112
FUN_0042df68,0x0042DF68,0x0042E7A8,28
FUN_0042e090,0x0042E090,0x0042E0F8,104
FUN_0042e0f8,0x0042E0F8,0x0042E150,88
FUN_0042e150,0x0042E150,0x0042E188,56
FUN_0042e188,0x0042E188,0x0042E2D8,336
FUN_0042e2d8,0x0042E2D8,0x0042E350,120
FUN_0042e350,0x0042E350,0x0042E358,8
FUN_0042e360,0x0042E360,0x0042E3B8,88
FUN_0042e3b8,0x0042E3B8,0x0042E3E4,44
FUN_0042e3e8,0x0042E3E8,0x0042E448,96
FUN_0042e448,0x0042E448,0x0042E6EC,668
FUN_0042e6f0,0x0042E6F0,0x0042E730,60
FUN_0042e730,0x0042E730,0x0042E738,8
FUN_0042e738,0x0042E738,0x0042E740,8
FUN_0042e740,0x0042E740,0x0042E74C,12
FUN_0042e758,0x0042E758,0x00436AE0,32
FUN_0042e770,0x0042E770,0x0042E788,24
FUN_0042e788,0x0042E788,0x0042E7A0,24
FUN_0042e7f0,0x0042E7F0,0x0042E8A0,176
FUN_0042e8a0,0x0042E8A0,0x0042E98C,236
FUN_0042e990,0x0042E990,0x0042E9F8,104
FUN_0042e9f8,0x0042E9F8,0x0042EA78,128
FUN_0042ea78,0x0042EA78,0x0042EAD0,88
FUN_0042ead0,0x0042EAD0,0x0042EB4C,124
FUN_0042eb50,0x0042EB50,0x0042EDF0,664
FUN_0042edf0,0x0042EDF0,0x0042EE1C,44
FUN_0042ee20,0x0042EE20,0x0042EF54,304
FUN_0042ef68,0x0042EF68,0x0042F0A4,304
FUN_0042f0a8,0x0042F0A8,0x0042F0F4,76
FUN_0042f0f8,0x0042F0F8,0x0042F118,32
FUN_0042f118,0x0042F118,0x0042F164,76
FUN_0042f168,0x0042F168,0x0042F23C,212
FUN_0042f250,0x0042F250,0x0042F29C,76
FUN_0042f2a0,0x0042F2A0,0x0042F344,160
FUN_0042f378,0x0042F378,0x0042F42C,176
FUN_0042f430,0x0042F430,0x0042F468,56
FUN_0042f468,0x0042F468,0x0042F498,48
FUN_0042f4a8,0x0042F4A8,0x0042F4F0,72
FUN_0042f4f0,0x0042F4F0,0x0042F544,80
FUN_0042f548,0x0042F548,0x0042F5CC,128
FUN_0042f5e8,0x0042F5E8,0x0042F624,60
FUN_0042f628,0x0042F628,0x0042F658,48
FUN_0042f680,0x0042F680,0x0042F6CC,76
FUN_0042f6d0,0x0042F6D0,0x0042F754,128
FUN_0042f758,0x0042F758,0x0042F790,56
FUN_0042f790,0x0042F790,0x0042F7C0,48
FUN_0042f7d8,0x0042F7D8,0x0042F8BC,224
FUN_0042f8c0,0x0042F8C0,0x0042FA14,336
FUN_0042fa18,0x0042FA18,0x0042FB0C,244
FUN_0042fb18,0x0042FB18,0x0042FB64,76
FUN_0042fb68,0x0042FB68,0x0042FFD0,1108
FUN_0042ffd0,0x0042FFD0,0x0042FFF4,36
FUN_0042fff8,0x0042FFF8,0x00430058,96
FUN_00430058,0x00430058,0x004300A0,72
FUN_004300a0,0x004300A0,0x004300D0,48
FUN_004300d0,0x004300D0,0x0043011C,76
FUN_00430120,0x00430120,0x004301BC,152
FUN_004301c0,0x004301C0,0x00430218,88
FUN_00430218,0x00430218,0x0043026C,80
FUN_00430270,0x00430270,0x004302CC,92
FUN_004302d0,0x004302D0,0x0043033C,104
FUN_00430340,0x00430340,0x00430364,36
FUN_00430368,0x00430368,0x00430480,280
FUN_00430480,0x00430480,0x004304F8,120
FUN_004304f8,0x004304F8,0x00430564,108
FUN_00430568,0x00430568,0x004305F0,136
FUN_004305f0,0x004305F0,0x0043067C,140
FUN_00430680,0x00430680,0x004306F0,112
FUN_004306f0,0x004306F0,0x004307A4,180
FUN_004307a8,0x004307A8,0x00430850,168
FUN_00430860,0x00430860,0x004308B8,88
FUN_004308b8,0x004308B8,0x00430904,76
FUN_00430908,0x00430908,0x00430960,88
FUN_00430960,0x00430960,0x00430A0C,172
FUN_00430a10,0x00430A10,0x00430A3C,44
FUN_00430a40,0x00430A40,0x00430A48,8
FUN_00430a48,0x00430A48,0x00430A80,56
FUN_00430a80,0x00430A80,0x00430A88,8
FUN_00430a88,0x00430A88,0x00430A90,8
FUN_00430a90,0x00430A90,0x00430A98,8
FUN_00430a98,0x00430A98,0x00430AA0,8
FUN_00430aa0,0x00430AA0,0x00430AA8,8
FUN_00430aa8,0x00430AA8,0x00430AB8,16
FUN_00430ab8,0x00430AB8,0x00430AC8,16
FUN_00430ac8,0x00430AC8,0x00430AD0,8
FUN_00430ad0,0x00430AD0,0x00430B00,48
FUN_00430b10,0x00430B10,0x00430B18,8
FUN_00430b18,0x00430B18,0x00430ECC,944
FUN_00430ed0,0x00430ED0,0x00430F20,80
FUN_00430f20,0x00430F20,0x00431000,224
FUN_00431000,0x00431000,0x0043114C,324
FUN_00431150,0x00431150,0x0043149C,844
FUN_004314a0,0x004314A0,0x004315A0,256
FUN_004315a0,0x004315A0,0x004315CC,44
FUN_004315d0,0x004315D0,0x00431684,172
FUN_00431688,0x00431688,0x004316D0,72
FUN_004316d8,0x004316D8,0x00431770,152
FUN_00431778,0x00431778,0x004317C8,80
FUN_004317c8,0x004317C8,0x00431B2C,848
FUN_00431b30,0x00431B30,0x00431B38,8
FUN_00431b38,0x00431B38,0x00431BF4,188
FUN_00431bf8,0x00431BF8,0x00431CE4,232
FUN_00431ce8,0x00431CE8,0x00431D10,40
FUN_00431d10,0x00431D10,0x00431D20,16
FUN_00431d20,0x00431D20,0x00431DD0,176
FUN_00431df0,0x00431DF0,0x00431E1C,44
FUN_00431e20,0x00431E20,0x00431E50,48
FUN_00431e50,0x00431E50,0x00431EA0,80
FUN_00431ea8,0x00431EA8,0x00431F08,96
FUN_00431f08,0x00431F08,0x00431FCC,184
FUN_00431fd0,0x00431FD0,0x00432048,120
FUN_00432060,0x00432060,0x00432100,160
FUN_00432100,0x00432100,0x00432124,36
FUN_00432128,0x00432128,0x004322E0,432
FUN_00432318,0x00432318,0x00432334,28
FUN_004324b0,0x004324B0,0x0043254C,156
FUN_00432550,0x00432550,0x004325E4,144
FUN_004325e8,0x004325E8,0x00432620,52
FUN_00432620,0x00432620,0x004327B0,388
FUN_004327b0,0x004327B0,0x004328A4,240
FUN_004328a8,0x004328A8,0x004328E0,52
FUN_004328e8,0x004328E8,0x00432934,72
FUN_00432938,0x00432938,0x0043294C,20
FUN_00432950,0x00432950,0x0043296C,28
FUN_00432970,0x00432970,0x0043299C,44
FUN_004329a0,0x004329A0,0x004329C0,32
FUN_004329c0,0x004329C0,0x004329F0,48
FUN_004329f0,0x004329F0,0x00432AB4,192
FUN_00432ab8,0x00432AB8,0x00432ACC,20
FUN_00432ad0,0x00432AD0,0x00432AE4,20
FUN_00432ae8,0x00432AE8,0x00432B24,60
FUN_00432b28,0x00432B28,0x00432B3C,20
FUN_00432b40,0x00432B40,0x00432B70,48
FUN_00432b70,0x00432B70,0x00432B9C,44
FUN_00432ba0,0x00432BA0,0x00432BDC,60
FUN_00432be0,0x00432BE0,0x00432C0C,44
FUN_00432c10,0x00432C10,0x00432C28,24
FUN_00432c28,0x00432C28,0x00432C70,72
FUN_00432c70,0x00432C70,0x00432D70,248
FUN_00432d70,0x00432D70,0x00432D9C,44
FUN_00432da0,0x00432DA0,0x00432DBC,28
FUN_00432dc0,0x00432DC0,0x00432DEC,44
FUN_00432df0,0x00432DF0,0x00432E30,64
FUN_00432e30,0x00432E30,0x00432E90,96
FUN_00432e90,0x00432E90,0x00433000,368
FUN_00433010,0x00433010,0x0043305C,76
FUN_00433060,0x00433060,0x00433110,172
FUN_00433110,0x00433110,0x0043314C,60
FUN_00433150,0x00433150,0x004331D8,132
FUN_004331d8,0x004331D8,0x004331EC,20
FUN_004331f0,0x004331F0,0x00433204,20
FUN_00433208,0x00433208,0x0043326C,96
FUN_00433270,0x00433270,0x00433294,36
FUN_00433298,0x00433298,0x004332A0,8
FUN_004332a0,0x004332A0,0x004332A8,8
FUN_004332a8,0x004332A8,0x004332D4,44
FUN_004332d8,0x004332D8,0x00433398,188
FUN_004333a0,0x004333A0,0x004334DC,316
FUN_004334e0,0x004334E0,0x004334F0,16
FUN_004334f0,0x004334F0,0x00433500,16
FUN_00433500,0x00433500,0x0043356C,108
FUN_00433570,0x00433570,0x004335F4,132
FUN_004335f8,0x004335F8,0x004336FC,260
FUN_00433700,0x00433700,0x00433804,260
FUN_00433808,0x00433808,0x00433838,48
FUN_00433838,0x00433838,0x00433868,48
FUN_00433868,0x00433868,0x004338CC,96
FUN_004338d0,0x004338D0,0x004338F4,36
FUN_004338f8,0x004338F8,0x0043397C,132
FUN_00433980,0x00433980,0x004339B8,56
FUN_004339b8,0x004339B8,0x004339D0,24
FUN_004339d0,0x004339D0,0x004339E8,24
FUN_004339e8,0x004339E8,0x00433A00,24
FUN_00433a00,0x00433A00,0x00433A18,24
FUN_00433a18,0x00433A18,0x00433A30,24
FUN_00433a30,0x00433A30,0x00433A48,24
FUN_00433a48,0x00433A48,0x00433A60,24
FUN_00433a60,0x00433A60,0x00433ACC,108
FUN_00433ad0,0x00433AD0,0x00433AF4,36
FUN_00433b10,0x00433B10,0x00433B3C,44
FUN_00433b40,0x00433B40,0x00433B70,44
FUN_00433b70,0x00433B70,0x00433B88,24
FUN_00433b90,0x00433B90,0x00433BA8,24
FUN_00433ba8,0x00433BA8,0x00433C0C,96
FUN_00433c10,0x00433C10,0x00433C34,36
FUN_00433c38,0x00433C38,0x00433CCC,148
FUN_00433cd0,0x00433CD0,0x00433D08,56
FUN_00433d08,0x00433D08,0x00433D24,28
FUN_00433d40,0x00433D40,0x00433D58,24
FUN_00433d58,0x00433D58,0x00433D74,28
FUN_00433d90,0x00433D90,0x00433DA8,24
FUN_00433da8,0x00433DA8,0x00433DC0,24
FUN_00433dc0,0x00433DC0,0x00433DD8,24
FUN_00433dd8,0x00433DD8,0x00433DF0,24
FUN_00433df0,0x00433DF0,0x00433E08,24
FUN_00433e08,0x00433E08,0x00433E2C,36
FUN_00433e48,0x00433E48,0x00433E60,24
FUN_00433e68,0x00433E68,0x00433E84,28
FUN_00433e88,0x00433E88,0x00434214,900
FUN_00434218,0x00434218,0x0043427C,96
FUN_00434280,0x00434280,0x00434390,268
FUN_00434390,0x00434390,0x004344A8,276
FUN_004344a8,0x004344A8,0x00434640,404
FUN_00434640,0x00434640,0x004347C0,380
FUN_004347c0,0x004347C0,0x004347E8,40
FUN_004347e8,0x004347E8,0x00434B00,776
FUN_00434b00,0x00434B00,0x00434B58,88
FUN_00434b58,0x00434B58,0x00434C68,272
FUN_00434c68,0x00434C68,0x00434D64,252
FUN_00434d68,0x00434D68,0x00434F00,404
FUN_00434f00,0x00434F00,0x00435080,380
FUN_00435080,0x00435080,0x00435228,420
FUN_00435228,0x00435228,0x00435268,60
FUN_00435268,0x00435268,0x00435444,476
FUN_00435448,0x00435448,0x0043580C,964
FUN_00435810,0x00435810,0x00435B58,840
FUN_00435b58,0x00435B58,0x00435BC8,108
FUN_00435bd8,0x00435BD8,0x00435D04,292
FUN_00435d08,0x00435D08,0x00435D34,44
FUN_00435d40,0x00435D40,0x00435F80,568
FUN_00435f80,0x00435F80,0x00435FE0,96
FUN_00435fe0,0x00435FE0,0x0043608C,168
FUN_00436090,0x00436090,0x00436098,8
FUN_00436098,0x00436098,0x004360F0,88
FUN_004360f8,0x004360F8,0x004361B8,188
FUN_004361c0,0x004361C0,0x004361DC,28
FUN_004361e8,0x004361E8,0x0043639C,436
FUN_004363a0,0x004363A0,0x0043640C,108
FUN_00436410,0x00436410,0x00436464,84
FUN_00436468,0x00436468,0x004364B4,76
FUN_004364b8,0x004364B8,0x00436598,224
FUN_00436598,0x00436598,0x004365F8,96
FUN_004365f8,0x004365F8,0x004366C0,200
FUN_004366c0,0x004366C0,0x004366F4,52
FUN_004366f8,0x004366F8,0x004368A0,420
FUN_004368a0,0x004368A0,0x00436980,220
FUN_00436980,0x00436980,0x00436990,16
FUN_00436990,0x00436990,0x00436AD4,324
FUN_00436ae0,0x00436AE0,0x00436B00,28
FUN_00436b00,0x00436B00,0x00436B14,20
FUN_00436b18,0x00436B18,0x00436C2C,276
FUN_00436c30,0x00436C30,0x00436C4C,28
FUN_00436c50,0x00436C50,0x00436D34,224
FUN_00436d38,0x00436D38,0x00436EBC,388
FUN_00436ec0,0x00436EC0,0x0043719C,724
FUN_004371a0,0x004371A0,0x00437738,1420
FUN_00437738,0x00437738,0x00437740,8
FUN_00437740,0x00437740,0x00437794,84
FUN_00437798,0x00437798,0x00437834,156
FUN_00437838,0x00437838,0x00437884,72
FUN_00437888,0x00437888,0x00437960,216
FUN_00437960,0x00437960,0x0043799C,60
FUN_004379a0,0x004379A0,0x00437AE4,320
FUN_00437ae8,0x00437AE8,0x00437AFC,20
FUN_00437b00,0x00437B00,0x00437B14,20
FUN_00437b18,0x00437B18,0x00437B20,8
FUN_00437b20,0x00437B20,0x00437B28,8
FUN_00437b28,0x00437B28,0x00437B3C,20
FUN_00437b50,0x00437B50,0x00437C0C,188
FUN_00437c10,0x00437C10,0x00437C2C,28
FUN_00437c30,0x00437C30,0x00437D20,240
FUN_00437d20,0x00437D20,0x00437DE0,192
FUN_00437de0,0x00437DE0,0x00437F94,436
FUN_00437fa0,0x00437FA0,0x00437FD0,48
FUN_00437fd0,0x00437FD0,0x00438180,432
FUN_00438180,0x00438180,0x00438370,492
FUN_00438370,0x00438370,0x00438560,492
FUN_00438560,0x00438560,0x00438750,492
FUN_00438750,0x00438750,0x00438940,492
FUN_00438940,0x00438940,0x00438B30,492
FUN_00438b30,0x00438B30,0x00438D20,492
FUN_00438d20,0x00438D20,0x00438F10,492
FUN_00438f10,0x00438F10,0x00439100,492
FUN_00439100,0x00439100,0x004392F0,492
FUN_004392f0,0x004392F0,0x004394E0,492
FUN_004394e0,0x004394E0,0x004396D0,492
FUN_004396d0,0x004396D0,0x004398C0,492
FUN_004398c0,0x004398C0,0x00439AB0,492
FUN_00439ab0,0x00439AB0,0x00439CA0,492
FUN_00439ca0,0x00439CA0,0x00439E90,492
FUN_00439e90,0x00439E90,0x0043A080,492
FUN_0043a080,0x0043A080,0x0043A0A4,36
FUN_0043a0d8,0x0043A0D8,0x0043A0F0,24
FUN_0043a0f0,0x0043A0F0,0x0043A104,20
FUN_0043a108,0x0043A108,0x0043A170,104
FUN_0043a170,0x0043A170,0x0043A188,24
FUN_0043a188,0x0043A188,0x0043A19C,20
FUN_0043a1e8,0x0043A1E8,0x0043A268,124
FUN_0043a268,0x0043A268,0x0043A290,40
FUN_0043a290,0x0043A290,0x0043A2CC,60
FUN_0043a350,0x0043A350,0x0043A364,20
FUN_0043a3c0,0x0043A3C0,0x0043A3E0,32
FUN_0043a3e0,0x0043A3E0,0x0043A3E8,8
FUN_0043a410,0x0043A410,0x0043A4F4,224
FUN_0043a4f8,0x0043A4F8,0x0043A544,76
FUN_0043a548,0x0043A548,0x0043A648,252
FUN_0043a648,0x0043A648,0x0043A698,80
FUN_0043a698,0x0043A698,0x0043A6C4,44
FUN_0043a6c8,0x0043A6C8,0x0043A6D0,8
FUN_0043a6d0,0x0043A6D0,0x0043A788,184
FUN_0043a788,0x0043A788,0x0043A7E0,88
FUN_0043a7e0,0x0043A7E0,0x0043A83C,88
FUN_0043a840,0x0043A840,0x0043A910,200
FUN_0043a910,0x0043A910,0x0043AA1C,264
FUN_0043aa20,0x0043AA20,0x0043AB84,348
FUN_0043ab88,0x0043AB88,0x0043B2DC,1852
FUN_0043b2e0,0x0043B2E0,0x0043B318,44
FUN_0043b318,0x0043B318,0x0043B330,24
FUN_0043b330,0x0043B330,0x0043B418,228
FUN_0043b418,0x0043B418,0x0043B45C,64
FUN_0043b460,0x0043B460,0x0043B5AC,332
FUN_0043b5b0,0x0043B5B0,0x0043B648,148
FUN_0043b648,0x0043B648,0x0043B66C,36
FUN_0043b670,0x0043B670,0x0043B9F4,888
FUN_0043b9f8,0x0043B9F8,0x0043BA48,80
FUN_0043ba48,0x0043BA48,0x0043BA9C,84
FUN_0043baa0,0x0043BAA0,0x0043BB24,132
FUN_0043bb28,0x0043BB28,0x0043BBEC,196
FUN_0043bbf0,0x0043BBF0,0x0043BD18,292
FUN_0043bd30,0x0043BD30,0x0043BDD0,156
FUN_0043bdd0,0x0043BDD0,0x0043BE04,52
FUN_0043be08,0x0043BE08,0x0043BE3C,52
FUN_0043be40,0x0043BE40,0x0043BE8C,72
FUN_0043be90,0x0043BE90,0x0043BE98,8
FUN_0043be98,0x0043BE98,0x0043BECC,52
FUN_0043bed0,0x0043BED0,0x0043BF2C,92
FUN_0043bf30,0x0043BF30,0x0043BF40,16
FUN_0043bf40,0x0043BF40,0x0043BF50,16
FUN_0043bf50,0x0043BF50,0x0043BF58,8
FUN_0043bf68,0x0043BF68,0x0043BFC0,88
FUN_0043bfc0,0x0043BFC0,0x0043C128,356
FUN_0043c128,0x0043C128,0x0043C16C,64
FUN_0043c170,0x0043C170,0x0043C1C0,80
FUN_0043c1c0,0x0043C1C0,0x0043C3A0,480
FUN_0043c3a0,0x0043C3A0,0x0043C438,152
FUN_0043c438,0x0043C438,0x0043C464,44
FUN_0043c468,0x0043C468,0x0043C4A4,56
FUN_0043c4a8,0x0043C4A8,0x0043C510,100
FUN_0043c510,0x0043C510,0x0043C5C8,184
FUN_0043c5c8,0x0043C5C8,0x0043C60C,68
FUN_0043c610,0x0043C610,0x0043C68C,124
FUN_0043c6a8,0x0043C6A8,0x0043C75C,176
FUN_0043c760,0x0043C760,0x0043C7D0,104
FUN_0043c7e8,0x0043C7E8,0x0043C818,48
FUN_0043c820,0x0043C820,0x0043C890,112
FUN_0043c890,0x0043C890,0x0043C8F4,100
FUN_0043c8f8,0x0043C8F8,0x0043C944,76
FUN_0043ca90,0x0043CA90,0x0043CB04,116
FUN_0043cb18,0x0043CB18,0x0043CB24,12
FUN_0043cb28,0x0043CB28,0x0043CB40,24
FUN_0043cb40,0x0043CB40,0x0043CCF4,436
FUN_0043ccf8,0x0043CCF8,0x0043CD58,96
FUN_0043cd58,0x0043CD58,0x0043CDFC,164
FUN_0043ce00,0x0043CE00,0x0043CE20,32
FUN_0043ce20,0x0043CE20,0x0043CE40,32
FUN_0043ce40,0x0043CE40,0x0043CE78,56
FUN_0043ce78,0x0043CE78,0x0043CFB4,312
FUN_0043cfb8,0x0043CFB8,0x0043CFE4,44
FUN_0043cfe8,0x0043CFE8,0x0043D08C,160
FUN_0043d090,0x0043D090,0x0043D0B0,32
FUN_0043d0b0,0x0043D0B0,0x0043D348,636
FUN_0043d360,0x0043D360,0x0043D39C,60
FUN_0043d3a0,0x0043D3A0,0x0043D3DC,60
FUN_0043d3f0,0x0043D3F0,0x0043D4E8,244
FUN_0043d4e8,0x0043D4E8,0x0043D4F4,12
FUN_0043d4f8,0x0043D4F8,0x0043D598,152
FUN_0043d598,0x0043D598,0x0043DEA0,136
FUN_0043d630,0x0043D630,0x0043D6D8,164
FUN_0043d6d8,0x0043D6D8,0x0043D754,120
FUN_0043d758,0x0043D758,0x0043D87C,284
FUN_0043d880,0x0043D880,0x0043D8D8,88
FUN_0043d8d8,0x0043D8D8,0x0043D930,84
FUN_0043d930,0x0043D930,0x0043D9A8,120
FUN_0043d9a8,0x0043D9A8,0x0043D9C8,32
FUN_0043d9c8,0x0043D9C8,0x0043DA18,80
FUN_0043da20,0x0043DA20,0x0043DA34,20
FUN_0043da38,0x0043DA38,0x0043DA4C,20
FUN_0043da50,0x0043DA50,0x0043DAE0,144
FUN_0043dae0,0x0043DAE0,0x0043DB64,132
FUN_0043db68,0x0043DB68,0x0043DB8C,32
FUN_0043db90,0x0043DB90,0x0043DB9C,12
FUN_0043dba0,0x0043DBA0,0x0043DBAC,12
FUN_0043dbb0,0x0043DBB0,0x0043DBF0,64
FUN_0043dbf0,0x0043DBF0,0x0043DC18,40
FUN_0043dc18,0x0043DC18,0x0043DC38,32
FUN_0043dc38,0x0043DC38,0x0043DC74,56
FUN_0043dc78,0x0043DC78,0x0043DCAC,52
FUN_0043dcb0,0x0043DCB0,0x0043DD14,100
FUN_0043dd18,0x0043DD18,0x0043DD54,56
FUN_0043dd58,0x0043DD58,0x0043DD88,48
FUN_0043dd88,0x0043DD88,0x0043DDEC,100
FUN_0043de00,0x0043DE00,0x0043DE44,68
FUN_0043de48,0x0043DE48,0x0043DE5C,20
FUN_0043de60,0x0043DE60,0x0043DE74,20
FUN_0043de78,0x0043DE78,0x0043DE8C,20
FUN_0043de90,0x0043DE90,0x0043DE98,8
FUN_0043dea0,0x0043DEA0,0x0043DEA8,8
FUN_0043dea8,0x0043DEA8,0x0043DEF4,72
FUN_0043df10,0x0043DF10,0x0043DF94,128
FUN_0043dfc8,0x0043DFC8,0x0043DFEC,36
FUN_0043dff8,0x0043DFF8,0x0043E034,60
FUN_0043e038,0x0043E038,0x0043E04C,20
FUN_0043e058,0x0043E058,0x0043E0F0,152
FUN_0043e120,0x0043E120,0x0043E18C,108
FUN_0043e208,0x0043E208,0x0043E230,40
FUN_0043e230,0x0043E230,0x0043E248,24
FUN_0043e248,0x0043E248,0x0043E25C,20
FUN_0043e260,0x0043E260,0x0043E268,8
FUN_0043e268,0x0043E268,0x0043E27C,20
FUN_0043e280,0x0043E280,0x0043E294,20
FUN_0043e298,0x0043E298,0x0043E2A0,8
FUN_0043e300,0x0043E300,0x004555B8,52
FUN_0043e360,0x0043E360,0x0043E370,16
FUN_0043e370,0x0043E370,0x0043E394,36
FUN_0043e398,0x0043E398,0x0043E3F8,96
FUN_0043e3f8,0x0043E3F8,0x0043E428,48
FUN_0043e428,0x0043E428,0x0043E488,96
FUN_0043e488,0x0043E488,0x0043E4A4,28
FUN_0043e4a8,0x0043E4A8,0x0043E4D8,48
FUN_0043e4d8,0x0043E4D8,0x0043E51C,68
FUN_0043e520,0x0043E520,0x0043E66C,324
FUN_0043e678,0x0043E678,0x0043E720,160
FUN_0043e720,0x0043E720,0x0043E780,96
FUN_0043e800,0x0043E800,0x0043E824,36
FUN_0043e828,0x0043E828,0x0043E854,44
FUN_0043e860,0x0043E860,0x0043E908,164
FUN_0043e910,0x0043E910,0x0043E934,36
FUN_0043e948,0x0043E948,0x0043E978,48
FUN_0043e980,0x0043E980,0x0043EA14,144
FUN_0043ea18,0x0043EA18,0x0043EA7C,100
FUN_0043ea80,0x0043EA80,0x0043EAE0,96
FUN_0043eae0,0x0043EAE0,0x0043EB44,100
FUN_0043eb48,0x0043EB48,0x0043EB9C,84
FUN_0043eba0,0x0043EBA0,0x0043EBE8,72
FUN_0043ebe8,0x0043EBE8,0x0043EC40,88
FUN_0043ec40,0x0043EC40,0x0043EC94,84
FUN_0043ec98,0x0043EC98,0x0043ED00,104
FUN_0043ed08,0x0043ED08,0x0043ED68,96
FUN_0043ed68,0x0043ED68,0x0043EDC8,96
FUN_0043edc8,0x0043EDC8,0x0043EEE8,284
FUN_0043eee8,0x0043EEE8,0x0043EF98,172
FUN_0043ef98,0x0043EF98,0x0043F038,156
FUN_0043f038,0x0043F038,0x0043F044,12
FUN_0043f048,0x0043F048,0x0043F054,12
FUN_0043f058,0x0043F058,0x0043F064,12
FUN_0043f068,0x0043F068,0x0043F0A8,64
FUN_0043f0a8,0x0043F0A8,0x0043F0E4,60
FUN_0043f0e8,0x0043F0E8,0x0043F0FC,20
FUN_0043f100,0x0043F100,0x0043F148,72
FUN_0043f148,0x0043F148,0x0043F168,32
FUN_0043f168,0x0043F168,0x0043F1A0,56
FUN_0043f1a0,0x0043F1A0,0x0043F1C0,32
FUN_0043f1c0,0x0043F1C0,0x0043F1F8,56
FUN_0043f1f8,0x0043F1F8,0x0043F218,32
FUN_0043f218,0x0043F218,0x0043F248,48
FUN_0043f248,0x0043F248,0x0043F270,40
FUN_0043f270,0x0043F270,0x0043F284,20
FUN_0043f2c0,0x0043F2C0,0x0043F2D4,20
FUN_0043f2d8,0x0043F2D8,0x0043F36C,148
FUN_0043f370,0x0043F370,0x0043F388,24
FUN_0043f390,0x0043F390,0x0043F3A4,20
FUN_0043f3b0,0x0043F3B0,0x0043F3D8,40
FUN_0043f3d8,0x0043F3D8,0x0043F44C,116
FUN_0043f450,0x0043F450,0x0043F4D0,128
FUN_0043f4d0,0x0043F4D0,0x0043F4F8,40
FUN_0043f4f8,0x0043F4F8,0x0043F5EC,240
FUN_0043f5f0,0x0043F5F0,0x0043F678,136
FUN_0043f678,0x0043F678,0x0043F734,184
FUN_0043f738,0x0043F738,0x0043F7E0,168
FUN_0043f7e0,0x0043F7E0,0x0043F854,112
FUN_0043f858,0x0043F858,0x0043F8C0,104
FUN_0043f8c0,0x0043F8C0,0x0043F8D4,20
FUN_0043f920,0x0043F920,0x0043F964,68
FUN_0043f968,0x0043F968,0x0043F988,32
FUN_0043f988,0x0043F988,0x0043F9A8,32
FUN_0043f9a8,0x0043F9A8,0x0043FA4C,164
FUN_0043fa58,0x0043FA58,0x0043FA88,48
FUN_0043fa88,0x0043FA88,0x0043FAB8,48
FUN_0043fab8,0x0043FAB8,0x0043FAE8,48
FUN_0043fae8,0x0043FAE8,0x0043FBAC,196
FUN_0043fbb0,0x0043FBB0,0x0043FC64,172
FUN_0043fc68,0x0043FC68,0x0043FD24,184
FUN_0043fd28,0x0043FD28,0x0043FD50,40
FUN_0043fd50,0x0043FD50,0x0043FD58,8
FUN_0043fd58,0x0043FD58,0x0043FD60,8
FUN_0043fd60,0x0043FD60,0x0043FD68,8
FUN_0043fd70,0x0043FD70,0x0043FDAC,60
FUN_0043fdb0,0x0043FDB0,0x0043FDD0,32
FUN_0043fdd8,0x0043FDD8,0x0043FE28,80
FUN_0043fe30,0x0043FE30,0x0043FE38,8
FUN_0043fe38,0x0043FE38,0x0043FE40,8
FUN_0043fe40,0x0043FE40,0x0043FE64,36
FUN_0043fe68,0x0043FE68,0x0043FE8C,36
FUN_0043fea0,0x0043FEA0,0x0043FEB8,24
FUN_0043feb8,0x0043FEB8,0x0043FECC,20
FUN_0043fed0,0x0043FED0,0x0043FF44,116
FUN_0043ff48,0x0043FF48,0x0043FF5C,20
FUN_0043ff60,0x0043FF60,0x0043FF88,40
FUN_0043ff88,0x0043FF88,0x0043FF9C,20
FUN_004400e0,0x004400E0,0x00440138,88
FUN_00440138,0x00440138,0x00440174,60
FUN_00440178,0x00440178,0x004401A0,40
FUN_004401a0,0x004401A0,0x00440230,144
FUN_00440230,0x00440230,0x004402E4,176
FUN_004402e8,0x004402E8,0x004402F0,8
FUN_004402f0,0x004402F0,0x0044037C,140
FUN_00440380,0x00440380,0x004403AC,44
FUN_004403b0,0x004403B0,0x00440438,132
FUN_00440438,0x00440438,0x004404EC,180
FUN_004404f0,0x004404F0,0x00440758,608
FUN_00440758,0x00440758,0x004407E0,136
FUN_004407e0,0x004407E0,0x004407FC,28
FUN_004408c0,0x004408C0,0x004409DC,284
FUN_004409e0,0x004409E0,0x00440AF4,276
FUN_00440af8,0x00440AF8,0x00440B48,80
FUN_00440b48,0x00440B48,0x00440BEC,160
FUN_00440bf0,0x00440BF0,0x00440C18,40
FUN_00440c18,0x00440C18,0x00440DB4,400
FUN_00440db8,0x00440DB8,0x00440E00,72
FUN_00440e00,0x00440E00,0x00440E20,32
FUN_00440e20,0x00440E20,0x00440EC8,168
FUN_00440ec8,0x00440EC8,0x00440EE0,24
FUN_00440ee0,0x00440EE0,0x00440EF8,24
FUN_00440ef8,0x00440EF8,0x00440F14,28
FUN_00440f18,0x00440F18,0x00440FCC,180
FUN_00440fd0,0x00440FD0,0x00440FF4,36
FUN_00440ff8,0x00440FF8,0x0044105C,96
FUN_00441060,0x00441060,0x004411B4,340
FUN_004411b8,0x004411B8,0x00441370,440
FUN_00441370,0x00441370,0x004413DC,108
FUN_004413e0,0x004413E0,0x004413EC,12
FUN_004413f0,0x004413F0,0x0044142C,60
FUN_004414f0,0x004414F0,0x00441598,168
FUN_00441598,0x00441598,0x00441670,212
FUN_00441670,0x00441670,0x00441690,32
FUN_00441690,0x00441690,0x004416A0,16
FUN_004416a8,0x004416A8,0x004416C8,32
FUN_004416c8,0x004416C8,0x004416EC,36
FUN_004416f0,0x004416F0,0x004417E0,236
FUN_004417e0,0x004417E0,0x00441830,76
FUN_00441830,0x00441830,0x00441878,72
FUN_00441878,0x00441878,0x004528E8,68
FUN_004418b8,0x004418B8,0x00441904,76
FUN_00441908,0x00441908,0x00441924,28
FUN_00441a18,0x00441A18,0x00441A48,48
FUN_00441a48,0x00441A48,0x00441AC4,124
FUN_00441ad0,0x00441AD0,0x00441B24,84
FUN_00441b38,0x00441B38,0x00441B78,64
FUN_00441b78,0x00441B78,0x00441BA8,48
FUN_00441ba8,0x00441BA8,0x00441C14,104
FUN_00441c18,0x00441C18,0x00441C84,104
FUN_00441c88,0x00441C88,0x00441CC8,64
FUN_00441cc8,0x00441CC8,0x00441CD0,8
FUN_00441cd8,0x00441CD8,0x00441D20,72
FUN_00441d20,0x00441D20,0x00441D68,72
FUN_00441d68,0x00441D68,0x00441DB0,72
FUN_00441db0,0x00441DB0,0x00441E04,84
FUN_00441e08,0x00441E08,0x00441E24,28
FUN_00441e90,0x00441E90,0x00441EA4,20
FUN_00441ea8,0x00441EA8,0x00441EB0,8
FUN_00441eb0,0x00441EB0,0x00441FE8,312
FUN_00441fe8,0x00441FE8,0x00442024,60
FUN_00442028,0x00442028,0x004420E4,188
FUN_004420e8,0x004420E8,0x0044217C,148
FUN_00442180,0x00442180,0x004421BC,60
FUN_004421c0,0x004421C0,0x00442228,104
FUN_00442228,0x00442228,0x004422E0,184
FUN_004422e0,0x004422E0,0x00442380,160
FUN_00442380,0x00442380,0x004423CC,76
FUN_004423d0,0x004423D0,0x004423F0,32
FUN_004423f0,0x004423F0,0x0044241C,44
FUN_00442420,0x00442420,0x004424C8,168
FUN_004424c8,0x004424C8,0x0044250C,68
FUN_00442510,0x00442510,0x00442580,112
FUN_00442580,0x00442580,0x00442620,160
FUN_00442620,0x00442620,0x0044262C,12
FUN_00442630,0x00442630,0x00442678,72
FUN_00442678,0x00442678,0x004426C0,72
FUN_004426c8,0x004426C8,0x004426E0,24
FUN_004426e0,0x004426E0,0x004426F8,24
FUN_004426f8,0x004426F8,0x0044279C,164
FUN_004427a0,0x004427A0,0x004427B8,24
FUN_004427b8,0x004427B8,0x004427D0,24
FUN_004427d0,0x004427D0,0x0044291C,324
FUN_00442920,0x00442920,0x004429AC,140
FUN_004429b0,0x004429B0,0x00442AA4,240
FUN_00442aa8,0x00442AA8,0x00442B00,88
FUN_00442b00,0x00442B00,0x00442B70,112
FUN_00442b70,0x00442B70,0x00442BD8,104
FUN_00442bd8,0x00442BD8,0x00442BF8,32
FUN_00442bf8,0x00442BF8,0x00442C18,32
FUN_00442c18,0x00442C18,0x00442CB4,156
FUN_00442cb8,0x00442CB8,0x00442D18,96
FUN_00442d18,0x00442D18,0x00442D4C,52
FUN_00442d58,0x00442D58,0x00442DB8,92
FUN_00442db8,0x00442DB8,0x00442E28,112
FUN_00442e28,0x00442E28,0x00442E48,32
FUN_00442e48,0x00442E48,0x00442E68,32
FUN_00442e68,0x00442E68,0x00442E88,32
FUN_00442e88,0x00442E88,0x00442EA8,32
FUN_00442ea8,0x00442EA8,0x00442ED0,40
FUN_00442ed0,0x00442ED0,0x00442F88,184
FUN_00442f88,0x00442F88,0x00443018,144
FUN_00443018,0x00443018,0x0044304C,52
FUN_00443050,0x00443050,0x00443084,52
FUN_00443088,0x00443088,0x004430BC,52
FUN_004430c0,0x004430C0,0x0044311C,88
FUN_00443120,0x00443120,0x00443140,32
FUN_00443140,0x00443140,0x00443188,72
FUN_00443188,0x00443188,0x004431D0,72
FUN_004431d0,0x004431D0,0x00443258,136
FUN_00443258,0x00443258,0x00443310,184
FUN_00443310,0x00443310,0x004433DC,204
FUN_00443420,0x00443420,0x00443440,32
FUN_00443440,0x00443440,0x00443454,20
FUN_00443458,0x00443458,0x00443470,24
FUN_00443470,0x00443470,0x00443480,16
FUN_00443480,0x00443480,0x00443538,184
FUN_00443538,0x00443538,0x0044355C,36
FUN_00443560,0x00443560,0x0044358C,44
FUN_00443590,0x00443590,0x004435E4,84
FUN_004435e8,0x004435E8,0x004436AC,196
FUN_004436b0,0x004436B0,0x004436F0,64
FUN_004436f0,0x004436F0,0x004437C0,204
FUN_004437c0,0x004437C0,0x00443824,100
FUN_00443828,0x00443828,0x00443874,72
FUN_00443878,0x00443878,0x004438DC,100
FUN_004438e0,0x004438E0,0x00443A38,344
FUN_00443a38,0x00443A38,0x00443AC4,140
FUN_00443ac8,0x00443AC8,0x00443B7C,180
FUN_00443b80,0x00443B80,0x00443BF8,120
FUN_00443bf8,0x00443BF8,0x00443C8C,148
FUN_00443c90,0x00443C90,0x00443E28,408
FUN_00443e28,0x00443E28,0x00443E5C,52
FUN_00443e60,0x00443E60,0x00443E98,56
FUN_00443e98,0x00443E98,0x00443EBC,36
FUN_00443ec0,0x00443EC0,0x00443EF8,56
FUN_00443ef8,0x00443EF8,0x00443F1C,36
FUN_00443f28,0x00443F28,0x00443F34,12
FUN_00443f38,0x00443F38,0x00443FA0,104
FUN_00443fa0,0x00443FA0,0x00444060,192
FUN_00444060,0x00444060,0x00444070,16
FUN_00444070,0x00444070,0x00444114,164
FUN_00444118,0x00444118,0x0044412C,20
FUN_00444130,0x00444130,0x00444148,24
FUN_00444148,0x00444148,0x004441B8,108
FUN_004441b8,0x004441B8,0x004441F8,64
FUN_004441f8,0x004441F8,0x0044428C,148
FUN_00444290,0x00444290,0x0044429C,12
FUN_004442a0,0x004442A0,0x004442C4,36
FUN_004442c8,0x004442C8,0x004442DC,20
FUN_004442e0,0x004442E0,0x004442F4,20
FUN_004442f8,0x004442F8,0x00444314,28
FUN_00444318,0x00444318,0x0044432C,20
FUN_00444330,0x00444330,0x00444338,8
FUN_00444338,0x00444338,0x00444340,8
FUN_00444340,0x00444340,0x00444354,20
FUN_00444358,0x00444358,0x0044436C,20
FUN_00444380,0x00444380,0x004443A4,36
FUN_004443d8,0x004443D8,0x004443F4,28
FUN_00444468,0x00444468,0x00444518,172
FUN_00444518,0x00444518,0x00444588,108
FUN_00444588,0x00444588,0x00444590,8
FUN_00444590,0x00444590,0x004445B0,32
FUN_004445b0,0x004445B0,0x0044463C,132
FUN_00444640,0x00444640,0x0044469C,92
FUN_004446a0,0x004446A0,0x00444798,248
FUN_00444798,0x00444798,0x00444858,192
FUN_00444858,0x00444858,0x004448A4,76
FUN_004448a8,0x004448A8,0x00444B78,708
FUN_00444b78,0x00444B78,0x00444C54,220
FUN_00444c58,0x00444C58,0x00444C98,64
FUN_00444c98,0x00444C98,0x00444CF8,96
FUN_00444cf8,0x00444CF8,0x00444D20,40
FUN_00444d20,0x00444D20,0x00444E98,364
FUN_00444e98,0x00444E98,0x00444F08,112
FUN_00444f08,0x00444F08,0x00445078,368
FUN_00445078,0x00445078,0x00445250,464
FUN_00445250,0x00445250,0x004452D4,132
FUN_004452d8,0x004452D8,0x00445374,152
FUN_00445378,0x00445378,0x00445450,216
FUN_00445450,0x00445450,0x004454F8,168
FUN_004454f8,0x004454F8,0x00445564,108
FUN_00445570,0x00445570,0x00445700,392
FUN_00445700,0x00445700,0x0044576C,108
FUN_00445770,0x00445770,0x004457DC,108
FUN_004457e0,0x004457E0,0x004457F4,20
FUN_004457f8,0x004457F8,0x0044593C,320
FUN_00445940,0x00445940,0x00445990,80
FUN_00445990,0x00445990,0x004459F8,104
FUN_004459f8,0x004459F8,0x00445A4C,84
FUN_00445a50,0x00445A50,0x00445AD8,132
FUN_00445ad8,0x00445AD8,0x00445B44,108
FUN_00445b48,0x00445B48,0x00445BA8,96
FUN_00445ba8,0x00445BA8,0x00445C08,96
FUN_00445c08,0x00445C08,0x00445CFC,244
FUN_00445d00,0x00445D00,0x00445DB0,176
FUN_00445db0,0x00445DB0,0x00445E48,152
FUN_00445e48,0x00445E48,0x00445EF8,176
FUN_00445ef8,0x00445EF8,0x00445F00,8
FUN_00445f00,0x00445F00,0x00445FB8,180
FUN_00445fb8,0x00445FB8,0x00446034,124
FUN_00446038,0x00446038,0x004460FC,192
FUN_00446100,0x00446100,0x00446188,136
FUN_00446188,0x00446188,0x0044619C,20
FUN_004461f0,0x004461F0,0x00446204,20
FUN_00446228,0x00446228,0x00446244,28
FUN_00446350,0x00446350,0x00446358,8
FUN_00446358,0x00446358,0x004463F8,160
FUN_004463f8,0x004463F8,0x00446444,72
FUN_00446448,0x00446448,0x00446454,12
FUN_00446460,0x00446460,0x00446550,240
FUN_00446558,0x00446558,0x00446610,184
FUN_00446610,0x00446610,0x00446698,136
FUN_00446698,0x00446698,0x0044670C,116
FUN_00446720,0x00446720,0x004467A4,132
FUN_004467a8,0x004467A8,0x00446878,204
FUN_00446878,0x00446878,0x00446954,212
FUN_00446958,0x00446958,0x00446960,8
FUN_00446960,0x00446960,0x00446980,32
FUN_00446980,0x00446980,0x00446A2C,168
FUN_00446a30,0x00446A30,0x00446AA0,112
FUN_00446aa0,0x00446AA0,0x00446B3C,156
FUN_00446b40,0x00446B40,0x00446B58,24
FUN_00446b58,0x00446B58,0x00446C04,168
FUN_00446c08,0x00446C08,0x00446C64,88
FUN_00446c68,0x00446C68,0x00446CD0,104
FUN_00446cd0,0x00446CD0,0x00446DB4,228
FUN_00446db8,0x00446DB8,0x00446DDC,36
FUN_00446de0,0x00446DE0,0x00446E64,132
FUN_00446e68,0x00446E68,0x00446ED4,108
FUN_00446ed8,0x00446ED8,0x00446EF4,28
FUN_00446ef8,0x00446EF8,0x00446F74,124
FUN_00446f78,0x00446F78,0x004471B8,564
FUN_004471b8,0x004471B8,0x00447374,436
FUN_00447378,0x00447378,0x004473DC,100
FUN_004473e0,0x004473E0,0x00447468,132
FUN_00447468,0x00447468,0x004475BC,340
FUN_004475c0,0x004475C0,0x00447724,352
FUN_00447728,0x00447728,0x004479F8,704
FUN_004479f8,0x004479F8,0x00447A44,76
FUN_00447a48,0x00447A48,0x00447AFC,180
FUN_00447b00,0x00447B00,0x00447B4C,76
FUN_00447b50,0x00447B50,0x00447C20,208
FUN_00447c20,0x00447C20,0x00447C7C,92
FUN_00447c80,0x00447C80,0x00447D24,156
FUN_00447d28,0x00447D28,0x00447DE4,184
FUN_00447de8,0x00447DE8,0x00447E2C,68
FUN_00447e30,0x00447E30,0x00447E74,68
FUN_00447e78,0x00447E78,0x00447E90,24
FUN_00447e90,0x00447E90,0x00447F24,136
FUN_00447f28,0x00447F28,0x00448280,848
FUN_00448280,0x00448280,0x00448328,168
FUN_00448328,0x00448328,0x00448350,40
FUN_00448350,0x00448350,0x004484CC,376
FUN_004484d0,0x004484D0,0x0044850C,60
FUN_00448510,0x00448510,0x00448794,632
FUN_00448798,0x00448798,0x00448864,204
FUN_00448868,0x00448868,0x00448944,220
FUN_00448948,0x00448948,0x00448A08,192
FUN_00448a08,0x00448A08,0x00448AFC,236
FUN_00448b00,0x00448B00,0x00448D14,520
FUN_00448d18,0x00448D18,0x00448E10,248
FUN_00448e10,0x00448E10,0x00448EF0,224
FUN_00448ef0,0x00448EF0,0x00449034,324
FUN_00449038,0x00449038,0x00449088,80
FUN_00449088,0x00449088,0x004491B4,296
FUN_004491b8,0x004491B8,0x004492D4,284
FUN_004492d8,0x004492D8,0x0044930C,52
FUN_00449310,0x00449310,0x004494C8,428
FUN_004494c8,0x004494C8,0x004495BC,244
FUN_004495c0,0x004495C0,0x0044961C,92
FUN_00449620,0x00449620,0x00449728,256
FUN_00449728,0x00449728,0x00449778,80
FUN_00449778,0x00449778,0x004497C8,76
FUN_004497c8,0x004497C8,0x004498A8,220
FUN_004498a8,0x004498A8,0x00449A20,376
FUN_00449a20,0x00449A20,0x00449A38,24
FUN_00449a38,0x00449A38,0x00449B28,240
FUN_00449b28,0x00449B28,0x00449BA0,120
FUN_00449ba0,0x00449BA0,0x00449E54,688
FUN_00449e58,0x00449E58,0x0044A160,768
FUN_0044a160,0x0044A160,0x0044A1E4,132
FUN_0044a1e8,0x0044A1E8,0x0044A300,280
FUN_0044a300,0x0044A300,0x0044A3A4,164
FUN_0044a3a8,0x0044A3A8,0x0044A490,232
FUN_0044a490,0x0044A490,0x0044A538,164
FUN_0044a538,0x0044A538,0x0044A6AC,368
FUN_0044a6b0,0x0044A6B0,0x0044A6F4,68
FUN_0044a6f8,0x0044A6F8,0x0044A854,344
FUN_0044a858,0x0044A858,0x0044A878,32
FUN_0044a878,0x0044A878,0x0044A8D0,88
FUN_0044a8d0,0x0044A8D0,0x0044AA2C,340
FUN_0044aa30,0x0044AA30,0x0044AC28,500
FUN_0044ac28,0x0044AC28,0x0044ACEC,192
FUN_0044acf0,0x0044ACF0,0x0044ADA0,176
FUN_0044ada0,0x0044ADA0,0x0044ADBC,28
FUN_0044adc0,0x0044ADC0,0x0044AE14,84
FUN_0044ae58,0x0044AE58,0x0044AFE4,396
FUN_0044afe8,0x0044AFE8,0x0044AFFC,20
FUN_0044b020,0x0044B020,0x0044B03C,28
FUN_0044b120,0x0044B120,0x0044B328,516
FUN_0044b328,0x0044B328,0x0044B388,96
FUN_0044b388,0x0044B388,0x0044B4AC,288
FUN_0044b4b0,0x0044B4B0,0x0044B4B8,8
FUN_0044b4b8,0x0044B4B8,0x0044B528,112
FUN_0044b528,0x0044B528,0x0044B620,248
FUN_0044b620,0x0044B620,0x0044B650,48
FUN_0044b660,0x0044B660,0x0044B6A8,72
FUN_0044b6a8,0x0044B6A8,0x0044B6E8,64
FUN_0044b6e8,0x0044B6E8,0x0044B730,72
FUN_0044b730,0x0044B730,0x0044B740,16
FUN_0044b740,0x0044B740,0x0044B74C,12
FUN_0044b750,0x0044B750,0x0044B75C,12
FUN_0044b760,0x0044B760,0x0044B800,160
FUN_0044b800,0x0044B800,0x0044B888,132
FUN_0044b888,0x0044B888,0x0044B898,16
FUN_0044b898,0x0044B898,0x0044B8AC,20
FUN_0044b8b0,0x0044B8B0,0x0044B8C4,20
FUN_0044b8c8,0x0044B8C8,0x0044B8F4,44
FUN_0044b8f8,0x0044B8F8,0x0044B920,40
FUN_0044b920,0x0044B920,0x0044B9DC,188
FUN_0044b9e0,0x0044B9E0,0x0044BA34,80
FUN_0044ba38,0x0044BA38,0x0044BAD0,152
FUN_0044bad0,0x0044BAD0,0x0044BBE0,268
FUN_0044bbe0,0x0044BBE0,0x0044BBFC,28
FUN_0044bc00,0x0044BC00,0x0044BC18,24
FUN_0044bc18,0x0044BC18,0x0044BC64,76
FUN_0044bc68,0x0044BC68,0x0044BCCC,100
FUN_0044bcd0,0x0044BCD0,0x0044BD34,100
FUN_0044bd38,0x0044BD38,0x0044BD5C,36
FUN_0044bd60,0x0044BD60,0x0044BDD8,120
FUN_0044bdd8,0x0044BDD8,0x0044BF14,316
FUN_0044bf18,0x0044BF18,0x0044C004,232
FUN_0044c008,0x0044C008,0x0044C058,80
FUN_0044c058,0x0044C058,0x0044C0D8,124
FUN_0044c0d8,0x0044C0D8,0x0044C2D4,504
FUN_0044c2d8,0x0044C2D8,0x0044C3D8,256
FUN_0044c3d8,0x0044C3D8,0x0044C6EC,784
FUN_0044c6f0,0x0044C6F0,0x0044C748,88
FUN_0044c748,0x0044C748,0x0044C794,76
FUN_0044c798,0x0044C798,0x0044C7A4,12
FUN_0044c7a8,0x0044C7A8,0x0044C7B8,16
FUN_0044c7b8,0x0044C7B8,0x0044C7FC,68
FUN_0044c808,0x0044C808,0x0044CA1C,532
FUN_0044ca20,0x0044CA20,0x0044CA2C,12
FUN_0044ca30,0x0044CA30,0x0044CA94,100
FUN_0044ca98,0x0044CA98,0x0044CB38,160
FUN_0044cb38,0x0044CB38,0x0044CBDC,164
FUN_0044cbe0,0x0044CBE0,0x0044CC04,36
FUN_0044cc08,0x0044CC08,0x0044CC2C,36
FUN_0044cc30,0x0044CC30,0x004688A8,140
FUN_0044ccb8,0x0044CCB8,0x0044CCE0,40
FUN_0044cce0,0x0044CCE0,0x0044CD08,40
FUN_0044cd08,0x0044CD08,0x0044CD78,108
FUN_0044cd78,0x0044CD78,0x0044CDD4,88
FUN_0044cdd8,0x0044CDD8,0x0044CE30,88
FUN_0044ce30,0x0044CE30,0x0044CF5C,300
FUN_0044cf60,0x0044CF60,0x00459BF8,328
FUN_0044d0a8,0x0044D0A8,0x0044D0B4,12
FUN_0044d0b8,0x0044D0B8,0x0044D2CC,520
FUN_0044d2d0,0x0044D2D0,0x0044D2E8,24
FUN_0044d2e8,0x0044D2E8,0x0044D340,84
FUN_0044d340,0x0044D340,0x0044D34C,12
FUN_0044d358,0x0044D358,0x0044D3E4,136
FUN_0044d3e8,0x0044D3E8,0x0044D474,140
FUN_0044d478,0x0044D478,0x0044D4DC,100
FUN_0044d4e0,0x0044D4E0,0x0044D508,40
FUN_0044d508,0x0044D508,0x0044D550,72
FUN_0044d550,0x0044D550,0x0044D560,16
FUN_0044d560,0x0044D560,0x0044D5D0,112
FUN_0044d5d0,0x0044D5D0,0x0044D63C,104
FUN_0044d648,0x0044D648,0x0044D66C,36
FUN_0044d670,0x0044D670,0x0044D6B4,64
FUN_0044d6b8,0x0044D6B8,0x0044D6CC,20
FUN_0044d6d0,0x0044D6D0,0x0044D6F4,36
FUN_0044d6f8,0x0044D6F8,0x0044D770,120
FUN_0044d770,0x0044D770,0x0044D7C4,84
FUN_0044d7c8,0x0044D7C8,0x0044D8DC,276
FUN_0044d8e0,0x0044D8E0,0x0044D908,40
FUN_0044d908,0x0044D908,0x0044D920,24
FUN_0044d920,0x0044D920,0x0044D950,48
FUN_0044d950,0x0044D950,0x0044DA10,188
FUN_0044da10,0x0044DA10,0x0044DAC0,176
FUN_0044dac0,0x0044DAC0,0x0044DAF0,48
FUN_0044daf0,0x0044DAF0,0x0044DB98,168
FUN_0044db98,0x0044DB98,0x0044DC20,136
FUN_0044dc20,0x0044DC20,0x0044DCE4,196
FUN_0044dce8,0x0044DCE8,0x0044DD88,156
FUN_0044dd88,0x0044DD88,0x0044DDF8,108
FUN_0044ddf8,0x0044DDF8,0x0044DE00,8
FUN_0044de00,0x0044DE00,0x0044DE64,100
FUN_0044de68,0x0044DE68,0x0044DF14,172
FUN_0044df18,0x0044DF18,0x0044E094,376
FUN_0044e098,0x0044E098,0x0044E178,224
FUN_0044e178,0x0044E178,0x0044E214,152
FUN_0044e218,0x0044E218,0x0044E2D0,184
FUN_0044e2d0,0x0044E2D0,0x0044E350,128
FUN_0044e350,0x0044E350,0x0044E3BC,108
FUN_0044e3c0,0x0044E3C0,0x0044E42C,108
FUN_0044e430,0x0044E430,0x0044E4F8,196
FUN_0044e4f8,0x0044E4F8,0x0044E550,88
FUN_0044e550,0x0044E550,0x0044E5E0,140
FUN_0044e5e0,0x0044E5E0,0x0044E61C,60
FUN_0044e628,0x0044E628,0x0044E6C0,148
FUN_0044e6c0,0x0044E6C0,0x0044E724,92
FUN_0044e728,0x0044E728,0x0044E768,64
FUN_0044e768,0x0044E768,0x0044E994,552
FUN_0044e998,0x0044E998,0x0044E9FC,100
FUN_0044ea00,0x0044EA00,0x0044EA78,120
FUN_0044ea78,0x0044EA78,0x0044EA88,16
FUN_0044ea88,0x0044EA88,0x0044EB00,120
FUN_0044eb00,0x0044EB00,0x0044EB64,100
FUN_0044eb68,0x0044EB68,0x0044EBCC,100
FUN_0044ebd0,0x0044EBD0,0x0044EBE8,24
FUN_0044ebe8,0x0044EBE8,0x0044EC88,156
FUN_0044ec88,0x0044EC88,0x0044ECAC,36
FUN_0044ecb0,0x0044ECB0,0x0044ED30,124
FUN_0044ed30,0x0044ED30,0x0044ED40,16
FUN_0044ed40,0x0044ED40,0x0044ED68,40
FUN_0044ed68,0x0044ED68,0x0044EDC0,88
FUN_0044edc0,0x0044EDC0,0x0044EE24,100
FUN_0044ee28,0x0044EE28,0x0044EE34,12
FUN_0044ee38,0x0044EE38,0x0044EE44,12
FUN_0044ee48,0x0044EE48,0x0044EEA4,92
FUN_0044eea8,0x0044EEA8,0x0044F274,968
FUN_0044f278,0x0044F278,0x0044F2E4,104
FUN_0044f2e8,0x0044F2E8,0x0044F364,120
FUN_0044f368,0x0044F368,0x0044F3F8,144
FUN_0044f3f8,0x0044F3F8,0x0044F480,136
FUN_0044f490,0x0044F490,0x0044F584,240
FUN_0044f588,0x0044F588,0x0044F62C,164
FUN_0044f630,0x0044F630,0x0044F684,76
FUN_0044f688,0x0044F688,0x0044F6E4,92
FUN_0044f6e8,0x0044F6E8,0x0044F700,24
FUN_0044f700,0x0044F700,0x0044F788,136
FUN_0044f788,0x0044F788,0x0044F804,124
FUN_0044f808,0x0044F808,0x0044F894,140
FUN_0044f898,0x0044F898,0x0044F92C,148
FUN_0044f930,0x0044F930,0x0044F9A4,116
FUN_0044f9a8,0x0044F9A8,0x0044FA40,152
FUN_0044fa40,0x0044FA40,0x0044FB08,196
FUN_0044fb08,0x0044FB08,0x0044FB48,64
FUN_0044fb48,0x0044FB48,0x0044FB68,32
FUN_0044fb70,0x0044FB70,0x0044FBC8,88
FUN_0044fbe8,0x0044FBE8,0x0044FC14,44
FUN_0044fc18,0x0044FC18,0x0044FC5C,68
FUN_0044fc60,0x0044FC60,0x0044FDC4,348
FUN_0044fdc8,0x0044FDC8,0x0044FE48,124
FUN_0044fe48,0x0044FE48,0x0044FEC8,124
FUN_0044fec8,0x0044FEC8,0x0044FEE8,32
FUN_0044ff08,0x0044FF08,0x0044FF78,112
FUN_0044ff78,0x0044FF78,0x0044FFFC,128
FUN_00450000,0x00450000,0x00450070,112
FUN_00450070,0x00450070,0x004500D0,96
FUN_004500d0,0x004500D0,0x004501C0,240
FUN_004501c0,0x004501C0,0x00450208,72
FUN_00450208,0x00450208,0x0045028C,132
FUN_00450298,0x00450298,0x004502D8,64
FUN_004502d8,0x004502D8,0x0045038C,180
FUN_00450390,0x00450390,0x00450418,136
FUN_00450418,0x00450418,0x00450464,76
FUN_00450468,0x00450468,0x004504B4,76
FUN_004504b8,0x004504B8,0x00450540,136
FUN_00450540,0x00450540,0x004505DC,152
FUN_004505e0,0x004505E0,0x004505F0,16
FUN_004505f8,0x004505F8,0x00450674,120
FUN_00450678,0x00450678,0x004506A8,44
FUN_004506b0,0x004506B0,0x004506C0,16
FUN_004506c0,0x004506C0,0x004506C8,8
FUN_004506c8,0x004506C8,0x004508E4,540
FUN_004508e8,0x004508E8,0x0045092C,68
FUN_00450930,0x00450930,0x00450958,40
FUN_00450958,0x00450958,0x004509F4,148
FUN_004509f8,0x004509F8,0x00450A34,60
FUN_00450a38,0x00450A38,0x00450ABC,132
FUN_00450ac0,0x00450AC0,0x00450B10,76
FUN_00450b10,0x00450B10,0x00450B7C,108
FUN_00450b80,0x00450B80,0x00450BB4,52
FUN_00450bb8,0x00450BB8,0x00450BDC,36
FUN_00450be0,0x00450BE0,0x00450C28,72
FUN_00450c28,0x00450C28,0x00450CBC,144
FUN_00450cc0,0x00450CC0,0x00450CFC,60
FUN_00450d00,0x00450D00,0x00450D80,128
FUN_00450d80,0x00450D80,0x00450DE0,96
FUN_00450de0,0x00450DE0,0x00450E58,112
FUN_00450e58,0x00450E58,0x00450E64,12
FUN_00450e70,0x00450E70,0x00450F1C,168
FUN_00450f28,0x00450F28,0x00450F3C,20
FUN_00450f40,0x00450F40,0x00450F5C,28
FUN_00450f68,0x00450F68,0x00450FFC,148
FUN_00451000,0x00451000,0x00451048,72
FUN_00451048,0x00451048,0x004510A4,92
FUN_004510a8,0x004510A8,0x004510C8,32
FUN_004510c8,0x004510C8,0x004511C0,244
FUN_004511c0,0x004511C0,0x00451210,80
FUN_00451218,0x00451218,0x00451270,88
FUN_00451270,0x00451270,0x00451284,20
FUN_00451288,0x00451288,0x0045130C,128
FUN_00451310,0x00451310,0x00451400,236
FUN_00451400,0x00451400,0x0045147C,124
FUN_00451480,0x00451480,0x00451490,16
FUN_00451490,0x00451490,0x00451530,156
FUN_00451530,0x00451530,0x004515BC,140
FUN_004515c0,0x004515C0,0x004515F8,56
FUN_004515f8,0x004515F8,0x00451630,56
FUN_00451630,0x00451630,0x00451668,56
FUN_00451848,0x00451848,0x004518A8,96
FUN_004518a8,0x004518A8,0x0045190C,100
FUN_00451910,0x00451910,0x00451960,80
FUN_00451960,0x00451960,0x0045199C,56
FUN_004519a0,0x004519A0,0x00451A18,120
FUN_00451a20,0x00451A20,0x00451A54,48
FUN_00451a58,0x00451A58,0x00451A8C,52
FUN_00451aa0,0x00451AA0,0x00451BEC,328
FUN_00451bf0,0x00451BF0,0x00451C64,108
FUN_00451c68,0x00451C68,0x00451D54,224
FUN_00451d58,0x00451D58,0x00451DF0,152
FUN_00451df0,0x00451DF0,0x00451DF8,8
FUN_00451df8,0x00451DF8,0x00451E00,8
FUN_00451e00,0x00451E00,0x00451EB0,176
FUN_00451eb0,0x00451EB0,0x00451EE8,56
FUN_00451ee8,0x00451EE8,0x00451F04,28
FUN_00451f08,0x00451F08,0x00451F44,60
FUN_00451f48,0x00451F48,0x00451FE0,152
FUN_00451fe0,0x00451FE0,0x00451FF8,24
FUN_00451ff8,0x00451FF8,0x00452078,128
FUN_00452078,0x00452078,0x00452130,180
FUN_00452130,0x00452130,0x00452178,72
FUN_00452178,0x00452178,0x00452298,284
FUN_00452298,0x00452298,0x00452384,232
FUN_00452388,0x00452388,0x00452424,156
FUN_00452428,0x00452428,0x004524C4,156
FUN_004524c8,0x004524C8,0x004524E4,28
FUN_004524e8,0x004524E8,0x00452504,28
FUN_00452508,0x00452508,0x00452524,28
FUN_00452528,0x00452528,0x00452544,28
FUN_00452548,0x00452548,0x00452564,28
FUN_00452568,0x00452568,0x004525A4,60
FUN_004525a8,0x004525A8,0x004525DC,52
FUN_004525e0,0x004525E0,0x00452678,152
FUN_00452678,0x00452678,0x004526C8,80
FUN_004526c8,0x004526C8,0x004526E0,24
FUN_004526e0,0x004526E0,0x004526F8,24
FUN_004526f8,0x004526F8,0x00452710,24
FUN_00452710,0x00452710,0x00452728,24
FUN_00452728,0x00452728,0x00452744,28
FUN_00452748,0x00452748,0x00452824,220
FUN_00452828,0x00452828,0x00452868,64
FUN_00452868,0x00452868,0x00452870,8
FUN_00452870,0x00452870,0x00452884,20
FUN_00452888,0x00452888,0x0045289C,20
FUN_004528a0,0x004528A0,0x004528B4,20
FUN_004528b8,0x004528B8,0x004528CC,20
FUN_004528d0,0x004528D0,0x004528E0,16
FUN_004528e8,0x004528E8,0x004528F0,8
FUN_004528f0,0x004528F0,0x00452948,88
FUN_00452948,0x00452948,0x00452DB0,1104
FUN_00452db0,0x00452DB0,0x00452E10,96
FUN_00452e10,0x00452E10,0x00452E6C,92
FUN_00452e70,0x00452E70,0x00452EBC,76
FUN_00452ec8,0x00452EC8,0x00453024,344
FUN_00453028,0x00453028,0x00453200,472
FUN_00453208,0x00453208,0x00453318,268
FUN_00453328,0x00453328,0x0045336C,68
FUN_00453370,0x00453370,0x004533EC,120
FUN_004533f0,0x004533F0,0x004533F8,8
FUN_004533f8,0x004533F8,0x00453474,120
FUN_00453478,0x00453478,0x00453480,8
FUN_00453480,0x00453480,0x00453488,8
FUN_00453488,0x00453488,0x004534B8,48
FUN_004534b8,0x004534B8,0x00453530,120
FUN_00453530,0x00453530,0x00453554,36
FUN_00453558,0x00453558,0x0045356C,20
FUN_00453598,0x00453598,0x004535B4,28
FUN_00453630,0x00453630,0x00453688,88
FUN_00453688,0x00453688,0x00453704,120
FUN_00453708,0x00453708,0x0045374C,68
FUN_00453750,0x00453750,0x004537CC,120
FUN_004537d0,0x004537D0,0x004537D8,8
FUN_004537d8,0x004537D8,0x004537E0,8
FUN_00453810,0x00453810,0x0045382C,28
FUN_00453898,0x00453898,0x004538BC,36
FUN_004538c8,0x004538C8,0x004538D4,12
FUN_004538e0,0x004538E0,0x00453970,144
FUN_00453970,0x00453970,0x004539B4,64
FUN_004539b8,0x004539B8,0x00453A80,200
FUN_00453a80,0x00453A80,0x00453AB0,48
FUN_00453ab0,0x00453AB0,0x00453AC0,16
FUN_00453ac0,0x00453AC0,0x00453AD0,16
FUN_00453ad0,0x00453AD0,0x00453AE4,20
FUN_00453ae8,0x00453AE8,0x00453AFC,20
FUN_00453b00,0x00453B00,0x00453B50,80
FUN_00453b50,0x00453B50,0x00453B5C,12
FUN_00453b60,0x00453B60,0x00453BA4,68
FUN_00453ba8,0x00453BA8,0x00453BD0,40
FUN_00453bd0,0x00453BD0,0x00453CC0,232
FUN_00453cc0,0x00453CC0,0x00453D2C,104
FUN_00453d30,0x00453D30,0x00453E00,204
FUN_00453e00,0x00453E00,0x00453E48,68
FUN_00453e48,0x00453E48,0x00453EDC,148
FUN_00453ee0,0x00453EE0,0x00453FAC,204
FUN_00454008,0x00454008,0x00454058,80
FUN_00454058,0x00454058,0x004540A4,76
FUN_004540a8,0x004540A8,0x004540F4,76
FUN_004540f8,0x004540F8,0x00454158,96
FUN_00454158,0x00454158,0x004541E0,136
FUN_004541e0,0x004541E0,0x0045422C,76
FUN_00454230,0x00454230,0x0045427C,76
FUN_00454280,0x00454280,0x004542CC,76
FUN_004542d0,0x004542D0,0x0045431C,76
FUN_00454320,0x00454320,0x00454388,104
FUN_00454388,0x00454388,0x004543D4,76
FUN_004543d8,0x004543D8,0x00454424,76
FUN_00454428,0x00454428,0x00454474,76
FUN_00454498,0x00454498,0x004544EC,80
FUN_004544f0,0x004544F0,0x00454560,112
FUN_00454560,0x00454560,0x004545E0,128
FUN_004545e0,0x004545E0,0x0045464C,108
FUN_00454650,0x00454650,0x004546BC,108
FUN_004546c0,0x004546C0,0x00454730,112
FUN_00454730,0x00454730,0x004547A4,116
FUN_004547a8,0x004547A8,0x00454858,176
FUN_00454858,0x00454858,0x004548C8,112
FUN_004548c8,0x004548C8,0x00454938,112
FUN_00454938,0x00454938,0x004549A8,112
FUN_004549a8,0x004549A8,0x00454A18,112
FUN_00454a18,0x00454A18,0x00454A8C,116
FUN_00454a90,0x00454A90,0x00454AFC,108
FUN_00454b00,0x00454B00,0x00454B84,132
FUN_00454b88,0x00454B88,0x00454C0C,132
FUN_00454c10,0x00454C10,0x00454C9C,140
FUN_00454ca0,0x00454CA0,0x00454D10,112
FUN_00454d10,0x00454D10,0x00454D50,64
FUN_00454d50,0x00454D50,0x00454D90,64
FUN_00454d90,0x00454D90,0x00454DD4,68
FUN_00454f40,0x00454F40,0x00454FE0,156
FUN_00454fe0,0x00454FE0,0x00455000,32
FUN_00455000,0x00455000,0x004550CC,204
FUN_004550d0,0x004550D0,0x004550F0,32
FUN_004550f0,0x004550F0,0x00455110,32
FUN_00455110,0x00455110,0x00455130,32
FUN_00455130,0x00455130,0x00455158,40
FUN_00455198,0x00455198,0x00455208,112
FUN_00455208,0x00455208,0x00455214,12
FUN_00455218,0x00455218,0x0045525C,68
FUN_00455260,0x00455260,0x004552B8,88
FUN_004552b8,0x004552B8,0x004552CC,20
FUN_004552d0,0x004552D0,0x004553E4,272
FUN_004553e8,0x004553E8,0x00455438,80
FUN_00455438,0x00455438,0x004554D8,160
FUN_004554d8,0x004554D8,0x004554E4,12
FUN_004554e8,0x004554E8,0x00455538,80
FUN_00455538,0x00455538,0x00455578,64
FUN_00455578,0x00455578,0x00455584,12
FUN_004555d0,0x004555D0,0x00455668,152
FUN_004556b0,0x004556B0,0x004556C4,20
FUN_004556c8,0x004556C8,0x004556DC,20
FUN_004556e0,0x004556E0,0x00455738,84
FUN_00455738,0x00455738,0x00455740,8
FUN_00455740,0x00455740,0x00455798,88
FUN_00455798,0x00455798,0x004557E8,80
FUN_004557e8,0x004557E8,0x00455800,24
FUN_00455800,0x00455800,0x00455828,40
FUN_00455828,0x00455828,0x00455850,40
FUN_00455850,0x00455850,0x00455938,232
FUN_00455938,0x00455938,0x00455A4C,276
FUN_00455a50,0x00455A50,0x00455AD0,124
FUN_00455ad0,0x00455AD0,0x00455C24,332
FUN_00455c28,0x00455C28,0x00455C74,76
FUN_00455c78,0x00455C78,0x00455D6C,240
FUN_00455d70,0x00455D70,0x00455E00,140
FUN_00455e00,0x00455E00,0x00455F44,320
FUN_00455f60,0x00455F60,0x00455F6C,12
FUN_00455f70,0x00455F70,0x00455F7C,12
FUN_00455f90,0x00455F90,0x00455FDC,76
FUN_00455fe0,0x00455FE0,0x00455FEC,12
FUN_00455ff0,0x00455FF0,0x00456010,32
FUN_00456018,0x00456018,0x00456058,60
FUN_00456088,0x00456088,0x00456150,200
FUN_00456150,0x00456150,0x0045615C,12
FUN_00456160,0x00456160,0x004562B4,336
FUN_004562b8,0x004562B8,0x00456328,112
FUN_00456328,0x00456328,0x0045644C,288
FUN_00456450,0x00456450,0x00456460,16
FUN_00456468,0x00456468,0x00456474,12
FUN_00456490,0x00456490,0x0045649C,12
FUN_004564b0,0x004564B0,0x004564D8,40
FUN_004564d8,0x004564D8,0x004564E0,8
FUN_00456500,0x00456500,0x00456524,36
FUN_00456528,0x00456528,0x00456534,12
FUN_00456538,0x00456538,0x00456560,40
FUN_00456568,0x00456568,0x004565AC,68
FUN_004565b0,0x004565B0,0x004565C4,20
FUN_00456600,0x00456600,0x004567D0,464
FUN_004567d0,0x004567D0,0x004568A0,208
FUN_004568a0,0x004568A0,0x00456968,200
FUN_00456968,0x00456968,0x00456970,8
FUN_00456970,0x00456970,0x00456978,8
FUN_00456978,0x00456978,0x004569C4,76
FUN_004569c8,0x004569C8,0x00456A14,76
FUN_00456a18,0x00456A18,0x00456A64,76
FUN_00456a68,0x00456A68,0x00456B10,168
FUN_00456b10,0x00456B10,0x00456C2C,284
FUN_00456c30,0x00456C30,0x00456D34,252
FUN_00456d38,0x00456D38,0x0045719C,1116
FUN_004571a0,0x004571A0,0x00457A0C,2132
FUN_00457a10,0x00457A10,0x00458678,3140
FUN_00458678,0x00458678,0x004586E8,112
FUN_004586f0,0x004586F0,0x004586F8,8
FUN_00458700,0x00458700,0x00458764,100
FUN_00458768,0x00458768,0x00458818,172
FUN_00458818,0x00458818,0x004588AC,148
FUN_004588b0,0x004588B0,0x0045892C,124
FUN_00458938,0x00458938,0x004589B0,116
FUN_004589b0,0x004589B0,0x00458A3C,140
FUN_00458a40,0x00458A40,0x00458AB8,128
FUN_00458ab8,0x00458AB8,0x00458ACC,20
FUN_00458ad0,0x00458AD0,0x00458AE0,16
FUN_00458ae0,0x00458AE0,0x00458B2C,76
FUN_00458b30,0x00458B30,0x00458B64,52
FUN_00458b68,0x00458B68,0x00458BFC,148
FUN_00458c00,0x00458C00,0x00458C0C,12
FUN_00458c10,0x00458C10,0x00458C34,36
FUN_00458c38,0x00458C38,0x00458C6C,52
FUN_00458c70,0x00458C70,0x00458CC8,88
FUN_00458cc8,0x00458CC8,0x00458D68,160
FUN_00458d68,0x00458D68,0x00458D80,24
FUN_00458d80,0x00458D80,0x00458DA8,40
FUN_00458da8,0x00458DA8,0x00458DD4,44
FUN_00458dd8,0x00458DD8,0x00458E28,76
FUN_00458e28,0x00458E28,0x00458EBC,148
FUN_00458ec0,0x00458EC0,0x00458FC0,248
FUN_00458fc0,0x00458FC0,0x004590C8,260
FUN_004590c8,0x004590C8,0x0045956C,1164
FUN_00459570,0x00459570,0x00459AAC,1324
FUN_00459ab0,0x00459AB0,0x00459ACC,28
FUN_00459ad0,0x00459AD0,0x00459AE8,24
FUN_00459ae8,0x00459AE8,0x00459B58,112
FUN_00459b60,0x00459B60,0x00459BAC,76
FUN_00459bb0,0x00459BB0,0x00459BE4,52
FUN_00459bf8,0x00459BF8,0x00459CB0,184
FUN_00459cb0,0x00459CB0,0x00459DB4,256
FUN_00459db8,0x00459DB8,0x00459E14,92
FUN_00459e18,0x00459E18,0x00459EDC,196
FUN_00459ee0,0x00459EE0,0x00459F58,116
FUN_00459f58,0x00459F58,0x00459F60,8
FUN_00459f60,0x00459F60,0x00459F84,36
FUN_00459f88,0x00459F88,0x00459F9C,20
FUN_00459fa0,0x00459FA0,0x00459FC8,40
FUN_00459fc8,0x00459FC8,0x0045A1D4,512
FUN_0045a1d8,0x0045A1D8,0x0045A244,108
FUN_0045a248,0x0045A248,0x0045A2E8,160
FUN_0045a2e8,0x0045A2E8,0x0045A38C,164
FUN_0045a390,0x0045A390,0x0045AA50,1712
FUN_0045aa50,0x0045AA50,0x0045ACCC,624
FUN_0045acd0,0x0045ACD0,0x0045B2B8,1492
FUN_0045b2b8,0x0045B2B8,0x0045B374,188
FUN_0045b378,0x0045B378,0x0045B468,240
FUN_0045b468,0x0045B468,0x0045B630,456
FUN_0045b630,0x0045B630,0x0045B734,260
FUN_0045b740,0x0045B740,0x0045B898,336
FUN_0045b898,0x0045B898,0x0045B964,204
FUN_0045b968,0x0045B968,0x0045B9C0,88
FUN_0045b9c8,0x0045B9C8,0x0045BAA0,212
FUN_0045baa0,0x0045BAA0,0x0045BB14,108
FUN_0045bb18,0x0045BB18,0x0045BB20,8
FUN_0045bb20,0x0045BB20,0x0045BB28,8
FUN_0045bb28,0x0045BB28,0x0045BB74,76
FUN_0045bb78,0x0045BB78,0x0045BC00,136
FUN_0045bc00,0x0045BC00,0x0045BC44,68
FUN_0045bc48,0x0045BC48,0x0045BC7C,52
FUN_0045bc80,0x0045BC80,0x0045BC88,8
FUN_0045bc88,0x0045BC88,0x0045BD34,172
FUN_0045bd38,0x0045BD38,0x0045BDE8,176
FUN_0045bde8,0x0045BDE8,0x0045BE10,40
FUN_0045be10,0x0045BE10,0x0045BE68,88
FUN_0045be68,0x0045BE68,0x0045BEB8,80
FUN_0045beb8,0x0045BEB8,0x0045BF7C,196
FUN_0045bf80,0x0045BF80,0x0045BF98,24
FUN_0045bf98,0x0045BF98,0x0045C000,104
FUN_0045c000,0x0045C000,0x0045C008,8
FUN_0045c008,0x0045C008,0x0045C010,8
FUN_0045c018,0x0045C018,0x0045C0DC,192
FUN_0045c0e0,0x0045C0E0,0x0045C12C,76
FUN_0045c130,0x0045C130,0x0045C1C0,144
FUN_0045c1c0,0x0045C1C0,0x0045C1E4,36
FUN_0045c1f0,0x0045C1F0,0x0045C21C,44
FUN_0045c220,0x0045C220,0x0045C234,20
FUN_0045c238,0x0045C238,0x0045C24C,20
FUN_0045c250,0x0045C250,0x0045C268,24
FUN_0045c268,0x0045C268,0x0045C28C,36
FUN_0045c290,0x0045C290,0x0045C358,196
FUN_0045c358,0x0045C358,0x0045C498,316
FUN_0045c4a0,0x0045C4A0,0x0045C50C,104
FUN_0045c510,0x0045C510,0x0045C5B8,168
FUN_0045c5b8,0x0045C5B8,0x0045C5D0,24
FUN_0045c5d0,0x0045C5D0,0x0045C624,80
FUN_0045c628,0x0045C628,0x0045C630,8
FUN_0045c630,0x0045C630,0x0045C688,88
FUN_0045c688,0x0045C688,0x0045C6D8,80
FUN_0045c6d8,0x0045C6D8,0x0045C714,60
FUN_0045c718,0x0045C718,0x0045C740,40
FUN_0045c740,0x0045C740,0x0045C788,72
FUN_0045c788,0x0045C788,0x0045C7C0,56
FUN_0045c7c0,0x0045C7C0,0x0045C7F8,56
FUN_0045c7f8,0x0045C7F8,0x0045C800,8
FUN_0045c810,0x0045C810,0x0045C81C,12
FUN_0045c830,0x0045C830,0x0045C858,40
FUN_0045c858,0x0045C858,0x0045C880,40
FUN_0045c880,0x0045C880,0x0045C8AC,44
FUN_0045c8b0,0x0045C8B0,0x0045C8D8,40
FUN_0045c8d8,0x0045C8D8,0x0045C900,40
FUN_0045c900,0x0045C900,0x0045C928,40
FUN_0045c928,0x0045C928,0x0045C950,40
FUN_0045c950,0x0045C950,0x0045C978,40
FUN_0045c978,0x0045C978,0x0045C9A0,40
FUN_0045c9a0,0x0045C9A0,0x0045C9CC,44
FUN_0045c9d0,0x0045C9D0,0x0045C9F8,40
FUN_0045c9f8,0x0045C9F8,0x0045CA20,40
FUN_0045ca20,0x0045CA20,0x0045CA48,40
FUN_0045ca48,0x0045CA48,0x0045CA70,40
FUN_0045ca70,0x0045CA70,0x0045CC18,424
FUN_0045cc28,0x0045CC28,0x0045CCD8,176
FUN_0045ccd8,0x0045CCD8,0x0045CDAC,208
FUN_0045cdb0,0x0045CDB0,0x0045CE50,160
FUN_0045ce50,0x0045CE50,0x0045CF00,176
FUN_0045cf08,0x0045CF08,0x0045CF3C,52
FUN_0045cf40,0x0045CF40,0x0045CF90,80
FUN_0045cf90,0x0045CF90,0x0045D050,192
FUN_0045d050,0x0045D050,0x0045D0A0,76
FUN_0045d0a8,0x0045D0A8,0x0045D158,172
FUN_0045d158,0x0045D158,0x0045D1AC,84
FUN_0045d1b0,0x0045D1B0,0x0045D1D4,36
FUN_0045d1d8,0x0045D1D8,0x0045D2E4,268
FUN_0045d2e8,0x0045D2E8,0x0045D320,52
FUN_0045d320,0x0045D320,0x0045D390,112
FUN_0045d390,0x0045D390,0x0045D40C,124
FUN_0045d410,0x0045D410,0x0045D45C,76
FUN_0045d460,0x0045D460,0x0045D494,52
FUN_0045d498,0x0045D498,0x0045D550,184
FUN_0045d558,0x0045D558,0x0045D658,252
FUN_0045d658,0x0045D658,0x0045D6B4,92
FUN_0045d6b8,0x0045D6B8,0x0045D748,144
FUN_0045d748,0x0045D748,0x0045D7C0,116
FUN_0045d7c0,0x0045D7C0,0x0045D7EC,44
FUN_0045d7f0,0x0045D7F0,0x0045D874,132
FUN_0045d8d8,0x0045D8D8,0x0045D954,120
FUN_0045d958,0x0045D958,0x0045DAC4,364
FUN_0045dac8,0x0045DAC8,0x0045DCD4,512
FUN_0045dcd8,0x0045DCD8,0x0045DCE0,8
FUN_0045dce0,0x0045DCE0,0x0045DD8C,164
FUN_0045dd90,0x0045DD90,0x0045DDE0,76
FUN_0045dde0,0x0045DDE0,0x0045DE4C,108
FUN_0045de50,0x0045DE50,0x0045DE58,8
FUN_0045de58,0x0045DE58,0x0045E630,2000
FUN_0045e630,0x0045E630,0x0045E750,284
FUN_0045e750,0x0045E750,0x0045E968,536
FUN_0045e968,0x0045E968,0x0045EADC,372
FUN_0045eae0,0x0045EAE0,0x0045EB20,64
FUN_0045eb20,0x0045EB20,0x00461B00,12104
FUN_00461b00,0x00461B00,0x00462068,1372
FUN_00462068,0x00462068,0x00462740,1736
FUN_00462740,0x00462740,0x004628E8,416
FUN_004628f0,0x004628F0,0x00462914,36
FUN_00462918,0x00462918,0x00462AA0,388
FUN_00462aa0,0x00462AA0,0x00462BAC,268
FUN_00462bb0,0x00462BB0,0x00462C0C,92
FUN_00462c10,0x00462C10,0x00462D30,280
FUN_00462d38,0x00462D38,0x00462FCC,660
FUN_00462fd8,0x00462FD8,0x00463034,92
FUN_00463038,0x00463038,0x00463090,88
FUN_00463090,0x00463090,0x00463174,228
FUN_004631b8,0x004631B8,0x00463244,132
FUN_00463248,0x00463248,0x00463308,188
FUN_00463308,0x00463308,0x004633FC,240
FUN_00463410,0x00463410,0x0046349C,136
FUN_004634a0,0x004634A0,0x0046350C,108
FUN_00463518,0x00463518,0x00463584,108
FUN_00463588,0x00463588,0x004635F4,108
FUN_004635f8,0x004635F8,0x00463664,108
FUN_00463670,0x00463670,0x0046370C,152
FUN_00463718,0x00463718,0x0046376C,80
FUN_00463770,0x00463770,0x004637EC,120
FUN_004637f8,0x004637F8,0x0046387C,132
FUN_00463880,0x00463880,0x00463948,200
FUN_00463948,0x00463948,0x00463BD4,648
FUN_00463bd8,0x00463BD8,0x00463F6C,916
FUN_00464a68,0x00464A68,0x00464B18,176
FUN_00464b18,0x00464B18,0x00464E50,816
FUN_00464e50,0x00464E50,0x00464EE4,148
FUN_00464ef8,0x00464EF8,0x004650D8,460
FUN_004650e0,0x004650E0,0x004651A8,196
FUN_004651a8,0x004651A8,0x004652FC,332
FUN_00465308,0x00465308,0x00465474,352
FUN_00465478,0x00465478,0x00465514,152
FUN_00465520,0x00465520,0x004655BC,152
FUN_004655c0,0x004655C0,0x004656B0,236
FUN_004656b0,0x004656B0,0x0046578C,216
FUN_00465790,0x00465790,0x0046582C,152
FUN_00465840,0x00465840,0x004658E4,164
FUN_00465de0,0x00465DE0,0x0046603C,604
FUN_00466040,0x00466040,0x00466690,1616
FUN_00466690,0x00466690,0x004667F4,356
FUN_004667f8,0x004667F8,0x0046724C,2644
FUN_00467250,0x00467250,0x004675D8,904
FUN_004675e8,0x004675E8,0x00467620,56
FUN_00467670,0x00467670,0x004676E8,120
FUN_004676e8,0x004676E8,0x0046793C,596
FUN_00467940,0x00467940,0x00467B20,480
FUN_00467b28,0x00467B28,0x00467BC0,152
FUN_00467bc0,0x00467BC0,0x00467C78,184
FUN_00467c78,0x00467C78,0x00467D44,204
FUN_00467d48,0x00467D48,0x00467F80,568
FUN_00467f80,0x00467F80,0x00468048,200
FUN_00468048,0x00468048,0x004681FC,300
FUN_00468200,0x00468200,0x004684B4,692
FUN_004684b8,0x004684B8,0x00468628,368
FUN_00468628,0x00468628,0x004687EC,452
FUN_004687f0,0x004687F0,0x004688A0,176
FUN_004688b0,0x004688B0,0x004688F8,72
FUN_004688f8,0x004688F8,0x0046893C,68
FUN_00468940,0x00468940,0x00468950,16
FUN_00468950,0x00468950,0x004689CC,124
FUN_004689e0,0x004689E0,0x00468A14,52
FUN_00468a18,0x00468A18,0x00468A4C,52
FUN_00468a58,0x00468A58,0x00468AD0,120
FUN_00468ad0,0x00468AD0,0x00468B44,116
FUN_00468b48,0x00468B48,0x00468B8C,68
FUN_00468b90,0x00468B90,0x00468BE4,84
FUN_00468c10,0x00468C10,0x00468CDC,204
FUN_00468ce0,0x00468CE0,0x00468CF4,20
FUN_00468cf8,0x00468CF8,0x00468D04,12
FUN_00468d08,0x00468D08,0x00468D14,12
FUN_00468d18,0x00468D18,0x00468D84,108
FUN_00468d88,0x00468D88,0x00468DAC,36
FUN_00468db0,0x00468DB0,0x00468DD4,36
FUN_00468dd8,0x00468DD8,0x00469068,656
FUN_00469068,0x00469068,0x00469328,704
FUN_00469328,0x00469328,0x00469748,1056
FUN_00469748,0x00469748,0x00469808,192
FUN_00469808,0x00469808,0x00469898,144
FUN_00469898,0x00469898,0x00469A58,448
FUN_00469a58,0x00469A58,0x00469F30,1240
FUN_0046a150,0x0046A150,0x0046A160,16
FUN_0046a160,0x0046A160,0x0046A200,160
FUN_0046a200,0x0046A200,0x0046A2C8,200
FUN_0046a2c8,0x0046A2C8,0x0046A31C,84
FUN_0046a320,0x0046A320,0x0046A360,64
FUN_0046a360,0x0046A360,0x0046A4E4,388
FUN_0046a4e8,0x0046A4E8,0x0046ABEC,1796
FUN_0046abf0,0x0046ABF0,0x0046AE40,592
FUN_0046ae40,0x0046AE40,0x0046B2C8,1160
FUN_0046b2c8,0x0046B2C8,0x0046B4E4,540
FUN_0046b4e8,0x0046B4E8,0x0046B728,576
FUN_0046b728,0x0046B728,0x0046BA54,812
FUN_0046ba58,0x0046BA58,0x0046BE80,1064
FUN_0046be80,0x0046BE80,0x0046C01C,412
FUN_0046c020,0x0046C020,0x0046C578,1368
FUN_0046c578,0x0046C578,0x0046C6F0,376
FUN_0046c6f0,0x0046C6F0,0x0046C858,360
FUN_0046c858,0x0046C858,0x0046C9D8,384
FUN_0046c9d8,0x0046C9D8,0x0046CAC0,232
FUN_0046cac0,0x0046CAC0,0x0046CB4C,140
FUN_0046cb50,0x0046CB50,0x0046CBE4,148
FUN_0046cbe8,0x0046CBE8,0x0046CC1C,52
thunk_FUN_0046cb50,0x0046CC20,0x0046CC28,8
FUN_0046cc28,0x0046CC28,0x0046CCE4,188
FUN_0046cce8,0x0046CCE8,0x0046CDD4,236
FUN_0046cdd8,0x0046CDD8,0x0046CE98,192
FUN_0046ce98,0x0046CE98,0x0046D014,380
FUN_0046dd08,0x0046DD08,0x0046DDA8,160
FUN_0046dda8,0x0046DDA8,0x0046DF48,412
FUN_0046df48,0x0046DF48,0x0046E25C,788
FUN_0046e260,0x0046E260,0x0046E50C,684
FUN_0046e510,0x0046E510,0x0046E5B0,160
FUN_0046e5b0,0x0046E5B0,0x0046E6F4,320
FUN_0046e6f8,0x0046E6F8,0x0046E838,320
FUN_0046e838,0x0046E838,0x0046E920,232
FUN_0046eb48,0x0046EB48,0x0046ED14,452
FUN_0046ed18,0x0046ED18,0x0046ED4C,52
thunk_FUN_0046cb50,0x0046ED50,0x0046ED58,8
FUN_0046ed58,0x0046ED58,0x0046EEAC,336
FUN_0046eeb0,0x0046EEB0,0x0046EEB8,8
FUN_0046eeb8,0x0046EEB8,0x0046EF08,80
FUN_0046ef08,0x0046EF08,0x0046EF94,140
FUN_0046ef98,0x0046EF98,0x0046F02C,148
FUN_0046f030,0x0046F030,0x0046F124,244
FUN_0046f128,0x0046F128,0x0046F19C,116
FUN_0046f1a0,0x0046F1A0,0x0046F214,116
FUN_0046f218,0x0046F218,0x0046F2FC,228
FUN_0046f300,0x0046F300,0x0046F450,336
FUN_0046f450,0x0046F450,0x0046F4B8,104
FUN_0046f4b8,0x0046F4B8,0x0046F52C,116
FUN_0046f530,0x0046F530,0x0046F768,568
FUN_0046f768,0x0046F768,0x0046F88C,292
FUN_0046f890,0x0046F890,0x0046F8B0,32
FUN_0046f8b0,0x0046F8B0,0x0046F9DC,300
FUN_0046f9e0,0x0046F9E0,0x0046FCD0,752
FUN_0046fcd0,0x0046FCD0,0x00470018,840
FUN_00470018,0x00470018,0x0047023C,548
FUN_00470240,0x00470240,0x004707E8,1448
FUN_004707e8,0x004707E8,0x00470B34,844
FUN_00470b38,0x00470B38,0x00470C80,328
FUN_00470c80,0x00470C80,0x00470DCC,332
FUN_00470dd0,0x00470DD0,0x004712BC,1252
FUN_004712c0,0x004712C0,0x004713F0,300
FUN_004713f0,0x004713F0,0x0047153C,332
FUN_00471540,0x00471540,0x00471568,40
FUN_00471568,0x00471568,0x004715F4,136
FUN_004715f8,0x004715F8,0x0047162C,52
FUN_00471630,0x00471630,0x00471724,244
FUN_00471728,0x00471728,0x00471770,72
FUN_00471770,0x00471770,0x00471784,20
FUN_004717a0,0x004717A0,0x0047199C,500
FUN_004719a0,0x004719A0,0x004719B8,24
FUN_004719b8,0x004719B8,0x004719D0,24
FUN_004719d8,0x004719D8,0x004719F4,28
FUN_004719f8,0x004719F8,0x00471A14,28
FUN_00471a38,0x00471A38,0x00471BF4,428
FUN_00471c00,0x00471C00,0x00471C60,92
FUN_00471c68,0x00471C68,0x00471C74,12
FUN_00471c78,0x00471C78,0x00471C84,12
FUN_00471c88,0x00471C88,0x00471C9C,20
FUN_00471ca0,0x00471CA0,0x00471D18,116
FUN_00471d18,0x00471D18,0x00471DB4,152
FUN_00471db8,0x00471DB8,0x00471DEC,52
FUN_00471df0,0x00471DF0,0x00471DFC,12
FUN_00471e00,0x00471E00,0x00471E58,88
FUN_00471e58,0x00471E58,0x00471E64,12
FUN_00471e68,0x00471E68,0x00471F4C,224
FUN_00471f50,0x00471F50,0x00471FE4,144
FUN_00471fe8,0x00471FE8,0x00472004,28
FUN_00472008,0x00472008,0x00472014,12
FUN_00472018,0x00472018,0x00472184,364
FUN_00472188,0x00472188,0x004723E8,608
FUN_004723e8,0x004723E8,0x0047266C,640
FUN_00472670,0x00472670,0x00472830,444
FUN_00472830,0x00472830,0x00472960,304
FUN_00472960,0x00472960,0x00472A10,176
FUN_00472a10,0x00472A10,0x00472B0C,252
FUN_00472b10,0x00472B10,0x00473264,1872
FUN_00473268,0x00473268,0x004732BC,84
FUN_004732c0,0x004732C0,0x00473318,84
FUN_00473318,0x00473318,0x004734E8,464
FUN_004734e8,0x004734E8,0x00473550,104
FUN_00473550,0x00473550,0x00473674,288
FUN_00473678,0x00473678,0x00473684,12
FUN_00473688,0x00473688,0x00473690,8
FUN_00473698,0x00473698,0x004736A0,8
FUN_004736a8,0x004736A8,0x004736B4,12
FUN_004736d0,0x004736D0,0x0047372C,100
FUN_00473740,0x00473740,0x004738AC,360
FUN_004738b0,0x004738B0,0x00473944,144
FUN_00473948,0x00473948,0x00473988,60
FUN_00473988,0x00473988,0x004739E8,96
FUN_004739e8,0x004739E8,0x004739FC,20
FUN_00473a00,0x00473A00,0x00473A14,20
FUN_00473a18,0x00473A18,0x00473A2C,20
FUN_00473a30,0x00473A30,0x00473A60,48
FUN_00473a60,0x00473A60,0x00473AAC,76
FUN_00473ab0,0x00473AB0,0x00473B00,80
FUN_00473b00,0x00473B00,0x00473BB0,172
FUN_00473bb0,0x00473BB0,0x00473C04,84
FUN_00473c08,0x00473C08,0x00473C1C,20
FUN_00473c20,0x00473C20,0x00473C50,48
FUN_00473c50,0x00473C50,0x00473CA8,84
FUN_00473ca8,0x00473CA8,0x00473CD8,48
FUN_00473cd8,0x00473CD8,0x00473D0C,52
FUN_00473d18,0x00473D18,0x00473D94,120
FUN_00473d98,0x00473D98,0x00473FBC,544
FUN_00473fc0,0x00473FC0,0x00474028,104
FUN_00474028,0x00474028,0x00474144,276
FUN_00474148,0x00474148,0x004741A0,84
FUN_004741a0,0x004741A0,0x004741F0,80
FUN_004741f0,0x004741F0,0x0047430C,284
FUN_00474310,0x00474310,0x00474354,68
FUN_00474358,0x00474358,0x0047444C,244
FUN_00474450,0x00474450,0x00474480,48
FUN_00474480,0x00474480,0x004744C8,72
FUN_004744c8,0x004744C8,0x00474510,72
FUN_00474510,0x00474510,0x00474550,64
FUN_00474550,0x00474550,0x004745C4,112
FUN_004745c8,0x004745C8,0x004745D4,12
FUN_004745d8,0x004745D8,0x0047466C,148
FUN_0047466c,0x0047466C,0x00474718,172
FUN_00474718,0x00474718,0x00474814,252
FUN_00474814,0x00474814,0x004748CC,184
FUN_004748cc,0x004748CC,0x00474934,104
FUN_00474934,0x00474934,0x004749A8,116
FUN_004749a8,0x004749A8,0x00474AD8,304
FUN_00474ad8,0x00474AD8,0x00474C78,416
FUN_00474c78,0x00474C78,0x00474DC4,332
FUN_00474dc4,0x00474DC4,0x00474EDC,280
FUN_00474edc,0x00474EDC,0x00475020,324
FUN_00475020,0x00475020,0x004751D4,436
FUN_004751d8,0x004751D8,0x004753A0,452
FUN_004753a0,0x004753A0,0x00475568,456
FUN_00475578,0x00475578,0x00475598,32
FUN_00475598,0x00475598,0x004755BC,36
FUN_004755c8,0x004755C8,0x0047565C,148
FUN_00475660,0x00475660,0x00475724,196
FUN_00475730,0x00475730,0x00475790,96
FUN_00475790,0x00475790,0x004757AC,28
FUN_004757b0,0x004757B0,0x00475918,360
FUN_00475918,0x00475918,0x00475998,128
FUN_004759a0,0x004759A0,0x00475A38,152
FUN_00475a38,0x00475A38,0x00475A9C,100
FUN_00475aa0,0x00475AA0,0x00475B20,128
FUN_00475b20,0x00475B20,0x00475B88,104
FUN_00475b88,0x00475B88,0x00475BA8,32
FUN_00475ba8,0x00475BA8,0x004766B8,2832
FUN_004766b8,0x004766B8,0x004767A8,236
FUN_004767a8,0x004767A8,0x004767FC,84
FUN_00476808,0x00476808,0x00476818,16
FUN_00476818,0x00476818,0x00476848,48
FUN_00476848,0x00476848,0x004768E0,152
FUN_004768e0,0x004768E0,0x004768FC,28
FUN_00476900,0x00476900,0x00476928,40
FUN_00476928,0x00476928,0x00476988,96
FUN_00476988,0x00476988,0x004769D8,80
FUN_004769d8,0x004769D8,0x00476A20,72
FUN_00476a20,0x00476A20,0x00476D5C,828
FUN_00476d60,0x00476D60,0x00476DC0,96
FUN_00476dc0,0x00476DC0,0x00476E00,64
FUN_00476e00,0x00476E00,0x004777DC,2520
FUN_004777e0,0x004777E0,0x004777F0,16
FUN_004777f0,0x004777F0,0x00477820,48
FUN_00477820,0x00477820,0x00478718,3828
FUN_00478718,0x00478718,0x00478744,44
FUN_00478750,0x00478750,0x00478960,524
FUN_00478960,0x00478960,0x00478994,52
FUN_00478998,0x00478998,0x00478A14,124
FUN_00478a20,0x00478A20,0x00478A6C,76
FUN_00478a70,0x00478A70,0x00478AE4,116
FUN_00478ae8,0x00478AE8,0x00478B0C,36
FUN_00478b10,0x00478B10,0x00478BAC,156
FUN_00478bb0,0x00478BB0,0x00478BD4,36
FUN_00478bd8,0x00478BD8,0x00478BFC,36
FUN_00478c00,0x00478C00,0x00478ECC,712
FUN_00478ed0,0x00478ED0,0x00479290,960
FUN_00479290,0x00479290,0x00479518,648
FUN_00479518,0x00479518,0x00479584,108
FUN_00479588,0x00479588,0x00479600,120
FUN_00479600,0x00479600,0x0047969C,156
FUN_004796a0,0x004796A0,0x00479C2C,1420
FUN_00479c30,0x00479C30,0x00479D38,264
FUN_00479d38,0x00479D38,0x00479E04,204
FUN_00479e08,0x00479E08,0x0047AE4C,4164
FUN_0047ae50,0x0047AE50,0x0047B000,432
FUN_0047b000,0x0047B000,0x0047B108,264
FUN_0047b108,0x0047B108,0x0047B138,48
FUN_0047b138,0x0047B138,0x0047C03C,3844
FUN_0047c040,0x0047C040,0x0047C2A4,612
FUN_0047c2a8,0x0047C2A8,0x0047C9D8,1836
FUN_0047c9d8,0x0047C9D8,0x0047CCCC,756
FUN_0047ccd0,0x0047CCD0,0x0047CE3C,364
FUN_0047ce40,0x0047CE40,0x0047D010,464
FUN_0047d010,0x0047D010,0x0047D23C,556
FUN_0047d240,0x0047D240,0x0047D274,52
FUN_0047d278,0x0047D278,0x0047D298,32
FUN_0047d298,0x0047D298,0x0047D2A4,12
FUN_0047d2b0,0x0047D2B0,0x0047D2D4,36
FUN_0047d2d8,0x0047D2D8,0x0047D3C4,236
FUN_0047d3c8,0x0047D3C8,0x0047D5B4,492
FUN_0047d5b8,0x0047D5B8,0x0047D9FC,1088
FUN_0047da00,0x0047DA00,0x0047E02C,1576
FUN_0047e030,0x0047E030,0x0047E1F0,444
FUN_0047e1f0,0x0047E1F0,0x0047E248,88
FUN_0047e248,0x0047E248,0x0047E2A4,92
FUN_0047e2a8,0x0047E2A8,0x0047E308,96
FUN_0047e308,0x0047E308,0x0047E368,96
FUN_0047e368,0x0047E368,0x0047E3C4,92
FUN_0047e3c8,0x0047E3C8,0x0047E428,96
FUN_0047e428,0x0047E428,0x0047E534,268
FUN_0047e538,0x0047E538,0x0047E590,88
FUN_0047e5a0,0x0047E5A0,0x0047E62C,140
FUN_0047e630,0x0047E630,0x0047E674,68
FUN_0047e678,0x0047E678,0x0047E6A8,48
FUN_0047e6a8,0x0047E6A8,0x0047E7BC,276
FUN_0047e7c0,0x0047E7C0,0x0047E954,404
FUN_0047e958,0x0047E958,0x0047E9D8,128
FUN_0047e9d8,0x0047E9D8,0x0047EA80,168
FUN_0047ea80,0x0047EA80,0x0047EAB4,52
FUN_0047eab8,0x0047EAB8,0x0047EBC0,264
FUN_0047ebc0,0x0047EBC0,0x0047ECF4,308
FUN_0047ecf8,0x0047ECF8,0x0047ED7C,132
FUN_0047ed80,0x0047ED80,0x0047EE40,192
FUN_0047ee40,0x0047EE40,0x0047EE78,56
FUN_0047ee78,0x0047EE78,0x0047F080,520
FUN_0047f080,0x0047F080,0x0047F180,252
FUN_0047f180,0x0047F180,0x0047F2D4,336
FUN_0047f2d8,0x0047F2D8,0x0047F340,104
FUN_0047f340,0x0047F340,0x0047F4CC,396
FUN_0047f4d0,0x0047F4D0,0x0047F598,200
FUN_0047f598,0x0047F598,0x0047F730,408
FUN_0047f730,0x0047F730,0x0047F8AC,380
FUN_0047f8b0,0x0047F8B0,0x0047F970,192
FUN_0047f978,0x0047F978,0x0047FA34,188
SetGsCrt,0x0047FA60,0x0047FA70,16
_Exit,0x0047FA80,0x0047FA90,16
_LoadExecPS2,0x0047FAA0,0x0047FAB0,16
AddIntcHandler,0x0047FB40,0x0047FB50,16
AddIntcHandler,0x0047FB50,0x0047FB60,16
RemoveIntcHandler,0x0047FB60,0x0047FB70,16
AddDmacHandler,0x0047FB70,0x0047FB80,16
AddDmacHandler,0x0047FB80,0x0047FB90,16
RemoveDmacHandler,0x0047FB90,0x0047FBA0,16
_EnableIntc,0x0047FBA0,0x0047FBB0,16
_DisableIntc,0x0047FBB0,0x0047FBC0,16
_EnableDmac,0x0047FBC0,0x0047FBD0,16
_DisableDmac,0x0047FBD0,0x0047FBE0,16
CreateThread,0x0047FC60,0x0047FC70,16
_StartThread,0x0047FC80,0x0047FC90,16
ExitDeleteThread,0x0047FCA0,0x0047FCB0,16
ChangeThreadPriority,0x0047FCF0,0x0047FD00,16
RotateThreadReadyQueue,0x0047FD10,0x0047FD20,16
GetThreadId,0x0047FD50,0x0047FD60,16
ReferThreadStatus,0x0047FD60,0x0047FD70,16
iReferThreadStatus,0x0047FD70,0x0047FD80,16
SleepThread,0x0047FD80,0x0047FD90,16
WakeupThread,0x0047FD90,0x0047FDA0,16
_iWakeupThread,0x0047FDA0,0x0047FDB0,16
SuspendThread,0x0047FDD0,0x0047FDE0,16
ResumeThread,0x0047FDF0,0x0047FE00,16
EndOfHeap,0x0047FE40,0x0047FE50,16
CreateSema,0x0047FE60,0x0047FE70,16
DeleteSema,0x0047FE70,0x0047FE80,16
SignalSema,0x0047FE80,0x0047FE90,16
iSignalSema,0x0047FE90,0x0047FEA0,16
WaitSema,0x0047FEA0,0x0047FEB0,16
PollSema,0x0047FEB0,0x0047FEC0,16
SetOsdConfigParam,0x0047FF00,0x0047FF10,16
GetOsdConfigParam,0x0047FF10,0x0047FF20,16
FlushCache,0x004800E0,0x004800F0,16
sceSifStopDma,0x00480130,0x00480140,16
GsGetIMR,0x00480180,0x00480190,16
GsPutIMR,0x004801A0,0x004801B0,16
SetVSyncFlag,0x004801D0,0x004801E0,16
sceSifDmaStat,0x00480200,0x00480210,16
sceSifSetDma,0x00480220,0x00480230,16
isceSifSetDma,0x00480230,0x00480240,16
sceSifSetDChain,0x00480240,0x00480250,16
isceSifSetDChain,0x00480250,0x00480260,16
sceSifSetReg,0x00480260,0x00480270,16
sceSifGetReg,0x00480270,0x00480280,16
Deci2Call,0x00480290,0x004802A0,16
GetMemorySize,0x004802C0,0x004802D0,16
_InitTLB,0x004802D0,0x004802E0,16
FUN_004802e0,0x004802E0,0x004802EC,12
FUN_004802f0,0x004802F0,0x00480380,144
FUN_00480380,0x00480380,0x00480424,164
FUN_00480428,0x00480428,0x004804A4,124
FUN_004804a8,0x004804A8,0x0048051C,116
FUN_00480520,0x00480520,0x00480528,8
FUN_00480528,0x00480528,0x00480530,8
FUN_00480530,0x00480530,0x004805DC,172
FUN_004805e0,0x004805E0,0x004805F4,20
FUN_004805f8,0x004805F8,0x0048069C,164
FUN_004806a0,0x004806A0,0x0048071C,124
FUN_00480728,0x00480728,0x004807CC,164
FUN_004807d0,0x004807D0,0x0048084C,124
FUN_00480850,0x00480850,0x00480864,20
FUN_00480868,0x00480868,0x00480878,16
FUN_00480878,0x00480878,0x004808E0,104
FUN_004808e0,0x004808E0,0x00480948,104
FUN_00480948,0x00480948,0x004809B0,104
FUN_004809b0,0x004809B0,0x00480A18,104
FUN_00480a18,0x00480A18,0x00480AF0,216
FUN_00480af0,0x00480AF0,0x00480BDC,236
FUN_00480be0,0x00480BE0,0x00480C74,148
FUN_00480c80,0x00480C80,0x00480D48,200
FUN_00480d48,0x00480D48,0x00480EC0,376
FUN_00480ec0,0x00480EC0,0x00480EE8,40
FUN_00480ee8,0x00480EE8,0x00480F0C,36
FUN_00480f10,0x00480F10,0x00480F4C,60
FUN_00480f50,0x00480F50,0x00480F8C,60
FUN_00480f90,0x00480F90,0x00481124,400
FUN_00481128,0x00481128,0x0048129C,372
FUN_004812a0,0x004812A0,0x00481370,208
FUN_00481370,0x00481370,0x0048142C,188
FUN_00481430,0x00481430,0x00481468,56
FUN_00481468,0x00481468,0x00481518,176
FUN_00481518,0x00481518,0x0048154C,52
FUN_00481550,0x00481550,0x004815E0,144
FUN_004815e0,0x004815E0,0x004817B8,468
FUN_004817b8,0x004817B8,0x004824CC,3348
FUN_00482528,0x00482528,0x00482550,40
FUN_00482550,0x00482550,0x00482578,40
FUN_00482578,0x00482578,0x004825C4,76
FUN_004825c8,0x004825C8,0x00482610,72
FUN_00482610,0x00482610,0x00482690,128
FUN_00482690,0x00482690,0x00482710,128
FUN_00482740,0x00482740,0x00482758,24
FUN_00482768,0x00482768,0x004829E8,640
FUN_004829e8,0x004829E8,0x00482A1C,52
FUN_00482a20,0x00482A20,0x00482A98,120
FUN_00482a98,0x00482A98,0x00482AE4,76
FUN_00482ae8,0x00482AE8,0x00482C1C,308
FUN_00482c20,0x00482C20,0x00482C5C,60
FUN_00482c60,0x00482C60,0x00482C9C,60
FUN_00482ca0,0x00482CA0,0x00482DE8,328
FUN_00482de8,0x00482DE8,0x00482E94,172
FUN_00482e98,0x00482E98,0x00483034,412
FUN_00483038,0x00483038,0x0048305C,36
FUN_00483060,0x00483060,0x00483108,168
FUN_00483108,0x00483108,0x00483124,28
FUN_00483128,0x00483128,0x00483158,48
FUN_00483158,0x00483158,0x00483198,64
FUN_00483198,0x00483198,0x00483264,204
FUN_00483268,0x00483268,0x004832A8,64
FUN_004832a8,0x004832A8,0x00483378,208
FUN_00483380,0x00483380,0x004833CC,76
FUN_004833d0,0x004833D0,0x00483410,64
FUN_00483410,0x00483410,0x004834DC,204
FUN_004834e0,0x004834E0,0x0048362C,332
FUN_004836c0,0x004836C0,0x004838C0,512
FUN_004838c0,0x004838C0,0x004838FC,60
FUN_00483918,0x00483918,0x00483988,112
FUN_00483990,0x00483990,0x00483A18,136
FUN_00483a18,0x00483A18,0x00483B04,236
FUN_00483b08,0x00483B08,0x00483B74,108
FUN_00483b78,0x00483B78,0x00483F2C,944
FUN_00483f30,0x00483F30,0x00483F84,84
FUN_00483f88,0x00483F88,0x00483FB4,44
FUN_00483fb8,0x00483FB8,0x00483FC4,12
FUN_00484010,0x00484010,0x00484218,520
FUN_00484218,0x00484218,0x004842A4,140
FUN_004842b0,0x004842B0,0x00484540,656
FUN_00484540,0x00484540,0x004846B8,376
FUN_004846b8,0x004846B8,0x004848F4,572
FUN_004848f8,0x004848F8,0x00484B64,616
FUN_00484b68,0x00484B68,0x00484E28,700
FUN_00484e28,0x00484E28,0x004851B0,904
FUN_00485208,0x00485208,0x00485444,572
FUN_00485448,0x00485448,0x004854D0,136
FUN_004854d0,0x004854D0,0x00485540,112
FUN_00485540,0x00485540,0x004855B8,120
FUN_004855b8,0x004855B8,0x004855D4,28
FUN_004855d8,0x004855D8,0x00485648,112
FUN_00485658,0x00485658,0x00485758,256
FUN_00485758,0x00485758,0x004857E4,140
FUN_004857e8,0x004857E8,0x004859F0,520
FUN_004859f0,0x004859F0,0x00485A80,144
FUN_00485a90,0x00485A90,0x00485CB4,548
FUN_00485cb8,0x00485CB8,0x00485CD8,32
FUN_00485d00,0x00485D00,0x00485E54,340
FUN_00485e58,0x00485E58,0x00485EA8,80
FUN_00485ea8,0x00485EA8,0x00485FB8,272
FUN_00485fb8,0x00485FB8,0x00486008,80
FUN_00486008,0x00486008,0x00486020,24
FUN_00486020,0x00486020,0x00486080,96
FUN_00486100,0x00486100,0x00486110,16
FUN_00486118,0x00486118,0x00486214,252
RFU116_SetSyscall,0x00486218,0x00486228,16
FUN_00486228,0x00486228,0x0048627C,84
RFU116_SetSyscall,0x00486280,0x00486290,16
FUN_00486290,0x00486290,0x004862A0,16
RFU091,0x004862D8,0x004862E8,16
FUN_004862e8,0x004862E8,0x00486350,104
FUN_00486350,0x00486350,0x004863FC,172
FUN_00486400,0x00486400,0x00486410,16
RFU116_SetSyscall,0x00486440,0x00486450,16
FUN_00486450,0x00486450,0x00486568,280
thunk_FUN_00487950,0x00486568,0x00486570,8
FUN_00486570,0x00486570,0x004865B8,72
FUN_004865b8,0x004865B8,0x004865E0,40
RFU116_SetSyscall,0x004865E8,0x004865F8,16
FUN_004865f8,0x004865F8,0x00486608,16
RFU091,0x00486640,0x00486650,16
FUN_00486650,0x00486650,0x00486724,212
FUN_00486728,0x00486728,0x00486790,104
FUN_00486798,0x00486798,0x004867A8,16
FUN_004867a8,0x004867A8,0x004867B8,16
FUN_004867b8,0x004867B8,0x004867C8,16
FUN_004867c8,0x004867C8,0x0048691C,340
FUN_00486928,0x00486928,0x004869B8,144
FUN_004869c0,0x004869C0,0x00486B50,400
FUN_00486b50,0x00486B50,0x00486BD4,128
FUN_00486bd8,0x00486BD8,0x00486C10,56
FUN_00486c10,0x00486C10,0x00486EB4,676
FUN_00486eb8,0x00486EB8,0x00486F04,76
FUN_00486f10,0x00486F10,0x00486F80,112
FUN_00486f80,0x00486F80,0x00486FC8,72
FUN_00486fd8,0x00486FD8,0x00487084,172
FUN_00487088,0x00487088,0x004870D4,76
FUN_00487108,0x00487108,0x004871FC,244
FUN_00487200,0x00487200,0x0048727C,124
FUN_00487280,0x00487280,0x004872F0,112
FUN_00487300,0x00487300,0x0048734C,76
FUN_00487350,0x00487350,0x004873AC,92
FUN_004873b0,0x004873B0,0x004874DC,300
FUN_004874e0,0x004874E0,0x004875D0,240
FUN_004875d0,0x004875D0,0x004875F4,36
FUN_00487608,0x00487608,0x004876B0,168
FUN_004876b0,0x004876B0,0x004876F4,68
FUN_00487700,0x00487700,0x00487730,48
FUN_00487730,0x00487730,0x00487754,36
FUN_00487760,0x00487760,0x00487794,52
FUN_00487798,0x00487798,0x004877CC,52
FUN_004877e0,0x004877E0,0x00487804,36
FUN_00487810,0x00487810,0x00487820,16
RFU091,0x00487858,0x00487868,16
RFU116_SetSyscall,0x00487868,0x00487878,16
FUN_00487878,0x00487878,0x0048793C,196
RFU086_WaitEvnetFlag,0x00487940,0x00487950,16
FUN_00487950,0x00487950,0x00487990,64
FUN_00487990,0x00487990,0x00487B84,500
FUN_00487d20,0x00487D20,0x0048840C,1772
FUN_00488410,0x00488410,0x0048846C,92
FUN_00488470,0x00488470,0x0048855C,236
FUN_00488560,0x00488560,0x00488654,244
FUN_00488658,0x00488658,0x004886F0,152
FUN_004886f0,0x004886F0,0x00488D58,1628
FUN_00488d58,0x00488D58,0x00489328,1484
FUN_00489328,0x00489328,0x00489868,1332
FUN_00489868,0x00489868,0x004898DC,36
FUN_004898dc,0x004898DC,0x004898F0,20
FUN_00489a10,0x00489A10,0x00489A58,72
FUN_00489a58,0x00489A58,0x00489AB4,92
FUN_00489ac8,0x00489AC8,0x00489B1C,84
FUN_00489b20,0x00489B20,0x00489B94,116
FUN_00489bb0,0x00489BB0,0x00489C1C,108
FUN_00489c20,0x00489C20,0x00489C9C,124
FUN_00489ca0,0x00489CA0,0x00489CC4,36
FUN_00489cc8,0x00489CC8,0x00489D44,124
FUN_00489d48,0x00489D48,0x00489DC4,124
FUN_0048a028,0x0048A028,0x0048A110,232
FUN_0048a110,0x0048A110,0x0048A1F8,232
FUN_0048a338,0x0048A338,0x0048A388,80
FUN_0048a388,0x0048A388,0x0048A3EC,100
FUN_0048a3f0,0x0048A3F0,0x0048A440,80
FUN_0048a448,0x0048A448,0x0048A498,80
FUN_0048a510,0x0048A510,0x0048A574,100
FUN_0048a5f0,0x0048A5F0,0x0048A714,292
FUN_0048a718,0x0048A718,0x0048A83C,292
FUN_0048a840,0x0048A840,0x0048A964,292
FUN_0048a968,0x0048A968,0x0048A9BC,84
FUN_0048a9c0,0x0048A9C0,0x0048AA10,80
FUN_0048aa48,0x0048AA48,0x0048AAE0,152
FUN_0048aae0,0x0048AAE0,0x0048AC6C,396
FUN_0048ac70,0x0048AC70,0x0048ADFC,396
FUN_0048ae00,0x0048AE00,0x0048AEA0,160
FUN_0048aea0,0x0048AEA0,0x0048AF54,180
FUN_0048af58,0x0048AF58,0x0048AF60,8
FUN_0048af60,0x0048AF60,0x0048B0BC,348
FUN_0048b0c0,0x0048B0C0,0x0048B110,80
FUN_0048b2f0,0x0048B2F0,0x0048B340,80
FUN_0048b358,0x0048B358,0x0048B38C,52
FUN_0048b390,0x0048B390,0x0048B3E0,80
FUN_0048b3e0,0x0048B3E0,0x0048B414,52
FUN_0048b4b8,0x0048B4B8,0x0048B600,328
FUN_0048b618,0x0048B618,0x0048B668,80
FUN_0048b8c0,0x0048B8C0,0x0048BAB4,500
FUN_0048bab8,0x0048BAB8,0x0048BC34,380
FUN_0048bc38,0x0048BC38,0x0048BEBC,644
FUN_0048bec0,0x0048BEC0,0x0048C0B4,500
FUN_0048c0c0,0x0048C0C0,0x0048C0DC,28
FUN_0048c0e0,0x0048C0E0,0x0048C0FC,28
FUN_0048c100,0x0048C100,0x0048C11C,28
FUN_0048c148,0x0048C148,0x0048C284,316
FUN_0048c288,0x0048C288,0x0048C358,208
FUN_0048c358,0x0048C358,0x0048C3D8,128
FUN_0048c3d8,0x0048C3D8,0x0048C478,160
FUN_0048c4a8,0x0048C4A8,0x0048C4F8,80
FUN_0048c588,0x0048C588,0x0048C5CC,68
FUN_0048c5d0,0x0048C5D0,0x0048C5DC,12
FUN_0048c6c8,0x0048C6C8,0x0048C72C,100
FUN_0048c730,0x0048C730,0x0048C794,100
FUN_0048c7a8,0x0048C7A8,0x0048C898,240
FUN_0048c898,0x0048C898,0x0048C92C,148
FUN_0048c938,0x0048C938,0x0048C9CC,148
FUN_0048c9d0,0x0048C9D0,0x0048CA7C,172
FUN_0048caa0,0x0048CAA0,0x0048CD5C,700
FUN_0048cd60,0x0048CD60,0x0048CDB0,80
FUN_0048cf80,0x0048CF80,0x0048CFB0,48
FUN_0048cfb0,0x0048CFB0,0x0048D000,80
FUN_0048d000,0x0048D000,0x0048D064,100
FUN_0048d068,0x0048D068,0x0048D0B8,80
FUN_0048d0b8,0x0048D0B8,0x0048D110,88
FUN_0048d110,0x0048D110,0x0048D1F8,232
FUN_0048d1f8,0x0048D1F8,0x0048D28C,148
FUN_0048d298,0x0048D298,0x0048D2E8,80
FUN_0048d2e8,0x0048D2E8,0x0048D338,80
FUN_0048d338,0x0048D338,0x0048D390,88
FUN_0048d390,0x0048D390,0x0048D478,232
FUN_0048d478,0x0048D478,0x0048D5F4,380
FUN_0048d5f8,0x0048D5F8,0x0048D6B0,184
FUN_0048d6b8,0x0048D6B8,0x0048D6D4,28
FUN_0048d6d8,0x0048D6D8,0x0048D73C,100
FUN_0048d740,0x0048D740,0x0048D790,80
FUN_0048d790,0x0048D790,0x0048D7E8,88
FUN_0048d7e8,0x0048D7E8,0x0048D8D0,232
FUN_0048d8d0,0x0048D8D0,0x0048D920,80
FUN_0048d920,0x0048D920,0x0048D978,88
FUN_0048d978,0x0048D978,0x0048DA60,232
FUN_0048da60,0x0048DA60,0x0048DAF4,148
FUN_0048db00,0x0048DB00,0x0048DBB8,184
FUN_0048dbb8,0x0048DBB8,0x0048DC70,184
FUN_0048dc70,0x0048DC70,0x0048DCD4,100
FUN_0048dcd8,0x0048DCD8,0x0048DD28,80
FUN_0048dd28,0x0048DD28,0x0048DD80,88
FUN_0048dd80,0x0048DD80,0x0048DE68,232
FUN_0048de68,0x0048DE68,0x0048DEFC,148
FUN_0048df08,0x0048DF08,0x0048DF58,80
FUN_0048df58,0x0048DF58,0x0048DFB0,88
FUN_0048dfb0,0x0048DFB0,0x0048E098,232
FUN_0048e098,0x0048E098,0x0048E0E8,80
FUN_0048ea50,0x0048EA50,0x0048EAA0,80
FUN_0048eaa8,0x0048EAA8,0x0048F64C,2980
FUN_0048f650,0x0048F650,0x0048F6B4,100
FUN_0048f6b8,0x0048F6B8,0x0048F708,80
FUN_0048f708,0x0048F708,0x0048F760,88
FUN_0048f760,0x0048F760,0x0048F848,232
FUN_0048f848,0x0048F848,0x0048F898,80
FUN_0048f898,0x0048F898,0x0048F8F0,88
FUN_0048f8f0,0x0048F8F0,0x0048F984,148
FUN_0048f988,0x0048F988,0x0048FAB0,296
FUN_0048fab0,0x0048FAB0,0x0048FB68,184
FUN_0048fb68,0x0048FB68,0x0048FBCC,100
FUN_0048fbd0,0x0048FBD0,0x0048FC40,112
FUN_0048fc40,0x0048FC40,0x0048FCB8,120
FUN_0048fcb8,0x0048FCB8,0x0048FD08,80
FUN_0048fd08,0x0048FD08,0x0048FD60,88
FUN_0048fd60,0x0048FD60,0x0048FE48,232
FUN_0048fe48,0x0048FE48,0x0048FEDC,148
FUN_0048fee8,0x0048FEE8,0x004900B4,460
FUN_004900b8,0x004900B8,0x00490210,344
FUN_00490210,0x00490210,0x00490260,80
FUN_00490260,0x00490260,0x004902C4,100
FUN_004902c8,0x004902C8,0x0049034C,132
FUN_00490350,0x00490350,0x004903DC,140
FUN_004903e0,0x004903E0,0x004904A4,196
FUN_004904b0,0x004904B0,0x00490500,80
FUN_00490500,0x00490500,0x004905D8,216
FUN_004905d8,0x004905D8,0x004906B8,224
FUN_004906b8,0x004906B8,0x004907E8,304
FUN_004907e8,0x004907E8,0x004908A0,184
FUN_004908a0,0x004908A0,0x00490904,100
FUN_00490908,0x00490908,0x0049097C,116
FUN_00490980,0x00490980,0x004909FC,124
FUN_00490a00,0x00490A00,0x00490A50,80
FUN_00490a50,0x00490A50,0x00490AA8,88
FUN_00490aa8,0x00490AA8,0x00490B90,232
FUN_00490b90,0x00490B90,0x00490C24,148
FUN_00490c30,0x00490C30,0x00490C80,80
FUN_00490c80,0x00490C80,0x00491004,900
FUN_00491008,0x00491008,0x00491204,508
FUN_00491208,0x00491208,0x00491858,1616
FUN_00491858,0x00491858,0x00491868,16
FUN_00491868,0x00491868,0x0049190C,164
FUN_00491910,0x00491910,0x00491974,100
FUN_00491978,0x00491978,0x00491F54,1500
FUN_00491f58,0x00491F58,0x0049200C,180
FUN_00492010,0x00492010,0x0049205C,76
FUN_00492060,0x00492060,0x004920B4,84
FUN_004920b8,0x004920B8,0x00492194,220
FUN_004921a0,0x004921A0,0x00492244,164
FUN_00492248,0x00492248,0x00492298,80
FUN_00492298,0x00492298,0x004922F0,88
FUN_004922f0,0x004922F0,0x004923D8,232
FUN_004923f8,0x004923F8,0x00492490,152
FUN_00492490,0x00492490,0x004924F4,100
FUN_004924f8,0x004924F8,0x00492548,80
FUN_00492548,0x00492548,0x004925A0,88
FUN_004925a0,0x004925A0,0x00492688,232
FUN_00492688,0x00492688,0x004926D8,80
FUN_004926d8,0x004926D8,0x00492730,88
FUN_00492730,0x00492730,0x00492818,232
FUN_00492818,0x00492818,0x004928AC,148
FUN_004928b8,0x004928B8,0x00492C84,972
FUN_00492c88,0x00492C88,0x00492D20,152
FUN_00492d20,0x00492D20,0x00492D84,100
FUN_00492d88,0x00492D88,0x004930F4,876
FUN_004930f8,0x004930F8,0x00493118,32
FUN_00493118,0x00493118,0x00493170,88
FUN_00493170,0x00493170,0x00493258,232
FUN_00493260,0x00493260,0x00493280,32
FUN_00493280,0x00493280,0x004932D8,88
FUN_004932d8,0x004932D8,0x004933C0,232
FUN_004933c0,0x004933C0,0x00493458,152
FUN_00493458,0x00493458,0x004934BC,100
FUN_004934c0,0x004934C0,0x00493510,80
FUN_00493510,0x00493510,0x00493568,88
FUN_00493568,0x00493568,0x00493650,232
FUN_00493650,0x00493650,0x004936A0,80
FUN_004936a0,0x004936A0,0x004936F8,88
FUN_004936f8,0x004936F8,0x004937E0,232
FUN_004937e0,0x004937E0,0x00493874,148
FUN_00493880,0x00493880,0x004938D0,80
FUN_004938d0,0x004938D0,0x00493C98,968
FUN_00493c98,0x00493C98,0x00493CFC,100
FUN_00493d00,0x00493D00,0x00493D50,80
FUN_00493d50,0x00493D50,0x00493DA8,88
FUN_00493da8,0x00493DA8,0x00493E90,232
FUN_00493e90,0x00493E90,0x00493EE0,80
FUN_00493ee0,0x00493EE0,0x00493F38,88
FUN_00493f38,0x00493F38,0x00493FCC,148
FUN_00493fd0,0x00493FD0,0x00494020,80
FUN_00494020,0x00494020,0x004940B8,152
FUN_004940b8,0x004940B8,0x0049411C,100
FUN_00494120,0x00494120,0x00494170,80
FUN_00494170,0x00494170,0x004941C8,88
FUN_004941c8,0x004941C8,0x004942B0,232
FUN_004942b0,0x004942B0,0x00494344,148
FUN_00494350,0x00494350,0x004943A0,80
FUN_00494418,0x00494418,0x00494468,80
FUN_00494468,0x00494468,0x004944C0,88
FUN_004944c0,0x004944C0,0x004945A8,232
FUN_004945a8,0x004945A8,0x004945F8,80
FUN_004945f8,0x004945F8,0x00494650,88
FUN_00494650,0x00494650,0x004946E4,148
FUN_004946e8,0x004946E8,0x00494738,80
FUN_00494740,0x00494740,0x00494B48,1032
FUN_00494b48,0x00494B48,0x00494BAC,100
FUN_00494bb0,0x00494BB0,0x00494C00,80
FUN_00494c00,0x00494C00,0x00494C58,88
FUN_00494c58,0x00494C58,0x00494D40,232
FUN_00494d40,0x00494D40,0x00494D90,80
FUN_00494d90,0x00494D90,0x00494DE8,88
FUN_00494de8,0x00494DE8,0x00494E7C,148
FUN_00494e80,0x00494E80,0x00494ED0,80
FUN_00494ee0,0x00494EE0,0x00494F30,80
FUN_00494f30,0x00494F30,0x00495074,324
FUN_00495078,0x00495078,0x00495378,768
FUN_00495378,0x00495378,0x004953DC,100
FUN_004953e0,0x004953E0,0x00495430,80
FUN_00495430,0x00495430,0x00495488,88
FUN_00495488,0x00495488,0x00495570,232
FUN_00495570,0x00495570,0x004955C0,80
FUN_004955c0,0x004955C0,0x00495618,88
FUN_00495618,0x00495618,0x004956AC,148
FUN_004956b0,0x004956B0,0x004956E0,48
FUN_004956e0,0x004956E0,0x00495710,48
FUN_00495710,0x00495710,0x00495740,48
FUN_00495930,0x00495930,0x00495B04,468
FUN_00495b08,0x00495B08,0x00495C28,288
FUN_00495c28,0x00495C28,0x00495C78,80
FUN_00495c78,0x00495C78,0x00495CDC,100
FUN_00495ce0,0x00495CE0,0x00495E14,308
FUN_00495e20,0x00495E20,0x00495E70,80
FUN_00495e70,0x00495E70,0x00495EC0,80
FUN_00495ec0,0x00495EC0,0x00495F18,88
FUN_00495f18,0x00495F18,0x00496000,232
FUN_00496000,0x00496000,0x004960FC,252
FUN_00496118,0x00496118,0x004971A0,4228
FUN_004971a0,0x004971A0,0x00497204,100
FUN_00497208,0x00497208,0x00497228,32
FUN_00497250,0x00497250,0x00497338,232
FUN_00497338,0x00497338,0x00497388,80
FUN_00497388,0x00497388,0x004973E0,88
FUN_004973e0,0x004973E0,0x004974C8,232
FUN_004974c8,0x004974C8,0x0049755C,148
FUN_00497568,0x00497568,0x00497664,252
FUN_00497668,0x00497668,0x004976B8,80
FUN_004976b8,0x004976B8,0x0049797C,708
FUN_00497988,0x00497988,0x004979A4,28
FUN_004979a8,0x004979A8,0x004979D8,48
FUN_00497a50,0x00497A50,0x00497AA0,80
FUN_00497c00,0x00497C00,0x00497C58,88
FUN_00497c58,0x00497C58,0x00497C88,48
FUN_00497c88,0x00497C88,0x00497CB8,48
FUN_00497e40,0x00497E40,0x00497E50,16
FUN_00497e60,0x00497E60,0x00497F90,304
FUN_00497f90,0x00497F90,0x00497FEC,92
FUN_00497ff0,0x00497FF0,0x00498010,32
FUN_00498318,0x00498318,0x00498570,600
FUN_00498590,0x00498590,0x004985B0,32
FUN_004985b0,0x004985B0,0x00498648,152
FUN_00498668,0x00498668,0x004986B8,80
FUN_004986b8,0x004986B8,0x0049872C,116
FUN_00498730,0x00498730,0x004987FC,136
FUN_00498800,0x00498800,0x004989B0,336
FUN_004989b0,0x004989B0,0x004989D0,32
FUN_004989d0,0x004989D0,0x00498A94,196
FUN_00498a98,0x00498A98,0x00498AF4,92
FUN_00498af8,0x00498AF8,0x00498B54,92
FUN_00498b58,0x00498B58,0x00498BB4,92
FUN_00498bb8,0x00498BB8,0x00498BD8,32
FUN_00498bd8,0x00498BD8,0x00498C34,92
FUN_00498c38,0x00498C38,0x00498CC0,136
FUN_00498cc0,0x00498CC0,0x00498D48,136
FUN_00498d48,0x00498D48,0x00498DD0,136
FUN_00498dd0,0x00498DD0,0x00498DF0,32
FUN_00498df0,0x00498DF0,0x00498E10,32
FUN_00498e10,0x00498E10,0x00498E30,32
FUN_00498e30,0x00498E30,0x00498E50,32
FUN_00498e50,0x00498E50,0x00498E70,32
FUN_00498e70,0x00498E70,0x00498E90,32
FUN_00498e90,0x00498E90,0x00498EF0,96
FUN_00498ef0,0x00498EF0,0x00498F60,112
FUN_00498f60,0x00498F60,0x00498FFC,156
FUN_00499000,0x00499000,0x00499030,48
FUN_00499030,0x00499030,0x00499060,48
FUN_00499068,0x00499068,0x004990E4,124
FUN_004990e8,0x004990E8,0x0049914C,100
FUN_00499150,0x00499150,0x004992EC,324
FUN_00499310,0x00499310,0x004994C8,368
FUN_004994c8,0x004994C8,0x00499568,160
FUN_00499568,0x00499568,0x00499608,160
FUN_00499608,0x00499608,0x0049966C,100
FUN_00499670,0x00499670,0x00499740,208
FUN_00499740,0x00499740,0x00499840,256
FUN_00499840,0x00499840,0x004998B4,116
FUN_004998b8,0x004998B8,0x00499914,92
FUN_00499918,0x00499918,0x00499968,80
FUN_00499968,0x00499968,0x004999AC,68
FUN_004999b0,0x004999B0,0x00499A00,80
FUN_00499a00,0x00499A00,0x00499A44,68
FUN_00499a88,0x00499A88,0x00499AB0,40
FUN_00499ab0,0x00499AB0,0x00499AD8,40
FUN_00499ad8,0x00499AD8,0x00499AF8,32
FUN_00499af8,0x00499AF8,0x00499B18,32
FUN_00499b18,0x00499B18,0x00499B58,64
FUN_00499b58,0x00499B58,0x00499B78,32
FUN_00499b78,0x00499B78,0x00499BD4,92
FUN_00499bd8,0x00499BD8,0x00499C28,80
FUN_00499c28,0x00499C28,0x00499C6C,68
FUN_00499c70,0x00499C70,0x00499CC0,80
FUN_00499cc0,0x00499CC0,0x00499D04,68
FUN_00499d38,0x00499D38,0x00499D88,80
FUN_00499d88,0x00499D88,0x00499DCC,68
FUN_00499dd0,0x00499DD0,0x00499E20,80
FUN_00499e20,0x00499E20,0x00499E64,68
FUN_00499f10,0x00499F10,0x00499F6C,92
FUN_00499f70,0x00499F70,0x00499F90,32
FUN_00499f90,0x00499F90,0x0049A064,212
FUN_0049a138,0x0049A138,0x0049A194,92
FUN_0049a1c0,0x0049A1C0,0x0049A21C,92
FUN_0049a220,0x0049A220,0x0049A390,368
FUN_0049a390,0x0049A390,0x0049A500,368
FUN_0049a500,0x0049A500,0x0049A634,308
FUN_0049a6e0,0x0049A6E0,0x0049A6FC,28
